frame,idx,score,alpha,step_norm,z_coarse
0,0,5.70564,0.65,step,-3
0,1,7.75796,0.8,step,-2
0,2,10.1744,0.95,step,-1
0,3,10.6878,1.1,step,0
0,4,10.4247,1.25,step,1

frame,idx,score,alpha,step_norm,z_coarse
1,0,5.70778,0.65,step,-3
1,1,7.76119,0.8,step,-2
1,2,10.1755,0.95,step,-1
1,3,10.687,1.1,step,0
1,4,10.4238,1.25,step,1

frame,idx,score,alpha,step_norm,z_coarse
2,0,5.70117,0.65,step,-3
2,1,7.75372,0.8,step,-2
2,2,10.1647,0.95,step,-1
2,3,10.6795,1.1,step,0
2,4,10.4199,1.25,step,1

frame,idx,score,alpha,step_norm,z_coarse
3,0,5.70679,0.65,step,-3
3,1,7.75614,0.8,step,-2
3,2,10.1704,0.95,step,-1
3,3,10.6851,1.1,step,0
3,4,10.425,1.25,step,1

frame,idx,score,alpha,step_norm,z_coarse
4,0,5.70676,0.65,step,-3
4,1,7.76061,0.8,step,-2
4,2,10.178,0.95,step,-1
4,3,10.6852,1.1,step,0
4,4,10.4176,1.25,step,1

frame,idx,score,alpha,step_norm,z_coarse
5,0,5.70514,0.65,step,-3
5,1,7.75762,0.8,step,-2
5,2,10.1719,0.95,step,-1
5,3,10.6856,1.1,step,0
5,4,10.4248,1.25,step,1

frame,idx,score,alpha,step_norm,z_coarse
6,0,5.70077,0.65,step,-3
6,1,7.75127,0.8,step,-2
6,2,10.1685,0.95,step,-1
6,3,10.6862,1.1,step,0
6,4,10.4279,1.25,step,1

frame,idx,score,alpha,step_norm,z_coarse
7,0,5.7048,0.65,step,-3
7,1,7.75891,0.8,step,-2
7,2,10.1706,0.95,step,-1
7,3,10.6818,1.1,step,0
7,4,10.4194,1.25,step,1

frame,idx,score,alpha,step_norm,z_coarse
8,0,5.70047,0.65,step,-3
8,1,7.75221,0.8,step,-2
8,2,10.1646,0.95,step,-1
8,3,10.6818,1.1,step,0
8,4,10.4251,1.25,step,1

frame,idx,score,alpha,step_norm,z_coarse
9,0,5.70457,0.65,step,-3
9,1,7.7604,0.8,step,-2
9,2,10.1759,0.95,step,-1
9,3,10.6862,1.1,step,0
9,4,10.4222,1.25,step,1

frame,idx,score,alpha,step_norm,z_coarse
10,0,5.70479,0.65,step,-3
10,1,7.75902,0.8,step,-2
10,2,10.1747,0.95,step,-1
10,3,10.6857,1.1,step,0
10,4,10.4216,1.25,step,1

frame,idx,score,alpha,step_norm,z_coarse
11,0,5.70135,0.65,step,-3
11,1,7.75026,0.8,step,-2
11,2,10.165,0.95,step,-1
11,3,10.6826,1.1,step,0
11,4,10.4264,1.25,step,1

frame,idx,score,alpha,step_norm,z_coarse
12,0,5.70579,0.65,step,-3
12,1,7.76187,0.8,step,-2
12,2,10.1804,0.95,step,-1
12,3,10.6921,1.1,step,0
12,4,10.4278,1.25,step,1

frame,idx,score,alpha,step_norm,z_coarse
13,0,5.70526,0.65,step,-3
13,1,7.75912,0.8,step,-2
13,2,10.1736,0.95,step,-1
13,3,10.6832,1.1,step,0
13,4,10.4175,1.25,step,1

frame,idx,score,alpha,step_norm,z_coarse
14,0,5.70391,0.65,step,-3
14,1,7.75954,0.8,step,-2
14,2,10.1756,0.95,step,-1
14,3,10.6889,1.1,step,0
14,4,10.4269,1.25,step,1

frame,idx,score,alpha,step_norm,z_coarse
15,0,5.70334,0.65,step,-3
15,1,7.75482,0.8,step,-2
15,2,10.1711,0.95,step,-1
15,3,10.6844,1.1,step,0
15,4,10.4234,1.25,step,1

frame,idx,score,alpha,step_norm,z_coarse
16,0,5.70831,0.65,step,-3
16,1,7.76463,0.8,step,-2
16,2,10.1791,0.95,step,-1
16,3,10.6892,1.1,step,0
16,4,10.425,1.25,step,1

frame,idx,score,alpha,step_norm,z_coarse
17,0,5.70641,0.65,step,-3
17,1,7.7581,0.8,step,-2
17,2,10.1738,0.95,step,-1
17,3,10.6857,1.1,step,0
17,4,10.4234,1.25,step,1

frame,idx,score,alpha,step_norm,z_coarse
18,0,5.70569,0.65,step,-3
18,1,7.75922,0.8,step,-2
18,2,10.1729,0.95,step,-1
18,3,10.6859,1.1,step,0
18,4,10.4237,1.25,step,1

frame,idx,score,alpha,step_norm,z_coarse
19,0,5.70046,0.65,step,-3
19,1,7.75268,0.8,step,-2
19,2,10.1675,0.95,step,-1
19,3,10.6834,1.1,step,0
19,4,10.4247,1.25,step,1

frame,idx,score,alpha,step_norm,z_coarse
20,0,5.6997,0.65,step,-3
20,1,7.74907,0.8,step,-2
20,2,10.1596,0.95,step,-1
20,3,10.6767,1.1,step,0
20,4,10.4205,1.25,step,1

frame,idx,score,alpha,step_norm,z_coarse
21,0,5.70393,0.65,step,-3
21,1,7.75733,0.8,step,-2
21,2,10.1713,0.95,step,-1
21,3,10.6826,1.1,step,0
21,4,10.4209,1.25,step,1

frame,idx,score,alpha,step_norm,z_coarse
22,0,5.69935,0.65,step,-3
22,1,7.75066,0.8,step,-2
22,2,10.1648,0.95,step,-1
22,3,10.6777,1.1,step,0
22,4,10.4177,1.25,step,1

frame,idx,score,alpha,step_norm,z_coarse
23,0,5.70167,0.65,step,-3
23,1,7.75607,0.8,step,-2
23,2,10.1707,0.95,step,-1
23,3,10.6856,1.1,step,0
23,4,10.4259,1.25,step,1

frame,idx,score,alpha,step_norm,z_coarse
24,0,5.70054,0.65,step,-3
24,1,7.75046,0.8,step,-2
24,2,10.1647,0.95,step,-1
24,3,10.6813,1.1,step,0
24,4,10.4245,1.25,step,1

frame,idx,score,alpha,step_norm,z_coarse
25,0,5.70273,0.65,step,-3
25,1,7.75906,0.8,step,-2
25,2,10.174,0.95,step,-1
25,3,10.6859,1.1,step,0
25,4,10.4223,1.25,step,1

frame,idx,score,alpha,step_norm,z_coarse
26,0,5.70061,0.65,step,-3
26,1,7.75467,0.8,step,-2
26,2,10.1693,0.95,step,-1
26,3,10.6802,1.1,step,0
26,4,10.4176,1.25,step,1

frame,idx,score,alpha,step_norm,z_coarse
27,0,5.70128,0.65,step,-3
27,1,7.75735,0.8,step,-2
27,2,10.1709,0.95,step,-1
27,3,10.6821,1.1,step,0
27,4,10.4203,1.25,step,1

frame,idx,score,alpha,step_norm,z_coarse
28,0,5.7063,0.65,step,-3
28,1,7.76003,0.8,step,-2
28,2,10.1729,0.95,step,-1
28,3,10.6863,1.1,step,0
28,4,10.4254,1.25,step,1

frame,idx,score,alpha,step_norm,z_coarse
29,0,5.70484,0.65,step,-3
29,1,7.75703,0.8,step,-2
29,2,10.1727,0.95,step,-1
29,3,10.6858,1.1,step,0
29,4,10.424,1.25,step,1

frame,idx,score,alpha,step_norm,z_coarse
30,0,5.70056,0.65,step,-3
30,1,7.75238,0.8,step,-2
30,2,10.162,0.95,step,-1
30,3,10.678,1.1,step,0
30,4,10.4201,1.25,step,1

frame,idx,score,alpha,step_norm,z_coarse
31,0,5.70397,0.65,step,-3
31,1,7.75869,0.8,step,-2
31,2,10.1744,0.95,step,-1
31,3,10.6847,1.1,step,0
31,4,10.4215,1.25,step,1

frame,idx,score,alpha,step_norm,z_coarse
32,0,5.70391,0.65,step,-3
32,1,7.75547,0.8,step,-2
32,2,10.167,0.95,step,-1
32,3,10.6816,1.1,step,0
32,4,10.4236,1.25,step,1

frame,idx,score,alpha,step_norm,z_coarse
33,0,5.69905,0.65,step,-3
33,1,7.74862,0.8,step,-2
33,2,10.1567,0.95,step,-1
33,3,10.6706,1.1,step,0
33,4,10.4112,1.25,step,1

frame,idx,score,alpha,step_norm,z_coarse
34,0,5.7038,0.65,step,-3
34,1,7.75504,0.8,step,-2
34,2,10.1689,0.95,step,-1
34,3,10.6848,1.1,step,0
34,4,10.4254,1.25,step,1

frame,idx,score,alpha,step_norm,z_coarse
35,0,5.70134,0.65,step,-3
35,1,7.75704,0.8,step,-2
35,2,10.172,0.95,step,-1
35,3,10.6846,1.1,step,0
35,4,10.4222,1.25,step,1

frame,idx,score,alpha,step_norm,z_coarse
36,0,5.69855,0.65,step,-3
36,1,7.75239,0.8,step,-2
36,2,10.1674,0.95,step,-1
36,3,10.6809,1.1,step,0
36,4,10.419,1.25,step,1

frame,idx,score,alpha,step_norm,z_coarse
37,0,5.70329,0.65,step,-3
37,1,7.75601,0.8,step,-2
37,2,10.1683,0.95,step,-1
37,3,10.6823,1.1,step,0
37,4,10.4223,1.25,step,1

frame,idx,score,alpha,step_norm,z_coarse
38,0,5.69771,0.65,step,-3
38,1,7.74772,0.8,step,-2
38,2,10.1619,0.95,step,-1
38,3,10.6809,1.1,step,0
38,4,10.425,1.25,step,1

frame,idx,score,alpha,step_norm,z_coarse
39,0,5.70454,0.65,step,-3
39,1,7.75875,0.8,step,-2
39,2,10.174,0.95,step,-1
39,3,10.683,1.1,step,0
39,4,10.418,1.25,step,1

frame,idx,score,alpha,step_norm,z_coarse
40,0,5.70488,0.65,step,-3
40,1,7.76092,0.8,step,-2
40,2,10.1768,0.95,step,-1
40,3,10.6891,1.1,step,0
40,4,10.4262,1.25,step,1

frame,idx,score,alpha,step_norm,z_coarse
41,0,5.69881,0.65,step,-3
41,1,7.75122,0.8,step,-2
41,2,10.1608,0.95,step,-1
41,3,10.6777,1.1,step,0
41,4,10.422,1.25,step,1

frame,idx,score,alpha,step_norm,z_coarse
42,0,5.70361,0.65,step,-3
42,1,7.75981,0.8,step,-2
42,2,10.1758,0.95,step,-1
42,3,10.6863,1.1,step,0
42,4,10.4236,1.25,step,1

frame,idx,score,alpha,step_norm,z_coarse
43,0,5.70626,0.65,step,-3
43,1,7.76117,0.8,step,-2
43,2,10.1804,0.95,step,-1
43,3,10.6939,1.1,step,0
43,4,10.4305,1.25,step,1

frame,idx,score,alpha,step_norm,z_coarse
44,0,5.70026,0.65,step,-3
44,1,7.7521,0.8,step,-2
44,2,10.1701,0.95,step,-1
44,3,10.6876,1.1,step,0
44,4,10.4285,1.25,step,1

frame,idx,score,alpha,step_norm,z_coarse
45,0,5.704,0.65,step,-3
45,1,7.7544,0.8,step,-2
45,2,10.1679,0.95,step,-1
45,3,10.6836,1.1,step,0
45,4,10.4251,1.25,step,1

frame,idx,score,alpha,step_norm,z_coarse
46,0,5.70414,0.65,step,-3
46,1,7.75805,0.8,step,-2
46,2,10.1732,0.95,step,-1
46,3,10.6841,1.1,step,0
46,4,10.4208,1.25,step,1

frame,idx,score,alpha,step_norm,z_coarse
47,0,5.70386,0.65,step,-3
47,1,7.75699,0.8,step,-2
47,2,10.1721,0.95,step,-1
47,3,10.6846,1.1,step,0
47,4,10.4225,1.25,step,1

frame,idx,score,alpha,step_norm,z_coarse
48,0,5.70168,0.65,step,-3
48,1,7.75227,0.8,step,-2
48,2,10.1645,0.95,step,-1
48,3,10.6783,1.1,step,0
48,4,10.4202,1.25,step,1

frame,idx,score,alpha,step_norm,z_coarse
49,0,5.69982,0.65,step,-3
49,1,7.75046,0.8,step,-2
49,2,10.1594,0.95,step,-1
49,3,10.6745,1.1,step,0
49,4,10.4158,1.25,step,1

frame,idx,score,alpha,step_norm,z_coarse
50,0,5.69795,0.65,step,-3
50,1,7.74753,0.8,step,-2
50,2,10.1603,0.95,step,-1
50,3,10.6791,1.1,step,0
50,4,10.4224,1.25,step,1

frame,idx,score,alpha,step_norm,z_coarse
51,0,5.70325,0.65,step,-3
51,1,7.75522,0.8,step,-2
51,2,10.1676,0.95,step,-1
51,3,10.6843,1.1,step,0
51,4,10.4265,1.25,step,1

frame,idx,score,alpha,step_norm,z_coarse
52,0,5.69975,0.65,step,-3
52,1,7.75185,0.8,step,-2
52,2,10.1682,0.95,step,-1
52,3,10.6817,1.1,step,0
52,4,10.4205,1.25,step,1

frame,idx,score,alpha,step_norm,z_coarse
53,0,5.7048,0.65,step,-3
53,1,7.7556,0.8,step,-2
53,2,10.166,0.95,step,-1
53,3,10.6814,1.1,step,0
53,4,10.4227,1.25,step,1

frame,idx,score,alpha,step_norm,z_coarse
54,0,5.70116,0.65,step,-3
54,1,7.75387,0.8,step,-2
54,2,10.1666,0.95,step,-1
54,3,10.6853,1.1,step,0
54,4,10.4288,1.25,step,1

frame,idx,score,alpha,step_norm,z_coarse
55,0,5.70467,0.65,step,-3
55,1,7.75596,0.8,step,-2
55,2,10.1707,0.95,step,-1
55,3,10.6842,1.1,step,0
55,4,10.4228,1.25,step,1

frame,idx,score,alpha,step_norm,z_coarse
56,0,5.70463,0.65,step,-3
56,1,7.75599,0.8,step,-2
56,2,10.1699,0.95,step,-1
56,3,10.6823,1.1,step,0
56,4,10.4206,1.25,step,1

frame,idx,score,alpha,step_norm,z_coarse
57,0,5.70156,0.65,step,-3
57,1,7.75404,0.8,step,-2
57,2,10.1713,0.95,step,-1
57,3,10.6875,1.1,step,0
57,4,10.4289,1.25,step,1

frame,idx,score,alpha,step_norm,z_coarse
58,0,5.70052,0.65,step,-3
58,1,7.75239,0.8,step,-2
58,2,10.1656,0.95,step,-1
58,3,10.6808,1.1,step,0
58,4,10.4228,1.25,step,1

frame,idx,score,alpha,step_norm,z_coarse
59,0,5.70206,0.65,step,-3
59,1,7.75398,0.8,step,-2
59,2,10.1718,0.95,step,-1
59,3,10.6883,1.1,step,0
59,4,10.4293,1.25,step,1

frame,idx,score,alpha,step_norm,z_coarse
60,0,5.70372,0.65,step,-3
60,1,7.75499,0.8,step,-2
60,2,10.1694,0.95,step,-1
60,3,10.6808,1.1,step,0
60,4,10.418,1.25,step,1

frame,idx,score,alpha,step_norm,z_coarse
61,0,5.70499,0.65,step,-3
61,1,7.75725,0.8,step,-2
61,2,10.1738,0.95,step,-1
61,3,10.6853,1.1,step,0
61,4,10.4226,1.25,step,1

frame,idx,score,alpha,step_norm,z_coarse
62,0,5.70068,0.65,step,-3
62,1,7.75054,0.8,step,-2
62,2,10.1649,0.95,step,-1
62,3,10.6821,1.1,step,0
62,4,10.4231,1.25,step,1

frame,idx,score,alpha,step_norm,z_coarse
63,0,5.70389,0.65,step,-3
63,1,7.75545,0.8,step,-2
63,2,10.1683,0.95,step,-1
63,3,10.6819,1.1,step,0
63,4,10.4222,1.25,step,1

frame,idx,score,alpha,step_norm,z_coarse
64,0,5.70182,0.65,step,-3
64,1,7.75482,0.8,step,-2
64,2,10.1696,0.95,step,-1
64,3,10.6837,1.1,step,0
64,4,10.4232,1.25,step,1

frame,idx,score,alpha,step_norm,z_coarse
65,0,5.70182,0.65,step,-3
65,1,7.75688,0.8,step,-2
65,2,10.1724,0.95,step,-1
65,3,10.6844,1.1,step,0
65,4,10.4225,1.25,step,1

frame,idx,score,alpha,step_norm,z_coarse
66,0,5.70079,0.65,step,-3
66,1,7.75682,0.8,step,-2
66,2,10.1726,0.95,step,-1
66,3,10.686,1.1,step,0
66,4,10.4249,1.25,step,1

frame,idx,score,alpha,step_norm,z_coarse
67,0,5.7027,0.65,step,-3
67,1,7.75555,0.8,step,-2
67,2,10.1737,0.95,step,-1
67,3,10.6879,1.1,step,0
67,4,10.4257,1.25,step,1

frame,idx,score,alpha,step_norm,z_coarse
68,0,5.70339,0.65,step,-3
68,1,7.75477,0.8,step,-2
68,2,10.167,0.95,step,-1
68,3,10.6817,1.1,step,0
68,4,10.4225,1.25,step,1

frame,idx,score,alpha,step_norm,z_coarse
69,0,5.70183,0.65,step,-3
69,1,7.75285,0.8,step,-2
69,2,10.1666,0.95,step,-1
69,3,10.6832,1.1,step,0
69,4,10.4258,1.25,step,1

frame,idx,score,alpha,step_norm,z_coarse
70,0,5.70278,0.65,step,-3
70,1,7.75394,0.8,step,-2
70,2,10.1691,0.95,step,-1
70,3,10.6831,1.1,step,0
70,4,10.4232,1.25,step,1

frame,idx,score,alpha,step_norm,z_coarse
71,0,5.70234,0.65,step,-3
71,1,7.75517,0.8,step,-2
71,2,10.1685,0.95,step,-1
71,3,10.68,1.1,step,0
71,4,10.4194,1.25,step,1

frame,idx,score,alpha,step_norm,z_coarse
72,0,5.7001,0.65,step,-3
72,1,7.75007,0.8,step,-2
72,2,10.1645,0.95,step,-1
72,3,10.68,1.1,step,0
72,4,10.4217,1.25,step,1

frame,idx,score,alpha,step_norm,z_coarse
73,0,5.70223,0.65,step,-3
73,1,7.75161,0.8,step,-2
73,2,10.1653,0.95,step,-1
73,3,10.6807,1.1,step,0
73,4,10.4213,1.25,step,1

frame,idx,score,alpha,step_norm,z_coarse
74,0,5.70263,0.65,step,-3
74,1,7.75586,0.8,step,-2
74,2,10.1668,0.95,step,-1
74,3,10.6806,1.1,step,0
74,4,10.4204,1.25,step,1

frame,idx,score,alpha,step_norm,z_coarse
75,0,5.70436,0.65,step,-3
75,1,7.75689,0.8,step,-2
75,2,10.1762,0.95,step,-1
75,3,10.6886,1.1,step,0
75,4,10.424,1.25,step,1

frame,idx,score,alpha,step_norm,z_coarse
76,0,5.70267,0.65,step,-3
76,1,7.75405,0.8,step,-2
76,2,10.1685,0.95,step,-1
76,3,10.6812,1.1,step,0
76,4,10.4199,1.25,step,1

frame,idx,score,alpha,step_norm,z_coarse
77,0,5.70351,0.65,step,-3
77,1,7.75633,0.8,step,-2
77,2,10.1664,0.95,step,-1
77,3,10.6799,1.1,step,0
77,4,10.4214,1.25,step,1

frame,idx,score,alpha,step_norm,z_coarse
78,0,5.70403,0.65,step,-3
78,1,7.759,0.8,step,-2
78,2,10.172,0.95,step,-1
78,3,10.6836,1.1,step,0
78,4,10.4212,1.25,step,1

frame,idx,score,alpha,step_norm,z_coarse
79,0,5.70785,0.65,step,-3
79,1,7.76146,0.8,step,-2
79,2,10.1769,0.95,step,-1
79,3,10.6875,1.1,step,0
79,4,10.4241,1.25,step,1

frame,idx,score,alpha,step_norm,z_coarse
80,0,5.6977,0.65,step,-3
80,1,7.74712,0.8,step,-2
80,2,10.1578,0.95,step,-1
80,3,10.6739,1.1,step,0
80,4,10.4164,1.25,step,1

frame,idx,score,alpha,step_norm,z_coarse
81,0,5.69882,0.65,step,-3
81,1,7.74724,0.8,step,-2
81,2,10.1582,0.95,step,-1
81,3,10.677,1.1,step,0
81,4,10.4215,1.25,step,1

frame,idx,score,alpha,step_norm,z_coarse
82,0,5.70223,0.65,step,-3
82,1,7.75437,0.8,step,-2
82,2,10.1693,0.95,step,-1
82,3,10.6833,1.1,step,0
82,4,10.4222,1.25,step,1

frame,idx,score,alpha,step_norm,z_coarse
83,0,5.70135,0.65,step,-3
83,1,7.75576,0.8,step,-2
83,2,10.1717,0.95,step,-1
83,3,10.6828,1.1,step,0
83,4,10.4179,1.25,step,1

frame,idx,score,alpha,step_norm,z_coarse
84,0,5.69889,0.65,step,-3
84,1,7.74976,0.8,step,-2
84,2,10.1611,0.95,step,-1
84,3,10.677,1.1,step,0
84,4,10.4186,1.25,step,1

frame,idx,score,alpha,step_norm,z_coarse
85,0,5.70276,0.65,step,-3
85,1,7.75683,0.8,step,-2
85,2,10.1716,0.95,step,-1
85,3,10.6847,1.1,step,0
85,4,10.4227,1.25,step,1

frame,idx,score,alpha,step_norm,z_coarse
86,0,5.7051,0.65,step,-3
86,1,7.75816,0.8,step,-2
86,2,10.1735,0.95,step,-1
86,3,10.6856,1.1,step,0
86,4,10.4237,1.25,step,1

frame,idx,score,alpha,step_norm,z_coarse
87,0,5.70204,0.65,step,-3
87,1,7.75309,0.8,step,-2
87,2,10.1664,0.95,step,-1
87,3,10.6827,1.1,step,0
87,4,10.425,1.25,step,1

frame,idx,score,alpha,step_norm,z_coarse
88,0,5.6979,0.65,step,-3
88,1,7.74817,0.8,step,-2
88,2,10.1604,0.95,step,-1
88,3,10.6776,1.1,step,0
88,4,10.4201,1.25,step,1

frame,idx,score,alpha,step_norm,z_coarse
89,0,5.70414,0.65,step,-3
89,1,7.75801,0.8,step,-2
89,2,10.1727,0.95,step,-1
89,3,10.6846,1.1,step,0
89,4,10.4236,1.25,step,1

frame,idx,score,alpha,step_norm,z_coarse
90,0,5.70423,0.65,step,-3
90,1,7.75415,0.8,step,-2
90,2,10.1686,0.95,step,-1
90,3,10.6822,1.1,step,0
90,4,10.4206,1.25,step,1

frame,idx,score,alpha,step_norm,z_coarse
91,0,5.70336,0.65,step,-3
91,1,7.75731,0.8,step,-2
91,2,10.1746,0.95,step,-1
91,3,10.6897,1.1,step,0
91,4,10.4291,1.25,step,1

frame,idx,score,alpha,step_norm,z_coarse
92,0,5.70263,0.65,step,-3
92,1,7.75292,0.8,step,-2
92,2,10.166,0.95,step,-1
92,3,10.6815,1.1,step,0
92,4,10.4229,1.25,step,1

frame,idx,score,alpha,step_norm,z_coarse
93,0,5.69949,0.65,step,-3
93,1,7.74953,0.8,step,-2
93,2,10.1611,0.95,step,-1
93,3,10.6775,1.1,step,0
93,4,10.4214,1.25,step,1

frame,idx,score,alpha,step_norm,z_coarse
94,0,5.70367,0.65,step,-3
94,1,7.7555,0.8,step,-2
94,2,10.1675,0.95,step,-1
94,3,10.6799,1.1,step,0
94,4,10.4199,1.25,step,1

frame,idx,score,alpha,step_norm,z_coarse
95,0,5.7015,0.65,step,-3
95,1,7.75176,0.8,step,-2
95,2,10.1688,0.95,step,-1
95,3,10.6852,1.1,step,0
95,4,10.4256,1.25,step,1

frame,idx,score,alpha,step_norm,z_coarse
96,0,5.69997,0.65,step,-3
96,1,7.75103,0.8,step,-2
96,2,10.1649,0.95,step,-1
96,3,10.6826,1.1,step,0
96,4,10.4254,1.25,step,1

frame,idx,score,alpha,step_norm,z_coarse
97,0,5.70333,0.65,step,-3
97,1,7.75661,0.8,step,-2
97,2,10.1704,0.95,step,-1
97,3,10.6844,1.1,step,0
97,4,10.4235,1.25,step,1

frame,idx,score,alpha,step_norm,z_coarse
98,0,5.70378,0.65,step,-3
98,1,7.75592,0.8,step,-2
98,2,10.1708,0.95,step,-1
98,3,10.6844,1.1,step,0
98,4,10.4244,1.25,step,1

frame,idx,score,alpha,step_norm,z_coarse
99,0,5.70242,0.65,step,-3
99,1,7.75538,0.8,step,-2
99,2,10.1708,0.95,step,-1
99,3,10.6857,1.1,step,0
99,4,10.4248,1.25,step,1

frame,idx,score,alpha,step_norm,z_coarse
100,0,5.70275,0.65,step,-3
100,1,7.75458,0.8,step,-2
100,2,10.1673,0.95,step,-1
100,3,10.6827,1.1,step,0
100,4,10.4226,1.25,step,1

frame,idx,score,alpha,step_norm,z_coarse
101,0,5.70447,0.65,step,-3
101,1,7.75624,0.8,step,-2
101,2,10.17,0.95,step,-1
101,3,10.6824,1.1,step,0
101,4,10.4196,1.25,step,1

frame,idx,score,alpha,step_norm,z_coarse
102,0,5.70323,0.65,step,-3
102,1,7.75526,0.8,step,-2
102,2,10.1714,0.95,step,-1
102,3,10.688,1.1,step,0
102,4,10.4292,1.25,step,1

frame,idx,score,alpha,step_norm,z_coarse
103,0,5.70291,0.65,step,-3
103,1,7.75231,0.8,step,-2
103,2,10.166,0.95,step,-1
103,3,10.6819,1.1,step,0
103,4,10.4241,1.25,step,1

frame,idx,score,alpha,step_norm,z_coarse
104,0,5.7015,0.65,step,-3
104,1,7.75296,0.8,step,-2
104,2,10.1672,0.95,step,-1
104,3,10.6835,1.1,step,0
104,4,10.4253,1.25,step,1

frame,idx,score,alpha,step_norm,z_coarse
105,0,5.70532,0.65,step,-3
105,1,7.75819,0.8,step,-2
105,2,10.1729,0.95,step,-1
105,3,10.6859,1.1,step,0
105,4,10.4245,1.25,step,1

frame,idx,score,alpha,step_norm,z_coarse
106,0,5.70203,0.65,step,-3
106,1,7.75424,0.8,step,-2
106,2,10.167,0.95,step,-1
106,3,10.6819,1.1,step,0
106,4,10.4235,1.25,step,1

frame,idx,score,alpha,step_norm,z_coarse
107,0,5.70136,0.65,step,-3
107,1,7.75092,0.8,step,-2
107,2,10.1636,0.95,step,-1
107,3,10.6803,1.1,step,0
107,4,10.4226,1.25,step,1

frame,idx,score,alpha,step_norm,z_coarse
108,0,5.69865,0.65,step,-3
108,1,7.75132,0.8,step,-2
108,2,10.1646,0.95,step,-1
108,3,10.6799,1.1,step,0
108,4,10.422,1.25,step,1

frame,idx,score,alpha,step_norm,z_coarse
109,0,5.70456,0.65,step,-3
109,1,7.75478,0.8,step,-2
109,2,10.169,0.95,step,-1
109,3,10.6832,1.1,step,0
109,4,10.4228,1.25,step,1

frame,idx,score,alpha,step_norm,z_coarse
110,0,5.70105,0.65,step,-3
110,1,7.75032,0.8,step,-2
110,2,10.1607,0.95,step,-1
110,3,10.6763,1.1,step,0
110,4,10.4193,1.25,step,1

frame,idx,score,alpha,step_norm,z_coarse
111,0,5.69969,0.65,step,-3
111,1,7.75294,0.8,step,-2
111,2,10.169,0.95,step,-1
111,3,10.6859,1.1,step,0
111,4,10.4274,1.25,step,1

frame,idx,score,alpha,step_norm,z_coarse
112,0,5.70097,0.65,step,-3
112,1,7.75145,0.8,step,-2
112,2,10.166,0.95,step,-1
112,3,10.6811,1.1,step,0
112,4,10.4206,1.25,step,1

frame,idx,score,alpha,step_norm,z_coarse
113,0,5.70657,0.65,step,-3
113,1,7.75938,0.8,step,-2
113,2,10.1702,0.95,step,-1
113,3,10.6826,1.1,step,0
113,4,10.4229,1.25,step,1

frame,idx,score,alpha,step_norm,z_coarse
114,0,5.70011,0.65,step,-3
114,1,7.74984,0.8,step,-2
114,2,10.1599,0.95,step,-1
114,3,10.6763,1.1,step,0
114,4,10.4211,1.25,step,1

frame,idx,score,alpha,step_norm,z_coarse
115,0,5.70037,0.65,step,-3
115,1,7.75098,0.8,step,-2
115,2,10.1639,0.95,step,-1
115,3,10.6832,1.1,step,0
115,4,10.428,1.25,step,1

frame,idx,score,alpha,step_norm,z_coarse
116,0,5.70083,0.65,step,-3
116,1,7.75402,0.8,step,-2
116,2,10.1677,0.95,step,-1
116,3,10.6802,1.1,step,0
116,4,10.4188,1.25,step,1

frame,idx,score,alpha,step_norm,z_coarse
117,0,5.69973,0.65,step,-3
117,1,7.75019,0.8,step,-2
117,2,10.1664,0.95,step,-1
117,3,10.681,1.1,step,0
117,4,10.419,1.25,step,1

frame,idx,score,alpha,step_norm,z_coarse
118,0,5.70944,0.65,step,-3
118,1,7.76167,0.8,step,-2
118,2,10.178,0.95,step,-1
118,3,10.6909,1.1,step,0
118,4,10.4284,1.25,step,1

frame,idx,score,alpha,step_norm,z_coarse
119,0,5.70022,0.65,step,-3
119,1,7.74956,0.8,step,-2
119,2,10.1627,0.95,step,-1
119,3,10.6782,1.1,step,0
119,4,10.4191,1.25,step,1

frame,idx,score,alpha,step_norm,z_coarse
120,0,5.70288,0.65,step,-3
120,1,7.75552,0.8,step,-2
120,2,10.1716,0.95,step,-1
120,3,10.6881,1.1,step,0
120,4,10.4287,1.25,step,1

frame,idx,score,alpha,step_norm,z_coarse
121,0,5.70139,0.65,step,-3
121,1,7.75419,0.8,step,-2
121,2,10.1655,0.95,step,-1
121,3,10.6794,1.1,step,0
121,4,10.4197,1.25,step,1

frame,idx,score,alpha,step_norm,z_coarse
122,0,5.70579,0.65,step,-3
122,1,7.75949,0.8,step,-2
122,2,10.1778,0.95,step,-1
122,3,10.6903,1.1,step,0
122,4,10.427,1.25,step,1

frame,idx,score,alpha,step_norm,z_coarse
123,0,5.70334,0.65,step,-3
123,1,7.75335,0.8,step,-2
123,2,10.1666,0.95,step,-1
123,3,10.6804,1.1,step,0
123,4,10.4217,1.25,step,1

frame,idx,score,alpha,step_norm,z_coarse
124,0,5.70496,0.65,step,-3
124,1,7.75569,0.8,step,-2
124,2,10.1677,0.95,step,-1
124,3,10.6835,1.1,step,0
124,4,10.4247,1.25,step,1

frame,idx,score,alpha,step_norm,z_coarse
125,0,5.70575,0.65,step,-3
125,1,7.75935,0.8,step,-2
125,2,10.175,0.95,step,-1
125,3,10.6868,1.1,step,0
125,4,10.4239,1.25,step,1

frame,idx,score,alpha,step_norm,z_coarse
126,0,5.70204,0.65,step,-3
126,1,7.75235,0.8,step,-2
126,2,10.1652,0.95,step,-1
126,3,10.6805,1.1,step,0
126,4,10.4218,1.25,step,1

frame,idx,score,alpha,step_norm,z_coarse
127,0,5.70018,0.65,step,-3
127,1,7.75066,0.8,step,-2
127,2,10.1625,0.95,step,-1
127,3,10.6756,1.1,step,0
127,4,10.4168,1.25,step,1

frame,idx,score,alpha,step_norm,z_coarse
128,0,5.7026,0.65,step,-3
128,1,7.75417,0.8,step,-2
128,2,10.1684,0.95,step,-1
128,3,10.6846,1.1,step,0
128,4,10.4254,1.25,step,1

frame,idx,score,alpha,step_norm,z_coarse
129,0,5.70559,0.65,step,-3
129,1,7.7557,0.8,step,-2
129,2,10.1691,0.95,step,-1
129,3,10.685,1.1,step,0
129,4,10.4258,1.25,step,1

frame,idx,score,alpha,step_norm,z_coarse
130,0,5.70118,0.65,step,-3
130,1,7.7522,0.8,step,-2
130,2,10.1638,0.95,step,-1
130,3,10.6794,1.1,step,0
130,4,10.4226,1.25,step,1

frame,idx,score,alpha,step_norm,z_coarse
131,0,5.70459,0.65,step,-3
131,1,7.75737,0.8,step,-2
131,2,10.1725,0.95,step,-1
131,3,10.6881,1.1,step,0
131,4,10.4285,1.25,step,1

frame,idx,score,alpha,step_norm,z_coarse
132,0,5.69952,0.65,step,-3
132,1,7.74929,0.8,step,-2
132,2,10.1613,0.95,step,-1
132,3,10.6773,1.1,step,0
132,4,10.4204,1.25,step,1

frame,idx,score,alpha,step_norm,z_coarse
133,0,5.70084,0.65,step,-3
133,1,7.75144,0.8,step,-2
133,2,10.1626,0.95,step,-1
133,3,10.6771,1.1,step,0
133,4,10.4186,1.25,step,1

frame,idx,score,alpha,step_norm,z_coarse
134,0,5.70331,0.65,step,-3
134,1,7.75539,0.8,step,-2
134,2,10.1656,0.95,step,-1
134,3,10.6791,1.1,step,0
134,4,10.4186,1.25,step,1

frame,idx,score,alpha,step_norm,z_coarse
135,0,5.70098,0.65,step,-3
135,1,7.74937,0.8,step,-2
135,2,10.1619,0.95,step,-1
135,3,10.6776,1.1,step,0
135,4,10.4179,1.25,step,1

frame,idx,score,alpha,step_norm,z_coarse
136,0,5.70314,0.65,step,-3
136,1,7.75484,0.8,step,-2
136,2,10.1688,0.95,step,-1
136,3,10.6862,1.1,step,0
136,4,10.4273,1.25,step,1

frame,idx,score,alpha,step_norm,z_coarse
137,0,5.70121,0.65,step,-3
137,1,7.75258,0.8,step,-2
137,2,10.1656,0.95,step,-1
137,3,10.6805,1.1,step,0
137,4,10.4211,1.25,step,1

frame,idx,score,alpha,step_norm,z_coarse
138,0,5.70654,0.65,step,-3
138,1,7.76013,0.8,step,-2
138,2,10.1759,0.95,step,-1
138,3,10.6901,1.1,step,0
138,4,10.4273,1.25,step,1

frame,idx,score,alpha,step_norm,z_coarse
139,0,5.70275,0.65,step,-3
139,1,7.75544,0.8,step,-2
139,2,10.1709,0.95,step,-1
139,3,10.6873,1.1,step,0
139,4,10.4281,1.25,step,1

frame,idx,score,alpha,step_norm,z_coarse
140,0,5.70254,0.65,step,-3
140,1,7.75345,0.8,step,-2
140,2,10.1649,0.95,step,-1
140,3,10.6795,1.1,step,0
140,4,10.421,1.25,step,1

frame,idx,score,alpha,step_norm,z_coarse
141,0,5.69823,0.65,step,-3
141,1,7.74749,0.8,step,-2
141,2,10.1603,0.95,step,-1
141,3,10.6751,1.1,step,0
141,4,10.4168,1.25,step,1

frame,idx,score,alpha,step_norm,z_coarse
142,0,5.70631,0.65,step,-3
142,1,7.75992,0.8,step,-2
142,2,10.1762,0.95,step,-1
142,3,10.6896,1.1,step,0
142,4,10.4287,1.25,step,1

frame,idx,score,alpha,step_norm,z_coarse
143,0,5.70333,0.65,step,-3
143,1,7.7577,0.8,step,-2
143,2,10.1762,0.95,step,-1
143,3,10.6906,1.1,step,0
143,4,10.4282,1.25,step,1

frame,idx,score,alpha,step_norm,z_coarse
144,0,5.69993,0.65,step,-3
144,1,7.749,0.8,step,-2
144,2,10.1609,0.95,step,-1
144,3,10.6803,1.1,step,0
144,4,10.426,1.25,step,1

frame,idx,score,alpha,step_norm,z_coarse
145,0,5.70041,0.65,step,-3
145,1,7.75033,0.8,step,-2
145,2,10.1637,0.95,step,-1
145,3,10.6809,1.1,step,0
145,4,10.4239,1.25,step,1

frame,idx,score,alpha,step_norm,z_coarse
146,0,5.70555,0.65,step,-3
146,1,7.75992,0.8,step,-2
146,2,10.1719,0.95,step,-1
146,3,10.6829,1.1,step,0
146,4,10.4212,1.25,step,1

frame,idx,score,alpha,step_norm,z_coarse
147,0,5.70756,0.65,step,-3
147,1,7.76012,0.8,step,-2
147,2,10.1761,0.95,step,-1
147,3,10.6888,1.1,step,0
147,4,10.4257,1.25,step,1

frame,idx,score,alpha,step_norm,z_coarse
148,0,5.70349,0.65,step,-3
148,1,7.75397,0.8,step,-2
148,2,10.1667,0.95,step,-1
148,3,10.6816,1.1,step,0
148,4,10.4219,1.25,step,1

frame,idx,score,alpha,step_norm,z_coarse
149,0,5.70028,0.65,step,-3
149,1,7.74873,0.8,step,-2
149,2,10.1614,0.95,step,-1
149,3,10.679,1.1,step,0
149,4,10.4214,1.25,step,1

frame,idx,score,alpha,step_norm,z_coarse
150,0,5.70038,0.65,step,-3
150,1,7.74911,0.8,step,-2
150,2,10.1625,0.95,step,-1
150,3,10.6777,1.1,step,0
150,4,10.4192,1.25,step,1

frame,idx,score,alpha,step_norm,z_coarse
151,0,5.70713,0.65,step,-3
151,1,7.76085,0.8,step,-2
151,2,10.1768,0.95,step,-1
151,3,10.6861,1.1,step,0
151,4,10.4195,1.25,step,1

frame,idx,score,alpha,step_norm,z_coarse
152,0,5.70752,0.65,step,-3
152,1,7.76173,0.8,step,-2
152,2,10.1791,0.95,step,-1
152,3,10.6893,1.1,step,0
152,4,10.4238,1.25,step,1

frame,idx,score,alpha,step_norm,z_coarse
153,0,5.70078,0.65,step,-3
153,1,7.75112,0.8,step,-2
153,2,10.165,0.95,step,-1
153,3,10.68,1.1,step,0
153,4,10.4211,1.25,step,1

frame,idx,score,alpha,step_norm,z_coarse
154,0,5.70253,0.65,step,-3
154,1,7.7508,0.8,step,-2
154,2,10.1618,0.95,step,-1
154,3,10.6805,1.1,step,0
154,4,10.4246,1.25,step,1

frame,idx,score,alpha,step_norm,z_coarse
155,0,5.70082,0.65,step,-3
155,1,7.75302,0.8,step,-2
155,2,10.167,0.95,step,-1
155,3,10.6822,1.1,step,0
155,4,10.4222,1.25,step,1

frame,idx,score,alpha,step_norm,z_coarse
156,0,5.70436,0.65,step,-3
156,1,7.75652,0.8,step,-2
156,2,10.1735,0.95,step,-1
156,3,10.6881,1.1,step,0
156,4,10.4267,1.25,step,1

frame,idx,score,alpha,step_norm,z_coarse
157,0,5.69868,0.65,step,-3
157,1,7.74984,0.8,step,-2
157,2,10.167,0.95,step,-1
157,3,10.6826,1.1,step,0
157,4,10.4231,1.25,step,1

frame,idx,score,alpha,step_norm,z_coarse
158,0,5.70094,0.65,step,-3
158,1,7.75171,0.8,step,-2
158,2,10.1635,0.95,step,-1
158,3,10.6812,1.1,step,0
158,4,10.4253,1.25,step,1

frame,idx,score,alpha,step_norm,z_coarse
159,0,5.6986,0.65,step,-3
159,1,7.74869,0.8,step,-2
159,2,10.1632,0.95,step,-1
159,3,10.6811,1.1,step,0
159,4,10.4227,1.25,step,1

frame,idx,score,alpha,step_norm,z_coarse
160,0,5.70155,0.65,step,-3
160,1,7.75212,0.8,step,-2
160,2,10.1673,0.95,step,-1
160,3,10.6825,1.1,step,0
160,4,10.4222,1.25,step,1

frame,idx,score,alpha,step_norm,z_coarse
161,0,5.70457,0.65,step,-3
161,1,7.7547,0.8,step,-2
161,2,10.1673,0.95,step,-1
161,3,10.6825,1.1,step,0
161,4,10.422,1.25,step,1

frame,idx,score,alpha,step_norm,z_coarse
162,0,5.70192,0.65,step,-3
162,1,7.75337,0.8,step,-2
162,2,10.1633,0.95,step,-1
162,3,10.6779,1.1,step,0
162,4,10.4185,1.25,step,1

frame,idx,score,alpha,step_norm,z_coarse
163,0,5.69938,0.65,step,-3
163,1,7.74973,0.8,step,-2
163,2,10.1634,0.95,step,-1
163,3,10.6828,1.1,step,0
163,4,10.4271,1.25,step,1

frame,idx,score,alpha,step_norm,z_coarse
164,0,5.69789,0.65,step,-3
164,1,7.74848,0.8,step,-2
164,2,10.1665,0.95,step,-1
164,3,10.6845,1.1,step,0
164,4,10.4263,1.25,step,1

frame,idx,score,alpha,step_norm,z_coarse
165,0,5.70475,0.65,step,-3
165,1,7.75428,0.8,step,-2
165,2,10.1701,0.95,step,-1
165,3,10.6844,1.1,step,0
165,4,10.4241,1.25,step,1

frame,idx,score,alpha,step_norm,z_coarse
166,0,5.70181,0.65,step,-3
166,1,7.75032,0.8,step,-2
166,2,10.1653,0.95,step,-1
166,3,10.6823,1.1,step,0
166,4,10.4247,1.25,step,1

frame,idx,score,alpha,step_norm,z_coarse
167,0,5.70531,0.65,step,-3
167,1,7.75679,0.8,step,-2
167,2,10.1745,0.95,step,-1
167,3,10.6897,1.1,step,0
167,4,10.4284,1.25,step,1

frame,idx,score,alpha,step_norm,z_coarse
168,0,5.70419,0.65,step,-3
168,1,7.75686,0.8,step,-2
168,2,10.1702,0.95,step,-1
168,3,10.6857,1.1,step,0
168,4,10.426,1.25,step,1

frame,idx,score,alpha,step_norm,z_coarse
169,0,5.7032,0.65,step,-3
169,1,7.7559,0.8,step,-2
169,2,10.1743,0.95,step,-1
169,3,10.6891,1.1,step,0
169,4,10.4284,1.25,step,1

frame,idx,score,alpha,step_norm,z_coarse
170,0,5.70095,0.65,step,-3
170,1,7.75319,0.8,step,-2
170,2,10.1679,0.95,step,-1
170,3,10.6841,1.1,step,0
170,4,10.4254,1.25,step,1

frame,idx,score,alpha,step_norm,z_coarse
171,0,5.70171,0.65,step,-3
171,1,7.74961,0.8,step,-2
171,2,10.1625,0.95,step,-1
171,3,10.6827,1.1,step,0
171,4,10.4292,1.25,step,1

frame,idx,score,alpha,step_norm,z_coarse
172,0,5.70176,0.65,step,-3
172,1,7.75045,0.8,step,-2
172,2,10.1617,0.95,step,-1
172,3,10.6758,1.1,step,0
172,4,10.4166,1.25,step,1

frame,idx,score,alpha,step_norm,z_coarse
173,0,5.70548,0.65,step,-3
173,1,7.75684,0.8,step,-2
173,2,10.1707,0.95,step,-1
173,3,10.6844,1.1,step,0
173,4,10.4251,1.25,step,1

frame,idx,score,alpha,step_norm,z_coarse
174,0,5.70126,0.65,step,-3
174,1,7.75202,0.8,step,-2
174,2,10.164,0.95,step,-1
174,3,10.6808,1.1,step,0
174,4,10.4244,1.25,step,1

frame,idx,score,alpha,step_norm,z_coarse
175,0,5.7025,0.65,step,-3
175,1,7.75486,0.8,step,-2
175,2,10.168,0.95,step,-1
175,3,10.6823,1.1,step,0
175,4,10.4227,1.25,step,1

frame,idx,score,alpha,step_norm,z_coarse
176,0,5.7044,0.65,step,-3
176,1,7.7581,0.8,step,-2
176,2,10.1732,0.95,step,-1
176,3,10.6877,1.1,step,0
176,4,10.4261,1.25,step,1

frame,idx,score,alpha,step_norm,z_coarse
177,0,5.70264,0.65,step,-3
177,1,7.75448,0.8,step,-2
177,2,10.1676,0.95,step,-1
177,3,10.6849,1.1,step,0
177,4,10.4273,1.25,step,1

frame,idx,score,alpha,step_norm,z_coarse
178,0,5.70651,0.65,step,-3
178,1,7.76181,0.8,step,-2
178,2,10.1792,0.95,step,-1
178,3,10.6895,1.1,step,0
178,4,10.4245,1.25,step,1

frame,idx,score,alpha,step_norm,z_coarse
179,0,5.7067,0.65,step,-3
179,1,7.76133,0.8,step,-2
179,2,10.1798,0.95,step,-1
179,3,10.69,1.1,step,0
179,4,10.4245,1.25,step,1

frame,idx,score,alpha,step_norm,z_coarse
180,0,5.70312,0.65,step,-3
180,1,7.75297,0.8,step,-2
180,2,10.164,0.95,step,-1
180,3,10.6809,1.1,step,0
180,4,10.4231,1.25,step,1

frame,idx,score,alpha,step_norm,z_coarse
181,0,5.69907,0.65,step,-3
181,1,7.75234,0.8,step,-2
181,2,10.162,0.95,step,-1
181,3,10.677,1.1,step,0
181,4,10.4205,1.25,step,1

frame,idx,score,alpha,step_norm,z_coarse
182,0,5.70488,0.65,step,-3
182,1,7.75876,0.8,step,-2
182,2,10.1754,0.95,step,-1
182,3,10.6873,1.1,step,0
182,4,10.4238,1.25,step,1

frame,idx,score,alpha,step_norm,z_coarse
183,0,5.7043,0.65,step,-3
183,1,7.75915,0.8,step,-2
183,2,10.1731,0.95,step,-1
183,3,10.6867,1.1,step,0
183,4,10.4255,1.25,step,1

frame,idx,score,alpha,step_norm,z_coarse
184,0,5.70177,0.65,step,-3
184,1,7.75241,0.8,step,-2
184,2,10.1688,0.95,step,-1
184,3,10.6857,1.1,step,0
184,4,10.4265,1.25,step,1

frame,idx,score,alpha,step_norm,z_coarse
185,0,5.70337,0.65,step,-3
185,1,7.75355,0.8,step,-2
185,2,10.1656,0.95,step,-1
185,3,10.683,1.1,step,0
185,4,10.4264,1.25,step,1

frame,idx,score,alpha,step_norm,z_coarse
186,0,5.7007,0.65,step,-3
186,1,7.74924,0.8,step,-2
186,2,10.1589,0.95,step,-1
186,3,10.6774,1.1,step,0
186,4,10.4228,1.25,step,1

frame,idx,score,alpha,step_norm,z_coarse
187,0,5.69739,0.65,step,-3
187,1,7.74707,0.8,step,-2
187,2,10.1614,0.95,step,-1
187,3,10.6789,1.1,step,0
187,4,10.423,1.25,step,1

frame,idx,score,alpha,step_norm,z_coarse
188,0,5.70389,0.65,step,-3
188,1,7.75444,0.8,step,-2
188,2,10.1669,0.95,step,-1
188,3,10.6812,1.1,step,0
188,4,10.4213,1.25,step,1

frame,idx,score,alpha,step_norm,z_coarse
189,0,5.69979,0.65,step,-3
189,1,7.75091,0.8,step,-2
189,2,10.1671,0.95,step,-1
189,3,10.682,1.1,step,0
189,4,10.4202,1.25,step,1

frame,idx,score,alpha,step_norm,z_coarse
190,0,5.69992,0.65,step,-3
190,1,7.74962,0.8,step,-2
190,2,10.1634,0.95,step,-1
190,3,10.6788,1.1,step,0
190,4,10.42,1.25,step,1

frame,idx,score,alpha,step_norm,z_coarse
191,0,5.70081,0.65,step,-3
191,1,7.74978,0.8,step,-2
191,2,10.1648,0.95,step,-1
191,3,10.6865,1.1,step,0
191,4,10.4323,1.25,step,1

frame,idx,score,alpha,step_norm,z_coarse
192,0,5.69978,0.65,step,-3
192,1,7.75265,0.8,step,-2
192,2,10.1666,0.95,step,-1
192,3,10.6854,1.1,step,0
192,4,10.4291,1.25,step,1

frame,idx,score,alpha,step_norm,z_coarse
193,0,5.70159,0.65,step,-3
193,1,7.75413,0.8,step,-2
193,2,10.1697,0.95,step,-1
193,3,10.685,1.1,step,0
193,4,10.4248,1.25,step,1

frame,idx,score,alpha,step_norm,z_coarse
194,0,5.70448,0.65,step,-3
194,1,7.7556,0.8,step,-2
194,2,10.1702,0.95,step,-1
194,3,10.6861,1.1,step,0
194,4,10.4251,1.25,step,1

frame,idx,score,alpha,step_norm,z_coarse
195,0,5.70364,0.65,step,-3
195,1,7.7564,0.8,step,-2
195,2,10.1725,0.95,step,-1
195,3,10.6837,1.1,step,0
195,4,10.4204,1.25,step,1

frame,idx,score,alpha,step_norm,z_coarse
196,0,5.70233,0.65,step,-3
196,1,7.75493,0.8,step,-2
196,2,10.1726,0.95,step,-1
196,3,10.6903,1.1,step,0
196,4,10.4317,1.25,step,1

frame,idx,score,alpha,step_norm,z_coarse
197,0,5.69911,0.65,step,-3
197,1,7.75003,0.8,step,-2
197,2,10.1621,0.95,step,-1
197,3,10.6793,1.1,step,0
197,4,10.4218,1.25,step,1

frame,idx,score,alpha,step_norm,z_coarse
198,0,5.70519,0.65,step,-3
198,1,7.76037,0.8,step,-2
198,2,10.1732,0.95,step,-1
198,3,10.6854,1.1,step,0
198,4,10.4242,1.25,step,1

frame,idx,score,alpha,step_norm,z_coarse
199,0,5.70038,0.65,step,-3
199,1,7.74988,0.8,step,-2
199,2,10.1625,0.95,step,-1
199,3,10.6793,1.1,step,0
199,4,10.4219,1.25,step,1

frame,idx,score,alpha,step_norm,z_coarse
200,0,5.70053,0.65,step,-3
200,1,7.74937,0.8,step,-2
200,2,10.1599,0.95,step,-1
200,3,10.6782,1.1,step,0
200,4,10.4225,1.25,step,1

frame,idx,score,alpha,step_norm,z_coarse
201,0,5.69668,0.65,step,-3
201,1,7.74566,0.8,step,-2
201,2,10.1585,0.95,step,-1
201,3,10.6758,1.1,step,0
201,4,10.4189,1.25,step,1

frame,idx,score,alpha,step_norm,z_coarse
202,0,5.70366,0.65,step,-3
202,1,7.75336,0.8,step,-2
202,2,10.1667,0.95,step,-1
202,3,10.6835,1.1,step,0
202,4,10.4259,1.25,step,1

frame,idx,score,alpha,step_norm,z_coarse
203,0,5.70313,0.65,step,-3
203,1,7.7552,0.8,step,-2
203,2,10.1693,0.95,step,-1
203,3,10.684,1.1,step,0
203,4,10.4247,1.25,step,1

frame,idx,score,alpha,step_norm,z_coarse
204,0,5.70217,0.65,step,-3
204,1,7.75013,0.8,step,-2
204,2,10.1616,0.95,step,-1
204,3,10.6787,1.1,step,0
204,4,10.4209,1.25,step,1

frame,idx,score,alpha,step_norm,z_coarse
205,0,5.69615,0.65,step,-3
205,1,7.74397,0.8,step,-2
205,2,10.1608,0.95,step,-1
205,3,10.6821,1.1,step,0
205,4,10.4262,1.25,step,1

frame,idx,score,alpha,step_norm,z_coarse
206,0,5.70261,0.65,step,-3
206,1,7.75566,0.8,step,-2
206,2,10.1705,0.95,step,-1
206,3,10.6829,1.1,step,0
206,4,10.4216,1.25,step,1

frame,idx,score,alpha,step_norm,z_coarse
207,0,5.70384,0.65,step,-3
207,1,7.75573,0.8,step,-2
207,2,10.168,0.95,step,-1
207,3,10.6793,1.1,step,0
207,4,10.4176,1.25,step,1

frame,idx,score,alpha,step_norm,z_coarse
208,0,5.70265,0.65,step,-3
208,1,7.75558,0.8,step,-2
208,2,10.1687,0.95,step,-1
208,3,10.6812,1.1,step,0
208,4,10.4225,1.25,step,1

frame,idx,score,alpha,step_norm,z_coarse
209,0,5.69806,0.65,step,-3
209,1,7.74723,0.8,step,-2
209,2,10.1581,0.95,step,-1
209,3,10.6756,1.1,step,0
209,4,10.4188,1.25,step,1

frame,idx,score,alpha,step_norm,z_coarse
210,0,5.70616,0.65,step,-3
210,1,7.7564,0.8,step,-2
210,2,10.1694,0.95,step,-1
210,3,10.6801,1.1,step,0
210,4,10.4165,1.25,step,1

frame,idx,score,alpha,step_norm,z_coarse
211,0,5.7015,0.65,step,-3
211,1,7.75535,0.8,step,-2
211,2,10.17,0.95,step,-1
211,3,10.6839,1.1,step,0
211,4,10.4232,1.25,step,1

frame,idx,score,alpha,step_norm,z_coarse
212,0,5.70302,0.65,step,-3
212,1,7.75514,0.8,step,-2
212,2,10.1695,0.95,step,-1
212,3,10.6869,1.1,step,0
212,4,10.4284,1.25,step,1

frame,idx,score,alpha,step_norm,z_coarse
213,0,5.70492,0.65,step,-3
213,1,7.75331,0.8,step,-2
213,2,10.1666,0.95,step,-1
213,3,10.6838,1.1,step,0
213,4,10.4253,1.25,step,1

frame,idx,score,alpha,step_norm,z_coarse
214,0,5.69926,0.65,step,-3
214,1,7.75124,0.8,step,-2
214,2,10.163,0.95,step,-1
214,3,10.6818,1.1,step,0
214,4,10.426,1.25,step,1

frame,idx,score,alpha,step_norm,z_coarse
215,0,5.70362,0.65,step,-3
215,1,7.75617,0.8,step,-2
215,2,10.1706,0.95,step,-1
215,3,10.6853,1.1,step,0
215,4,10.4257,1.25,step,1

frame,idx,score,alpha,step_norm,z_coarse
216,0,5.70253,0.65,step,-3
216,1,7.75285,0.8,step,-2
216,2,10.168,0.95,step,-1
216,3,10.6828,1.1,step,0
216,4,10.4234,1.25,step,1

frame,idx,score,alpha,step_norm,z_coarse
217,0,5.69683,0.65,step,-3
217,1,7.74604,0.8,step,-2
217,2,10.1597,0.95,step,-1
217,3,10.6791,1.1,step,0
217,4,10.424,1.25,step,1

frame,idx,score,alpha,step_norm,z_coarse
218,0,5.70434,0.65,step,-3
218,1,7.75398,0.8,step,-2
218,2,10.1666,0.95,step,-1
218,3,10.6817,1.1,step,0
218,4,10.4226,1.25,step,1

frame,idx,score,alpha,step_norm,z_coarse
219,0,5.70252,0.65,step,-3
219,1,7.75158,0.8,step,-2
219,2,10.1652,0.95,step,-1
219,3,10.6799,1.1,step,0
219,4,10.4191,1.25,step,1

frame,idx,score,alpha,step_norm,z_coarse
220,0,5.69985,0.65,step,-3
220,1,7.75073,0.8,step,-2
220,2,10.1611,0.95,step,-1
220,3,10.6767,1.1,step,0
220,4,10.4192,1.25,step,1

frame,idx,score,alpha,step_norm,z_coarse
221,0,5.70125,0.65,step,-3
221,1,7.75271,0.8,step,-2
221,2,10.1646,0.95,step,-1
221,3,10.6792,1.1,step,0
221,4,10.4208,1.25,step,1

frame,idx,score,alpha,step_norm,z_coarse
222,0,5.70253,0.65,step,-3
222,1,7.75444,0.8,step,-2
222,2,10.1682,0.95,step,-1
222,3,10.6832,1.1,step,0
222,4,10.4253,1.25,step,1

frame,idx,score,alpha,step_norm,z_coarse
223,0,5.69919,0.65,step,-3
223,1,7.75257,0.8,step,-2
223,2,10.1642,0.95,step,-1
223,3,10.677,1.1,step,0
223,4,10.4154,1.25,step,1

frame,idx,score,alpha,step_norm,z_coarse
224,0,5.70147,0.65,step,-3
224,1,7.75371,0.8,step,-2
224,2,10.1665,0.95,step,-1
224,3,10.6824,1.1,step,0
224,4,10.4243,1.25,step,1

frame,idx,score,alpha,step_norm,z_coarse
225,0,5.69595,0.65,step,-3
225,1,7.74478,0.8,step,-2
225,2,10.1584,0.95,step,-1
225,3,10.6766,1.1,step,0
225,4,10.421,1.25,step,1

frame,idx,score,alpha,step_norm,z_coarse
226,0,5.70363,0.65,step,-3
226,1,7.75492,0.8,step,-2
226,2,10.1672,0.95,step,-1
226,3,10.6816,1.1,step,0
226,4,10.4229,1.25,step,1

frame,idx,score,alpha,step_norm,z_coarse
227,0,5.70299,0.65,step,-3
227,1,7.75443,0.8,step,-2
227,2,10.1666,0.95,step,-1
227,3,10.6814,1.1,step,0
227,4,10.4229,1.25,step,1

frame,idx,score,alpha,step_norm,z_coarse
228,0,5.70506,0.65,step,-3
228,1,7.75412,0.8,step,-2
228,2,10.1699,0.95,step,-1
228,3,10.6853,1.1,step,0
228,4,10.4261,1.25,step,1

frame,idx,score,alpha,step_norm,z_coarse
229,0,5.7006,0.65,step,-3
229,1,7.7513,0.8,step,-2
229,2,10.163,0.95,step,-1
229,3,10.6775,1.1,step,0
229,4,10.4193,1.25,step,1

frame,idx,score,alpha,step_norm,z_coarse
230,0,5.69761,0.65,step,-3
230,1,7.74709,0.8,step,-2
230,2,10.1605,0.95,step,-1
230,3,10.6786,1.1,step,0
230,4,10.4222,1.25,step,1

frame,idx,score,alpha,step_norm,z_coarse
231,0,5.69863,0.65,step,-3
231,1,7.74991,0.8,step,-2
231,2,10.1604,0.95,step,-1
231,3,10.6766,1.1,step,0
231,4,10.4196,1.25,step,1

frame,idx,score,alpha,step_norm,z_coarse
232,0,5.70135,0.65,step,-3
232,1,7.75525,0.8,step,-2
232,2,10.1729,0.95,step,-1
232,3,10.6853,1.1,step,0
232,4,10.4232,1.25,step,1

frame,idx,score,alpha,step_norm,z_coarse
233,0,5.70421,0.65,step,-3
233,1,7.75419,0.8,step,-2
233,2,10.1658,0.95,step,-1
233,3,10.6825,1.1,step,0
233,4,10.4255,1.25,step,1

frame,idx,score,alpha,step_norm,z_coarse
234,0,5.69721,0.65,step,-3
234,1,7.74932,0.8,step,-2
234,2,10.1613,0.95,step,-1
234,3,10.6775,1.1,step,0
234,4,10.4195,1.25,step,1

frame,idx,score,alpha,step_norm,z_coarse
235,0,5.70113,0.65,step,-3
235,1,7.75159,0.8,step,-2
235,2,10.1642,0.95,step,-1
235,3,10.6802,1.1,step,0
235,4,10.4222,1.25,step,1

frame,idx,score,alpha,step_norm,z_coarse
236,0,5.70051,0.65,step,-3
236,1,7.75345,0.8,step,-2
236,2,10.1697,0.95,step,-1
236,3,10.6838,1.1,step,0
236,4,10.4224,1.25,step,1

frame,idx,score,alpha,step_norm,z_coarse
237,0,5.70175,0.65,step,-3
237,1,7.75008,0.8,step,-2
237,2,10.1626,0.95,step,-1
237,3,10.679,1.1,step,0
237,4,10.4208,1.25,step,1

frame,idx,score,alpha,step_norm,z_coarse
238,0,5.70251,0.65,step,-3
238,1,7.7503,0.8,step,-2
238,2,10.1608,0.95,step,-1
238,3,10.6792,1.1,step,0
238,4,10.4238,1.25,step,1

frame,idx,score,alpha,step_norm,z_coarse
239,0,5.7009,0.65,step,-3
239,1,7.75009,0.8,step,-2
239,2,10.1671,0.95,step,-1
239,3,10.6841,1.1,step,0
239,4,10.4251,1.25,step,1

frame,idx,score,alpha,step_norm,z_coarse
240,0,5.69789,0.65,step,-3
240,1,7.75022,0.8,step,-2
240,2,10.1638,0.95,step,-1
240,3,10.6796,1.1,step,0
240,4,10.4224,1.25,step,1

frame,idx,score,alpha,step_norm,z_coarse
241,0,5.70099,0.65,step,-3
241,1,7.75416,0.8,step,-2
241,2,10.1663,0.95,step,-1
241,3,10.6805,1.1,step,0
241,4,10.4207,1.25,step,1

frame,idx,score,alpha,step_norm,z_coarse
242,0,5.70163,0.65,step,-3
242,1,7.75296,0.8,step,-2
242,2,10.1678,0.95,step,-1
242,3,10.6829,1.1,step,0
242,4,10.4225,1.25,step,1

frame,idx,score,alpha,step_norm,z_coarse
243,0,5.69726,0.65,step,-3
243,1,7.74905,0.8,step,-2
243,2,10.1612,0.95,step,-1
243,3,10.6808,1.1,step,0
243,4,10.4249,1.25,step,1

frame,idx,score,alpha,step_norm,z_coarse
244,0,5.6969,0.65,step,-3
244,1,7.74606,0.8,step,-2
244,2,10.162,0.95,step,-1
244,3,10.6828,1.1,step,0
244,4,10.4286,1.25,step,1

frame,idx,score,alpha,step_norm,z_coarse
245,0,5.70257,0.65,step,-3
245,1,7.7528,0.8,step,-2
245,2,10.1623,0.95,step,-1
245,3,10.6782,1.1,step,0
245,4,10.4209,1.25,step,1

frame,idx,score,alpha,step_norm,z_coarse
246,0,5.70131,0.65,step,-3
246,1,7.74972,0.8,step,-2
246,2,10.1657,0.95,step,-1
246,3,10.6822,1.1,step,0
246,4,10.4227,1.25,step,1

frame,idx,score,alpha,step_norm,z_coarse
247,0,5.70409,0.65,step,-3
247,1,7.75604,0.8,step,-2
247,2,10.1718,0.95,step,-1
247,3,10.6885,1.1,step,0
247,4,10.4297,1.25,step,1

frame,idx,score,alpha,step_norm,z_coarse
248,0,5.69685,0.65,step,-3
248,1,7.74329,0.8,step,-2
248,2,10.1543,0.95,step,-1
248,3,10.6736,1.1,step,0
248,4,10.4191,1.25,step,1

frame,idx,score,alpha,step_norm,z_coarse
249,0,5.69714,0.65,step,-3
249,1,7.74501,0.8,step,-2
249,2,10.1554,0.95,step,-1
249,3,10.6741,1.1,step,0
249,4,10.4194,1.25,step,1

frame,idx,score,alpha,step_norm,z_coarse
250,0,5.703,0.65,step,-3
250,1,7.75595,0.8,step,-2
250,2,10.1699,0.95,step,-1
250,3,10.6819,1.1,step,0
250,4,10.4206,1.25,step,1

frame,idx,score,alpha,step_norm,z_coarse
251,0,5.69798,0.65,step,-3
251,1,7.74822,0.8,step,-2
251,2,10.1602,0.95,step,-1
251,3,10.6778,1.1,step,0
251,4,10.4223,1.25,step,1

frame,idx,score,alpha,step_norm,z_coarse
252,0,5.69647,0.65,step,-3
252,1,7.74396,0.8,step,-2
252,2,10.1562,0.95,step,-1
252,3,10.6747,1.1,step,0
252,4,10.4181,1.25,step,1

frame,idx,score,alpha,step_norm,z_coarse
253,0,5.69889,0.65,step,-3
253,1,7.74628,0.8,step,-2
253,2,10.1571,0.95,step,-1
253,3,10.6743,1.1,step,0
253,4,10.4185,1.25,step,1

frame,idx,score,alpha,step_norm,z_coarse
254,0,5.70144,0.65,step,-3
254,1,7.75272,0.8,step,-2
254,2,10.1626,0.95,step,-1
254,3,10.6744,1.1,step,0
254,4,10.4137,1.25,step,1

frame,idx,score,alpha,step_norm,z_coarse
255,0,5.70202,0.65,step,-3
255,1,7.75383,0.8,step,-2
255,2,10.166,0.95,step,-1
255,3,10.6783,1.1,step,0
255,4,10.4168,1.25,step,1

frame,idx,score,alpha,step_norm,z_coarse
256,0,5.70211,0.65,step,-3
256,1,7.7528,0.8,step,-2
256,2,10.1666,0.95,step,-1
256,3,10.6829,1.1,step,0
256,4,10.4233,1.25,step,1

frame,idx,score,alpha,step_norm,z_coarse
257,0,5.70081,0.65,step,-3
257,1,7.74781,0.8,step,-2
257,2,10.1588,0.95,step,-1
257,3,10.6776,1.1,step,0
257,4,10.4215,1.25,step,1

frame,idx,score,alpha,step_norm,z_coarse
258,0,5.69803,0.65,step,-3
258,1,7.74467,0.8,step,-2
258,2,10.1544,0.95,step,-1
258,3,10.6724,1.1,step,0
258,4,10.4172,1.25,step,1

frame,idx,score,alpha,step_norm,z_coarse
259,0,5.70366,0.65,step,-3
259,1,7.75289,0.8,step,-2
259,2,10.1676,0.95,step,-1
259,3,10.6837,1.1,step,0
259,4,10.4233,1.25,step,1

frame,idx,score,alpha,step_norm,z_coarse
260,0,5.69683,0.65,step,-3
260,1,7.74471,0.8,step,-2
260,2,10.1545,0.95,step,-1
260,3,10.6738,1.1,step,0
260,4,10.419,1.25,step,1

frame,idx,score,alpha,step_norm,z_coarse
261,0,5.70332,0.65,step,-3
261,1,7.75378,0.8,step,-2
261,2,10.1688,0.95,step,-1
261,3,10.6847,1.1,step,0
261,4,10.426,1.25,step,1

frame,idx,score,alpha,step_norm,z_coarse
262,0,5.70277,0.65,step,-3
262,1,7.75428,0.8,step,-2
262,2,10.1689,0.95,step,-1
262,3,10.6833,1.1,step,0
262,4,10.4219,1.25,step,1

frame,idx,score,alpha,step_norm,z_coarse
263,0,5.70159,0.65,step,-3
263,1,7.75374,0.8,step,-2
263,2,10.1691,0.95,step,-1
263,3,10.6847,1.1,step,0
263,4,10.4247,1.25,step,1

frame,idx,score,alpha,step_norm,z_coarse
264,0,5.69856,0.65,step,-3
264,1,7.74644,0.8,step,-2
264,2,10.1612,0.95,step,-1
264,3,10.6792,1.1,step,0
264,4,10.4226,1.25,step,1

frame,idx,score,alpha,step_norm,z_coarse
265,0,5.70113,0.65,step,-3
265,1,7.75159,0.8,step,-2
265,2,10.1675,0.95,step,-1
265,3,10.6841,1.1,step,0
265,4,10.425,1.25,step,1

frame,idx,score,alpha,step_norm,z_coarse
266,0,5.70183,0.65,step,-3
266,1,7.75636,0.8,step,-2
266,2,10.1727,0.95,step,-1
266,3,10.6866,1.1,step,0
266,4,10.4252,1.25,step,1

frame,idx,score,alpha,step_norm,z_coarse
267,0,5.69651,0.65,step,-3
267,1,7.74371,0.8,step,-2
267,2,10.1506,0.95,step,-1
267,3,10.6675,1.1,step,0
267,4,10.4138,1.25,step,1

frame,idx,score,alpha,step_norm,z_coarse
268,0,5.70006,0.65,step,-3
268,1,7.75074,0.8,step,-2
268,2,10.163,0.95,step,-1
268,3,10.6816,1.1,step,0
268,4,10.4264,1.25,step,1

frame,idx,score,alpha,step_norm,z_coarse
269,0,5.70133,0.65,step,-3
269,1,7.75409,0.8,step,-2
269,2,10.1668,0.95,step,-1
269,3,10.6803,1.1,step,0
269,4,10.4197,1.25,step,1

frame,idx,score,alpha,step_norm,z_coarse
270,0,5.70049,0.65,step,-3
270,1,7.75096,0.8,step,-2
270,2,10.1677,0.95,step,-1
270,3,10.68,1.1,step,0
270,4,10.4173,1.25,step,1

frame,idx,score,alpha,step_norm,z_coarse
271,0,5.70517,0.65,step,-3
271,1,7.75441,0.8,step,-2
271,2,10.1671,0.95,step,-1
271,3,10.6828,1.1,step,0
271,4,10.423,1.25,step,1

frame,idx,score,alpha,step_norm,z_coarse
272,0,5.69829,0.65,step,-3
272,1,7.74635,0.8,step,-2
272,2,10.1593,0.95,step,-1
272,3,10.677,1.1,step,0
272,4,10.4201,1.25,step,1

frame,idx,score,alpha,step_norm,z_coarse
273,0,5.69403,0.65,step,-3
273,1,7.74218,0.8,step,-2
273,2,10.1525,0.95,step,-1
273,3,10.6714,1.1,step,0
273,4,10.4182,1.25,step,1

frame,idx,score,alpha,step_norm,z_coarse
274,0,5.69995,0.65,step,-3
274,1,7.74829,0.8,step,-2
274,2,10.1591,0.95,step,-1
274,3,10.6774,1.1,step,0
274,4,10.421,1.25,step,1

frame,idx,score,alpha,step_norm,z_coarse
275,0,5.69849,0.65,step,-3
275,1,7.75181,0.8,step,-2
275,2,10.1645,0.95,step,-1
275,3,10.6802,1.1,step,0
275,4,10.4223,1.25,step,1

frame,idx,score,alpha,step_norm,z_coarse
276,0,5.69866,0.65,step,-3
276,1,7.74789,0.8,step,-2
276,2,10.1617,0.95,step,-1
276,3,10.6752,1.1,step,0
276,4,10.4155,1.25,step,1

frame,idx,score,alpha,step_norm,z_coarse
277,0,5.70064,0.65,step,-3
277,1,7.7508,0.8,step,-2
277,2,10.1639,0.95,step,-1
277,3,10.6775,1.1,step,0
277,4,10.4169,1.25,step,1

frame,idx,score,alpha,step_norm,z_coarse
278,0,5.70467,0.65,step,-3
278,1,7.75747,0.8,step,-2
278,2,10.1688,0.95,step,-1
278,3,10.6789,1.1,step,0
278,4,10.4172,1.25,step,1

frame,idx,score,alpha,step_norm,z_coarse
279,0,5.69723,0.65,step,-3
279,1,7.74408,0.8,step,-2
279,2,10.1511,0.95,step,-1
279,3,10.6697,1.1,step,0
279,4,10.4163,1.25,step,1

frame,idx,score,alpha,step_norm,z_coarse
280,0,5.69908,0.65,step,-3
280,1,7.7471,0.8,step,-2
280,2,10.157,0.95,step,-1
280,3,10.6769,1.1,step,0
280,4,10.423,1.25,step,1

frame,idx,score,alpha,step_norm,z_coarse
281,0,5.70158,0.65,step,-3
281,1,7.7531,0.8,step,-2
281,2,10.1703,0.95,step,-1
281,3,10.6818,1.1,step,0
281,4,10.4178,1.25,step,1

frame,idx,score,alpha,step_norm,z_coarse
282,0,5.70353,0.65,step,-3
282,1,7.75399,0.8,step,-2
282,2,10.1681,0.95,step,-1
282,3,10.685,1.1,step,0
282,4,10.4278,1.25,step,1

frame,idx,score,alpha,step_norm,z_coarse
283,0,5.69867,0.65,step,-3
283,1,7.74862,0.8,step,-2
283,2,10.1622,0.95,step,-1
283,3,10.6805,1.1,step,0
283,4,10.4234,1.25,step,1

frame,idx,score,alpha,step_norm,z_coarse
284,0,5.69409,0.65,step,-3
284,1,7.74639,0.8,step,-2
284,2,10.1607,0.95,step,-1
284,3,10.6779,1.1,step,0
284,4,10.4194,1.25,step,1

frame,idx,score,alpha,step_norm,z_coarse
285,0,5.69972,0.65,step,-3
285,1,7.74793,0.8,step,-2
285,2,10.1567,0.95,step,-1
285,3,10.676,1.1,step,0
285,4,10.4229,1.25,step,1

frame,idx,score,alpha,step_norm,z_coarse
286,0,5.70223,0.65,step,-3
286,1,7.75508,0.8,step,-2
286,2,10.1654,0.95,step,-1
286,3,10.6769,1.1,step,0
286,4,10.417,1.25,step,1

frame,idx,score,alpha,step_norm,z_coarse
287,0,5.70396,0.65,step,-3
287,1,7.75346,0.8,step,-2
287,2,10.1676,0.95,step,-1
287,3,10.6842,1.1,step,0
287,4,10.4249,1.25,step,1

frame,idx,score,alpha,step_norm,z_coarse
288,0,5.69881,0.65,step,-3
288,1,7.74865,0.8,step,-2
288,2,10.1605,0.95,step,-1
288,3,10.6807,1.1,step,0
288,4,10.4257,1.25,step,1

frame,idx,score,alpha,step_norm,z_coarse
289,0,5.69644,0.65,step,-3
289,1,7.74222,0.8,step,-2
289,2,10.1533,0.95,step,-1
289,3,10.674,1.1,step,0
289,4,10.4207,1.25,step,1

frame,idx,score,alpha,step_norm,z_coarse
290,0,5.6993,0.65,step,-3
290,1,7.74834,0.8,step,-2
290,2,10.156,0.95,step,-1
290,3,10.673,1.1,step,0
290,4,10.4171,1.25,step,1

frame,idx,score,alpha,step_norm,z_coarse
291,0,5.70233,0.65,step,-3
291,1,7.75583,0.8,step,-2
291,2,10.1704,0.95,step,-1
291,3,10.6835,1.1,step,0
291,4,10.4227,1.25,step,1

frame,idx,score,alpha,step_norm,z_coarse
292,0,5.70408,0.65,step,-3
292,1,7.75659,0.8,step,-2
292,2,10.1687,0.95,step,-1
292,3,10.6815,1.1,step,0
292,4,10.421,1.25,step,1

frame,idx,score,alpha,step_norm,z_coarse
293,0,5.7055,0.65,step,-3
293,1,7.75647,0.8,step,-2
293,2,10.1678,0.95,step,-1
293,3,10.6834,1.1,step,0
293,4,10.4253,1.25,step,1

frame,idx,score,alpha,step_norm,z_coarse
294,0,5.69981,0.65,step,-3
294,1,7.75024,0.8,step,-2
294,2,10.1634,0.95,step,-1
294,3,10.6799,1.1,step,0
294,4,10.4235,1.25,step,1

frame,idx,score,alpha,step_norm,z_coarse
295,0,5.69834,0.65,step,-3
295,1,7.74755,0.8,step,-2
295,2,10.1607,0.95,step,-1
295,3,10.6786,1.1,step,0
295,4,10.4219,1.25,step,1

frame,idx,score,alpha,step_norm,z_coarse
296,0,5.69664,0.65,step,-3
296,1,7.74789,0.8,step,-2
296,2,10.1603,0.95,step,-1
296,3,10.6781,1.1,step,0
296,4,10.4225,1.25,step,1

frame,idx,score,alpha,step_norm,z_coarse
297,0,5.70293,0.65,step,-3
297,1,7.75626,0.8,step,-2
297,2,10.1711,0.95,step,-1
297,3,10.6839,1.1,step,0
297,4,10.4225,1.25,step,1

frame,idx,score,alpha,step_norm,z_coarse
298,0,5.7001,0.65,step,-3
298,1,7.75234,0.8,step,-2
298,2,10.1637,0.95,step,-1
298,3,10.6813,1.1,step,0
298,4,10.4254,1.25,step,1

frame,idx,score,alpha,step_norm,z_coarse
299,0,5.6991,0.65,step,-3
299,1,7.74845,0.8,step,-2
299,2,10.1608,0.95,step,-1
299,3,10.6773,1.1,step,0
299,4,10.42,1.25,step,1

frame,idx,score,alpha,step_norm,z_coarse
300,0,5.70326,0.65,step,-3
300,1,7.75496,0.8,step,-2
300,2,10.1688,0.95,step,-1
300,3,10.6852,1.1,step,0
300,4,10.4271,1.25,step,1

frame,idx,score,alpha,step_norm,z_coarse
301,0,5.70401,0.65,step,-3
301,1,7.75452,0.8,step,-2
301,2,10.1679,0.95,step,-1
301,3,10.6805,1.1,step,0
301,4,10.417,1.25,step,1

frame,idx,score,alpha,step_norm,z_coarse
302,0,5.70109,0.65,step,-3
302,1,7.75395,0.8,step,-2
302,2,10.1696,0.95,step,-1
302,3,10.6844,1.1,step,0
302,4,10.4235,1.25,step,1

frame,idx,score,alpha,step_norm,z_coarse
303,0,5.69933,0.65,step,-3
303,1,7.75141,0.8,step,-2
303,2,10.164,0.95,step,-1
303,3,10.6798,1.1,step,0
303,4,10.422,1.25,step,1

frame,idx,score,alpha,step_norm,z_coarse
304,0,5.69702,0.65,step,-3
304,1,7.74724,0.8,step,-2
304,2,10.1603,0.95,step,-1
304,3,10.6768,1.1,step,0
304,4,10.4186,1.25,step,1

frame,idx,score,alpha,step_norm,z_coarse
305,0,5.70253,0.65,step,-3
305,1,7.75314,0.8,step,-2
305,2,10.1677,0.95,step,-1
305,3,10.6861,1.1,step,0
305,4,10.4296,1.25,step,1

frame,idx,score,alpha,step_norm,z_coarse
306,0,5.69907,0.65,step,-3
306,1,7.75042,0.8,step,-2
306,2,10.1652,0.95,step,-1
306,3,10.685,1.1,step,0
306,4,10.4282,1.25,step,1

frame,idx,score,alpha,step_norm,z_coarse
307,0,5.70101,0.65,step,-3
307,1,7.75181,0.8,step,-2
307,2,10.1648,0.95,step,-1
307,3,10.6806,1.1,step,0
307,4,10.4229,1.25,step,1

frame,idx,score,alpha,step_norm,z_coarse
308,0,5.70697,0.65,step,-3
308,1,7.75995,0.8,step,-2
308,2,10.1717,0.95,step,-1
308,3,10.6834,1.1,step,0
308,4,10.422,1.25,step,1

frame,idx,score,alpha,step_norm,z_coarse
309,0,5.70164,0.65,step,-3
309,1,7.75202,0.8,step,-2
309,2,10.165,0.95,step,-1
309,3,10.6809,1.1,step,0
309,4,10.4213,1.25,step,1

frame,idx,score,alpha,step_norm,z_coarse
310,0,5.69674,0.65,step,-3
310,1,7.74598,0.8,step,-2
310,2,10.1564,0.95,step,-1
310,3,10.6716,1.1,step,0
310,4,10.4135,1.25,step,1

frame,idx,score,alpha,step_norm,z_coarse
311,0,5.69964,0.65,step,-3
311,1,7.75062,0.8,step,-2
311,2,10.1637,0.95,step,-1
311,3,10.6813,1.1,step,0
311,4,10.4248,1.25,step,1

frame,idx,score,alpha,step_norm,z_coarse
312,0,5.70259,0.65,step,-3
312,1,7.75446,0.8,step,-2
312,2,10.1669,0.95,step,-1
312,3,10.682,1.1,step,0
312,4,10.4235,1.25,step,1

frame,idx,score,alpha,step_norm,z_coarse
313,0,5.69721,0.65,step,-3
313,1,7.75199,0.8,step,-2
313,2,10.1661,0.95,step,-1
313,3,10.6778,1.1,step,0
313,4,10.4143,1.25,step,1

frame,idx,score,alpha,step_norm,z_coarse
314,0,5.70149,0.65,step,-3
314,1,7.75449,0.8,step,-2
314,2,10.1729,0.95,step,-1
314,3,10.6862,1.1,step,0
314,4,10.4246,1.25,step,1

frame,idx,score,alpha,step_norm,z_coarse
315,0,5.69952,0.65,step,-3
315,1,7.75271,0.8,step,-2
315,2,10.1662,0.95,step,-1
315,3,10.6805,1.1,step,0
315,4,10.4203,1.25,step,1

frame,idx,score,alpha,step_norm,z_coarse
316,0,5.69862,0.65,step,-3
316,1,7.74968,0.8,step,-2
316,2,10.1622,0.95,step,-1
316,3,10.6796,1.1,step,0
316,4,10.4215,1.25,step,1

frame,idx,score,alpha,step_norm,z_coarse
317,0,5.702,0.65,step,-3
317,1,7.75193,0.8,step,-2
317,2,10.1632,0.95,step,-1
317,3,10.678,1.1,step,0
317,4,10.4215,1.25,step,1

frame,idx,score,alpha,step_norm,z_coarse
318,0,5.69702,0.65,step,-3
318,1,7.74856,0.8,step,-2
318,2,10.1632,0.95,step,-1
318,3,10.6816,1.1,step,0
318,4,10.4227,1.25,step,1

frame,idx,score,alpha,step_norm,z_coarse
319,0,5.70508,0.65,step,-3
319,1,7.75874,0.8,step,-2
319,2,10.1709,0.95,step,-1
319,3,10.6823,1.1,step,0
319,4,10.4199,1.25,step,1

frame,idx,score,alpha,step_norm,z_coarse
320,0,5.70055,0.65,step,-3
320,1,7.74974,0.8,step,-2
320,2,10.1648,0.95,step,-1
320,3,10.6798,1.1,step,0
320,4,10.4199,1.25,step,1

frame,idx,score,alpha,step_norm,z_coarse
321,0,5.6972,0.65,step,-3
321,1,7.74712,0.8,step,-2
321,2,10.1613,0.95,step,-1
321,3,10.681,1.1,step,0
321,4,10.4246,1.25,step,1

frame,idx,score,alpha,step_norm,z_coarse
322,0,5.69923,0.65,step,-3
322,1,7.74687,0.8,step,-2
322,2,10.1564,0.95,step,-1
322,3,10.6735,1.1,step,0
322,4,10.4173,1.25,step,1

frame,idx,score,alpha,step_norm,z_coarse
323,0,5.69909,0.65,step,-3
323,1,7.74798,0.8,step,-2
323,2,10.1581,0.95,step,-1
323,3,10.6757,1.1,step,0
323,4,10.4201,1.25,step,1

frame,idx,score,alpha,step_norm,z_coarse
324,0,5.70543,0.65,step,-3
324,1,7.75772,0.8,step,-2
324,2,10.1668,0.95,step,-1
324,3,10.6777,1.1,step,0
324,4,10.4163,1.25,step,1

frame,idx,score,alpha,step_norm,z_coarse
325,0,5.6985,0.65,step,-3
325,1,7.74979,0.8,step,-2
325,2,10.1597,0.95,step,-1
325,3,10.6741,1.1,step,0
325,4,10.4169,1.25,step,1

frame,idx,score,alpha,step_norm,z_coarse
326,0,5.70031,0.65,step,-3
326,1,7.7491,0.8,step,-2
326,2,10.1599,0.95,step,-1
326,3,10.6747,1.1,step,0
326,4,10.4169,1.25,step,1

frame,idx,score,alpha,step_norm,z_coarse
327,0,5.70461,0.65,step,-3
327,1,7.75666,0.8,step,-2
327,2,10.1709,0.95,step,-1
327,3,10.6819,1.1,step,0
327,4,10.4195,1.25,step,1

frame,idx,score,alpha,step_norm,z_coarse
328,0,5.70334,0.65,step,-3
328,1,7.75577,0.8,step,-2
328,2,10.167,0.95,step,-1
328,3,10.6777,1.1,step,0
328,4,10.4151,1.25,step,1

frame,idx,score,alpha,step_norm,z_coarse
329,0,5.70101,0.65,step,-3
329,1,7.75195,0.8,step,-2
329,2,10.1609,0.95,step,-1
329,3,10.6756,1.1,step,0
329,4,10.4187,1.25,step,1

frame,idx,score,alpha,step_norm,z_coarse
330,0,5.70293,0.65,step,-3
330,1,7.75451,0.8,step,-2
330,2,10.167,0.95,step,-1
330,3,10.6804,1.1,step,0
330,4,10.42,1.25,step,1

frame,idx,score,alpha,step_norm,z_coarse
331,0,5.70349,0.65,step,-3
331,1,7.754,0.8,step,-2
331,2,10.1669,0.95,step,-1
331,3,10.6807,1.1,step,0
331,4,10.421,1.25,step,1

frame,idx,score,alpha,step_norm,z_coarse
332,0,5.69999,0.65,step,-3
332,1,7.75366,0.8,step,-2
332,2,10.167,0.95,step,-1
332,3,10.68,1.1,step,0
332,4,10.4196,1.25,step,1

frame,idx,score,alpha,step_norm,z_coarse
333,0,5.69937,0.65,step,-3
333,1,7.74686,0.8,step,-2
333,2,10.1579,0.95,step,-1
333,3,10.6771,1.1,step,0
333,4,10.4227,1.25,step,1

frame,idx,score,alpha,step_norm,z_coarse
334,0,5.69788,0.65,step,-3
334,1,7.75124,0.8,step,-2
334,2,10.1644,0.95,step,-1
334,3,10.6799,1.1,step,0
334,4,10.4215,1.25,step,1

frame,idx,score,alpha,step_norm,z_coarse
335,0,5.699,0.65,step,-3
335,1,7.75207,0.8,step,-2
335,2,10.1675,0.95,step,-1
335,3,10.6832,1.1,step,0
335,4,10.4233,1.25,step,1

frame,idx,score,alpha,step_norm,z_coarse
336,0,5.70309,0.65,step,-3
336,1,7.75821,0.8,step,-2
336,2,10.1736,0.95,step,-1
336,3,10.6848,1.1,step,0
336,4,10.4226,1.25,step,1

frame,idx,score,alpha,step_norm,z_coarse
337,0,5.69877,0.65,step,-3
337,1,7.74985,0.8,step,-2
337,2,10.1616,0.95,step,-1
337,3,10.6771,1.1,step,0
337,4,10.4175,1.25,step,1

frame,idx,score,alpha,step_norm,z_coarse
338,0,5.70369,0.65,step,-3
338,1,7.75301,0.8,step,-2
338,2,10.1665,0.95,step,-1
338,3,10.6847,1.1,step,0
338,4,10.4276,1.25,step,1

frame,idx,score,alpha,step_norm,z_coarse
339,0,5.70137,0.65,step,-3
339,1,7.75141,0.8,step,-2
339,2,10.1664,0.95,step,-1
339,3,10.6826,1.1,step,0
339,4,10.4248,1.25,step,1

frame,idx,score,alpha,step_norm,z_coarse
340,0,5.70114,0.65,step,-3
340,1,7.75353,0.8,step,-2
340,2,10.1678,0.95,step,-1
340,3,10.6821,1.1,step,0
340,4,10.4215,1.25,step,1

frame,idx,score,alpha,step_norm,z_coarse
341,0,5.69885,0.65,step,-3
341,1,7.75048,0.8,step,-2
341,2,10.1643,0.95,step,-1
341,3,10.6784,1.1,step,0
341,4,10.4185,1.25,step,1

frame,idx,score,alpha,step_norm,z_coarse
342,0,5.69746,0.65,step,-3
342,1,7.74827,0.8,step,-2
342,2,10.1625,0.95,step,-1
342,3,10.6778,1.1,step,0
342,4,10.4192,1.25,step,1

frame,idx,score,alpha,step_norm,z_coarse
343,0,5.70147,0.65,step,-3
343,1,7.75418,0.8,step,-2
343,2,10.1678,0.95,step,-1
343,3,10.683,1.1,step,0
343,4,10.4245,1.25,step,1

frame,idx,score,alpha,step_norm,z_coarse
344,0,5.70287,0.65,step,-3
344,1,7.75504,0.8,step,-2
344,2,10.1691,0.95,step,-1
344,3,10.6843,1.1,step,0
344,4,10.4248,1.25,step,1

frame,idx,score,alpha,step_norm,z_coarse
345,0,5.70066,0.65,step,-3
345,1,7.75413,0.8,step,-2
345,2,10.1694,0.95,step,-1
345,3,10.6827,1.1,step,0
345,4,10.4217,1.25,step,1

frame,idx,score,alpha,step_norm,z_coarse
346,0,5.69911,0.65,step,-3
346,1,7.75161,0.8,step,-2
346,2,10.1659,0.95,step,-1
346,3,10.6808,1.1,step,0
346,4,10.4203,1.25,step,1

frame,idx,score,alpha,step_norm,z_coarse
347,0,5.69971,0.65,step,-3
347,1,7.7526,0.8,step,-2
347,2,10.1667,0.95,step,-1
347,3,10.6849,1.1,step,0
347,4,10.4284,1.25,step,1

frame,idx,score,alpha,step_norm,z_coarse
348,0,5.69617,0.65,step,-3
348,1,7.74644,0.8,step,-2
348,2,10.1607,0.95,step,-1
348,3,10.6794,1.1,step,0
348,4,10.4225,1.25,step,1

frame,idx,score,alpha,step_norm,z_coarse
349,0,5.70257,0.65,step,-3
349,1,7.75529,0.8,step,-2
349,2,10.1712,0.95,step,-1
349,3,10.6874,1.1,step,0
349,4,10.428,1.25,step,1

frame,idx,score,alpha,step_norm,z_coarse
350,0,5.69938,0.65,step,-3
350,1,7.7486,0.8,step,-2
350,2,10.1629,0.95,step,-1
350,3,10.679,1.1,step,0
350,4,10.4197,1.25,step,1

frame,idx,score,alpha,step_norm,z_coarse
351,0,5.70061,0.65,step,-3
351,1,7.75029,0.8,step,-2
351,2,10.1626,0.95,step,-1
351,3,10.6807,1.1,step,0
351,4,10.4241,1.25,step,1

frame,idx,score,alpha,step_norm,z_coarse
352,0,5.69979,0.65,step,-3
352,1,7.74997,0.8,step,-2
352,2,10.1641,0.95,step,-1
352,3,10.6813,1.1,step,0
352,4,10.423,1.25,step,1

frame,idx,score,alpha,step_norm,z_coarse
353,0,5.69654,0.65,step,-3
353,1,7.74599,0.8,step,-2
353,2,10.1588,0.95,step,-1
353,3,10.6768,1.1,step,0
353,4,10.4198,1.25,step,1

frame,idx,score,alpha,step_norm,z_coarse
354,0,5.70478,0.65,step,-3
354,1,7.75782,0.8,step,-2
354,2,10.1748,0.95,step,-1
354,3,10.6878,1.1,step,0
354,4,10.4239,1.25,step,1

frame,idx,score,alpha,step_norm,z_coarse
355,0,5.70322,0.65,step,-3
355,1,7.75613,0.8,step,-2
355,2,10.1729,0.95,step,-1
355,3,10.6869,1.1,step,0
355,4,10.4255,1.25,step,1

frame,idx,score,alpha,step_norm,z_coarse
356,0,5.69835,0.65,step,-3
356,1,7.74799,0.8,step,-2
356,2,10.1629,0.95,step,-1
356,3,10.6812,1.1,step,0
356,4,10.4254,1.25,step,1

frame,idx,score,alpha,step_norm,z_coarse
357,0,5.69742,0.65,step,-3
357,1,7.74961,0.8,step,-2
357,2,10.1621,0.95,step,-1
357,3,10.6765,1.1,step,0
357,4,10.4178,1.25,step,1

frame,idx,score,alpha,step_norm,z_coarse
358,0,5.70225,0.65,step,-3
358,1,7.75434,0.8,step,-2
358,2,10.1681,0.95,step,-1
358,3,10.6834,1.1,step,0
358,4,10.4242,1.25,step,1

frame,idx,score,alpha,step_norm,z_coarse
359,0,5.7031,0.65,step,-3
359,1,7.75508,0.8,step,-2
359,2,10.1698,0.95,step,-1
359,3,10.6821,1.1,step,0
359,4,10.42,1.25,step,1

frame,idx,score,alpha,step_norm,z_coarse
360,0,5.70281,0.65,step,-3
360,1,7.75273,0.8,step,-2
360,2,10.169,0.95,step,-1
360,3,10.6832,1.1,step,0
360,4,10.4226,1.25,step,1

frame,idx,score,alpha,step_norm,z_coarse
361,0,5.6992,0.65,step,-3
361,1,7.75173,0.8,step,-2
361,2,10.1655,0.95,step,-1
361,3,10.6803,1.1,step,0
361,4,10.4206,1.25,step,1

frame,idx,score,alpha,step_norm,z_coarse
362,0,5.69918,0.65,step,-3
362,1,7.75073,0.8,step,-2
362,2,10.1638,0.95,step,-1
362,3,10.6835,1.1,step,0
362,4,10.4277,1.25,step,1

frame,idx,score,alpha,step_norm,z_coarse
363,0,5.69944,0.65,step,-3
363,1,7.74976,0.8,step,-2
363,2,10.1646,0.95,step,-1
363,3,10.682,1.1,step,0
363,4,10.4251,1.25,step,1

frame,idx,score,alpha,step_norm,z_coarse
364,0,5.70041,0.65,step,-3
364,1,7.75139,0.8,step,-2
364,2,10.1627,0.95,step,-1
364,3,10.6801,1.1,step,0
364,4,10.4231,1.25,step,1

frame,idx,score,alpha,step_norm,z_coarse
365,0,5.70113,0.65,step,-3
365,1,7.75356,0.8,step,-2
365,2,10.1672,0.95,step,-1
365,3,10.6814,1.1,step,0
365,4,10.4226,1.25,step,1

frame,idx,score,alpha,step_norm,z_coarse
366,0,5.70319,0.65,step,-3
366,1,7.75824,0.8,step,-2
366,2,10.1725,0.95,step,-1
366,3,10.6857,1.1,step,0
366,4,10.4244,1.25,step,1

frame,idx,score,alpha,step_norm,z_coarse
367,0,5.7017,0.65,step,-3
367,1,7.75098,0.8,step,-2
367,2,10.1635,0.95,step,-1
367,3,10.6809,1.1,step,0
367,4,10.4244,1.25,step,1

frame,idx,score,alpha,step_norm,z_coarse
368,0,5.69725,0.65,step,-3
368,1,7.74871,0.8,step,-2
368,2,10.1617,0.95,step,-1
368,3,10.6831,1.1,step,0
368,4,10.4282,1.25,step,1

frame,idx,score,alpha,step_norm,z_coarse
369,0,5.7039,0.65,step,-3
369,1,7.75485,0.8,step,-2
369,2,10.172,0.95,step,-1
369,3,10.6861,1.1,step,0
369,4,10.4246,1.25,step,1

frame,idx,score,alpha,step_norm,z_coarse
370,0,5.7004,0.65,step,-3
370,1,7.75458,0.8,step,-2
370,2,10.169,0.95,step,-1
370,3,10.6844,1.1,step,0
370,4,10.4251,1.25,step,1

frame,idx,score,alpha,step_norm,z_coarse
371,0,5.69917,0.65,step,-3
371,1,7.74965,0.8,step,-2
371,2,10.1596,0.95,step,-1
371,3,10.6791,1.1,step,0
371,4,10.4253,1.25,step,1

frame,idx,score,alpha,step_norm,z_coarse
372,0,5.69745,0.65,step,-3
372,1,7.74768,0.8,step,-2
372,2,10.1619,0.95,step,-1
372,3,10.6777,1.1,step,0
372,4,10.4181,1.25,step,1

frame,idx,score,alpha,step_norm,z_coarse
373,0,5.70667,0.65,step,-3
373,1,7.75863,0.8,step,-2
373,2,10.174,0.95,step,-1
373,3,10.6863,1.1,step,0
373,4,10.4238,1.25,step,1

frame,idx,score,alpha,step_norm,z_coarse
374,0,5.69874,0.65,step,-3
374,1,7.7507,0.8,step,-2
374,2,10.1622,0.95,step,-1
374,3,10.6784,1.1,step,0
374,4,10.4205,1.25,step,1

frame,idx,score,alpha,step_norm,z_coarse
375,0,5.70007,0.65,step,-3
375,1,7.74979,0.8,step,-2
375,2,10.1647,0.95,step,-1
375,3,10.6829,1.1,step,0
375,4,10.4245,1.25,step,1

frame,idx,score,alpha,step_norm,z_coarse
376,0,5.70271,0.65,step,-3
376,1,7.7542,0.8,step,-2
376,2,10.1708,0.95,step,-1
376,3,10.6868,1.1,step,0
376,4,10.4266,1.25,step,1

frame,idx,score,alpha,step_norm,z_coarse
377,0,5.70462,0.65,step,-3
377,1,7.75593,0.8,step,-2
377,2,10.1701,0.95,step,-1
377,3,10.6829,1.1,step,0
377,4,10.4226,1.25,step,1

frame,idx,score,alpha,step_norm,z_coarse
378,0,5.70278,0.65,step,-3
378,1,7.75178,0.8,step,-2
378,2,10.164,0.95,step,-1
378,3,10.6802,1.1,step,0
378,4,10.4225,1.25,step,1

frame,idx,score,alpha,step_norm,z_coarse
379,0,5.70062,0.65,step,-3
379,1,7.75012,0.8,step,-2
379,2,10.1647,0.95,step,-1
379,3,10.6816,1.1,step,0
379,4,10.4231,1.25,step,1

frame,idx,score,alpha,step_norm,z_coarse
380,0,5.70324,0.65,step,-3
380,1,7.75222,0.8,step,-2
380,2,10.1613,0.95,step,-1
380,3,10.6759,1.1,step,0
380,4,10.4195,1.25,step,1

frame,idx,score,alpha,step_norm,z_coarse
381,0,5.69912,0.65,step,-3
381,1,7.74766,0.8,step,-2
381,2,10.1593,0.95,step,-1
381,3,10.6796,1.1,step,0
381,4,10.4262,1.25,step,1

frame,idx,score,alpha,step_norm,z_coarse
382,0,5.70665,0.65,step,-3
382,1,7.75983,0.8,step,-2
382,2,10.1735,0.95,step,-1
382,3,10.6872,1.1,step,0
382,4,10.4277,1.25,step,1

frame,idx,score,alpha,step_norm,z_coarse
383,0,5.69993,0.65,step,-3
383,1,7.75407,0.8,step,-2
383,2,10.17,0.95,step,-1
383,3,10.6834,1.1,step,0
383,4,10.4221,1.25,step,1

frame,idx,score,alpha,step_norm,z_coarse
384,0,5.70041,0.65,step,-3
384,1,7.74896,0.8,step,-2
384,2,10.1633,0.95,step,-1
384,3,10.6815,1.1,step,0
384,4,10.4249,1.25,step,1

frame,idx,score,alpha,step_norm,z_coarse
385,0,5.69775,0.65,step,-3
385,1,7.74429,0.8,step,-2
385,2,10.1542,0.95,step,-1
385,3,10.6732,1.1,step,0
385,4,10.4189,1.25,step,1

frame,idx,score,alpha,step_norm,z_coarse
386,0,5.70414,0.65,step,-3
386,1,7.75735,0.8,step,-2
386,2,10.1735,0.95,step,-1
386,3,10.6872,1.1,step,0
386,4,10.4253,1.25,step,1

frame,idx,score,alpha,step_norm,z_coarse
387,0,5.70108,0.65,step,-3
387,1,7.75138,0.8,step,-2
387,2,10.1688,0.95,step,-1
387,3,10.687,1.1,step,0
387,4,10.4301,1.25,step,1

frame,idx,score,alpha,step_norm,z_coarse
388,0,5.70212,0.65,step,-3
388,1,7.752,0.8,step,-2
388,2,10.1639,0.95,step,-1
388,3,10.6809,1.1,step,0
388,4,10.4237,1.25,step,1

frame,idx,score,alpha,step_norm,z_coarse
389,0,5.69712,0.65,step,-3
389,1,7.74616,0.8,step,-2
389,2,10.1569,0.95,step,-1
389,3,10.6762,1.1,step,0
389,4,10.422,1.25,step,1

frame,idx,score,alpha,step_norm,z_coarse
390,0,5.70401,0.65,step,-3
390,1,7.75857,0.8,step,-2
390,2,10.1734,0.95,step,-1
390,3,10.6874,1.1,step,0
390,4,10.4269,1.25,step,1

frame,idx,score,alpha,step_norm,z_coarse
391,0,5.69968,0.65,step,-3
391,1,7.74729,0.8,step,-2
391,2,10.1594,0.95,step,-1
391,3,10.6823,1.1,step,0
391,4,10.4301,1.25,step,1

frame,idx,score,alpha,step_norm,z_coarse
392,0,5.69596,0.65,step,-3
392,1,7.74505,0.8,step,-2
392,2,10.1565,0.95,step,-1
392,3,10.6759,1.1,step,0
392,4,10.4226,1.25,step,1

frame,idx,score,alpha,step_norm,z_coarse
393,0,5.70598,0.65,step,-3
393,1,7.75964,0.8,step,-2
393,2,10.1751,0.95,step,-1
393,3,10.6888,1.1,step,0
393,4,10.4268,1.25,step,1

frame,idx,score,alpha,step_norm,z_coarse
394,0,5.70025,0.65,step,-3
394,1,7.75174,0.8,step,-2
394,2,10.1625,0.95,step,-1
394,3,10.6787,1.1,step,0
394,4,10.421,1.25,step,1

frame,idx,score,alpha,step_norm,z_coarse
395,0,5.69708,0.65,step,-3
395,1,7.74702,0.8,step,-2
395,2,10.1576,0.95,step,-1
395,3,10.6768,1.1,step,0
395,4,10.422,1.25,step,1

frame,idx,score,alpha,step_norm,z_coarse
396,0,5.69919,0.65,step,-3
396,1,7.74937,0.8,step,-2
396,2,10.1597,0.95,step,-1
396,3,10.677,1.1,step,0
396,4,10.4208,1.25,step,1

frame,idx,score,alpha,step_norm,z_coarse
397,0,5.70374,0.65,step,-3
397,1,7.75595,0.8,step,-2
397,2,10.1722,0.95,step,-1
397,3,10.6852,1.1,step,0
397,4,10.4231,1.25,step,1

frame,idx,score,alpha,step_norm,z_coarse
398,0,5.70069,0.65,step,-3
398,1,7.75323,0.8,step,-2
398,2,10.1716,0.95,step,-1
398,3,10.6859,1.1,step,0
398,4,10.4252,1.25,step,1

frame,idx,score,alpha,step_norm,z_coarse
399,0,5.69981,0.65,step,-3
399,1,7.75082,0.8,step,-2
399,2,10.1651,0.95,step,-1
399,3,10.6813,1.1,step,0
399,4,10.4234,1.25,step,1

frame,idx,score,alpha,step_norm,z_coarse
400,0,5.69533,0.65,step,-3
400,1,7.74636,0.8,step,-2
400,2,10.1602,0.95,step,-1
400,3,10.6781,1.1,step,0
400,4,10.4209,1.25,step,1

frame,idx,score,alpha,step_norm,z_coarse
401,0,5.697,0.65,step,-3
401,1,7.75032,0.8,step,-2
401,2,10.165,0.95,step,-1
401,3,10.6807,1.1,step,0
401,4,10.4216,1.25,step,1

frame,idx,score,alpha,step_norm,z_coarse
402,0,5.69884,0.65,step,-3
402,1,7.75122,0.8,step,-2
402,2,10.1647,0.95,step,-1
402,3,10.6801,1.1,step,0
402,4,10.4207,1.25,step,1

frame,idx,score,alpha,step_norm,z_coarse
403,0,5.70424,0.65,step,-3
403,1,7.75632,0.8,step,-2
403,2,10.1725,0.95,step,-1
403,3,10.6863,1.1,step,0
403,4,10.4249,1.25,step,1

frame,idx,score,alpha,step_norm,z_coarse
404,0,5.70181,0.65,step,-3
404,1,7.75211,0.8,step,-2
404,2,10.1648,0.95,step,-1
404,3,10.6803,1.1,step,0
404,4,10.4236,1.25,step,1

frame,idx,score,alpha,step_norm,z_coarse
405,0,5.70205,0.65,step,-3
405,1,7.74914,0.8,step,-2
405,2,10.1608,0.95,step,-1
405,3,10.6785,1.1,step,0
405,4,10.4215,1.25,step,1

frame,idx,score,alpha,step_norm,z_coarse
406,0,5.70105,0.65,step,-3
406,1,7.75098,0.8,step,-2
406,2,10.1664,0.95,step,-1
406,3,10.6872,1.1,step,0
406,4,10.4309,1.25,step,1

frame,idx,score,alpha,step_norm,z_coarse
407,0,5.69918,0.65,step,-3
407,1,7.74847,0.8,step,-2
407,2,10.1614,0.95,step,-1
407,3,10.683,1.1,step,0
407,4,10.4291,1.25,step,1

frame,idx,score,alpha,step_norm,z_coarse
408,0,5.6995,0.65,step,-3
408,1,7.74851,0.8,step,-2
408,2,10.1597,0.95,step,-1
408,3,10.6783,1.1,step,0
408,4,10.4228,1.25,step,1

frame,idx,score,alpha,step_norm,z_coarse
409,0,5.70414,0.65,step,-3
409,1,7.75407,0.8,step,-2
409,2,10.1681,0.95,step,-1
409,3,10.6859,1.1,step,0
409,4,10.4294,1.25,step,1

frame,idx,score,alpha,step_norm,z_coarse
410,0,5.70117,0.65,step,-3
410,1,7.75374,0.8,step,-2
410,2,10.1656,0.95,step,-1
410,3,10.6798,1.1,step,0
410,4,10.4211,1.25,step,1

frame,idx,score,alpha,step_norm,z_coarse
411,0,5.69966,0.65,step,-3
411,1,7.75046,0.8,step,-2
411,2,10.1678,0.95,step,-1
411,3,10.6843,1.1,step,0
411,4,10.4254,1.25,step,1

frame,idx,score,alpha,step_norm,z_coarse
412,0,5.69809,0.65,step,-3
412,1,7.75006,0.8,step,-2
412,2,10.1613,0.95,step,-1
412,3,10.6799,1.1,step,0
412,4,10.4239,1.25,step,1

frame,idx,score,alpha,step_norm,z_coarse
413,0,5.69943,0.65,step,-3
413,1,7.75146,0.8,step,-2
413,2,10.1663,0.95,step,-1
413,3,10.6848,1.1,step,0
413,4,10.4277,1.25,step,1

frame,idx,score,alpha,step_norm,z_coarse
414,0,5.69855,0.65,step,-3
414,1,7.74716,0.8,step,-2
414,2,10.1608,0.95,step,-1
414,3,10.6803,1.1,step,0
414,4,10.4246,1.25,step,1

frame,idx,score,alpha,step_norm,z_coarse
415,0,5.70145,0.65,step,-3
415,1,7.75427,0.8,step,-2
415,2,10.1718,0.95,step,-1
415,3,10.6846,1.1,step,0
415,4,10.4236,1.25,step,1

frame,idx,score,alpha,step_norm,z_coarse
416,0,5.70094,0.65,step,-3
416,1,7.74951,0.8,step,-2
416,2,10.1612,0.95,step,-1
416,3,10.6775,1.1,step,0
416,4,10.4198,1.25,step,1

frame,idx,score,alpha,step_norm,z_coarse
417,0,5.70092,0.65,step,-3
417,1,7.74945,0.8,step,-2
417,2,10.1595,0.95,step,-1
417,3,10.6779,1.1,step,0
417,4,10.4218,1.25,step,1

frame,idx,score,alpha,step_norm,z_coarse
418,0,5.7034,0.65,step,-3
418,1,7.75132,0.8,step,-2
418,2,10.1593,0.95,step,-1
418,3,10.6766,1.1,step,0
418,4,10.4207,1.25,step,1

frame,idx,score,alpha,step_norm,z_coarse
419,0,5.70173,0.65,step,-3
419,1,7.75339,0.8,step,-2
419,2,10.1702,0.95,step,-1
419,3,10.6866,1.1,step,0
419,4,10.427,1.25,step,1

frame,idx,score,alpha,step_norm,z_coarse
420,0,5.70339,0.65,step,-3
420,1,7.75481,0.8,step,-2
420,2,10.17,0.95,step,-1
420,3,10.6862,1.1,step,0
420,4,10.4276,1.25,step,1

frame,idx,score,alpha,step_norm,z_coarse
421,0,5.7002,0.65,step,-3
421,1,7.75079,0.8,step,-2
421,2,10.1659,0.95,step,-1
421,3,10.6831,1.1,step,0
421,4,10.426,1.25,step,1

frame,idx,score,alpha,step_norm,z_coarse
422,0,5.6959,0.65,step,-3
422,1,7.74695,0.8,step,-2
422,2,10.1599,0.95,step,-1
422,3,10.6784,1.1,step,0
422,4,10.423,1.25,step,1

frame,idx,score,alpha,step_norm,z_coarse
423,0,5.70155,0.65,step,-3
423,1,7.75265,0.8,step,-2
423,2,10.1655,0.95,step,-1
423,3,10.6815,1.1,step,0
423,4,10.4239,1.25,step,1

frame,idx,score,alpha,step_norm,z_coarse
424,0,5.70172,0.65,step,-3
424,1,7.75006,0.8,step,-2
424,2,10.1606,0.95,step,-1
424,3,10.6797,1.1,step,0
424,4,10.4251,1.25,step,1

frame,idx,score,alpha,step_norm,z_coarse
425,0,5.70069,0.65,step,-3
425,1,7.75286,0.8,step,-2
425,2,10.166,0.95,step,-1
425,3,10.683,1.1,step,0
425,4,10.4259,1.25,step,1

frame,idx,score,alpha,step_norm,z_coarse
426,0,5.6954,0.65,step,-3
426,1,7.74621,0.8,step,-2
426,2,10.1591,0.95,step,-1
426,3,10.6754,1.1,step,0
426,4,10.4204,1.25,step,1

frame,idx,score,alpha,step_norm,z_coarse
427,0,5.69837,0.65,step,-3
427,1,7.7444,0.8,step,-2
427,2,10.1529,0.95,step,-1
427,3,10.671,1.1,step,0
427,4,10.4173,1.25,step,1

frame,idx,score,alpha,step_norm,z_coarse
428,0,5.70155,0.65,step,-3
428,1,7.7544,0.8,step,-2
428,2,10.171,0.95,step,-1
428,3,10.6861,1.1,step,0
428,4,10.4255,1.25,step,1

frame,idx,score,alpha,step_norm,z_coarse
429,0,5.7013,0.65,step,-3
429,1,7.74792,0.8,step,-2
429,2,10.1606,0.95,step,-1
429,3,10.6806,1.1,step,0
429,4,10.4263,1.25,step,1

frame,idx,score,alpha,step_norm,z_coarse
430,0,5.69687,0.65,step,-3
430,1,7.74436,0.8,step,-2
430,2,10.1585,0.95,step,-1
430,3,10.6801,1.1,step,0
430,4,10.4264,1.25,step,1

frame,idx,score,alpha,step_norm,z_coarse
431,0,5.70254,0.65,step,-3
431,1,7.75517,0.8,step,-2
431,2,10.1668,0.95,step,-1
431,3,10.6807,1.1,step,0
431,4,10.4216,1.25,step,1

frame,idx,score,alpha,step_norm,z_coarse
432,0,5.70372,0.65,step,-3
432,1,7.75768,0.8,step,-2
432,2,10.1755,0.95,step,-1
432,3,10.6902,1.1,step,0
432,4,10.4296,1.25,step,1

frame,idx,score,alpha,step_norm,z_coarse
433,0,5.70408,0.65,step,-3
433,1,7.75613,0.8,step,-2
433,2,10.1733,0.95,step,-1
433,3,10.6863,1.1,step,0
433,4,10.4228,1.25,step,1

frame,idx,score,alpha,step_norm,z_coarse
434,0,5.70172,0.65,step,-3
434,1,7.7524,0.8,step,-2
434,2,10.1685,0.95,step,-1
434,3,10.6821,1.1,step,0
434,4,10.4197,1.25,step,1

frame,idx,score,alpha,step_norm,z_coarse
435,0,5.70201,0.65,step,-3
435,1,7.75419,0.8,step,-2
435,2,10.1665,0.95,step,-1
435,3,10.6826,1.1,step,0
435,4,10.4258,1.25,step,1

frame,idx,score,alpha,step_norm,z_coarse
436,0,5.69556,0.65,step,-3
436,1,7.74796,0.8,step,-2
436,2,10.1558,0.95,step,-1
436,3,10.674,1.1,step,0
436,4,10.4205,1.25,step,1

frame,idx,score,alpha,step_norm,z_coarse
437,0,5.7033,0.65,step,-3
437,1,7.75512,0.8,step,-2
437,2,10.1684,0.95,step,-1
437,3,10.6812,1.1,step,0
437,4,10.4207,1.25,step,1

frame,idx,score,alpha,step_norm,z_coarse
438,0,5.70372,0.65,step,-3
438,1,7.75843,0.8,step,-2
438,2,10.1724,0.95,step,-1
438,3,10.6852,1.1,step,0
438,4,10.4235,1.25,step,1

frame,idx,score,alpha,step_norm,z_coarse
439,0,5.70052,0.65,step,-3
439,1,7.75376,0.8,step,-2
439,2,10.167,0.95,step,-1
439,3,10.682,1.1,step,0
439,4,10.4224,1.25,step,1

frame,idx,score,alpha,step_norm,z_coarse
440,0,5.69866,0.65,step,-3
440,1,7.75022,0.8,step,-2
440,2,10.164,0.95,step,-1
440,3,10.679,1.1,step,0
440,4,10.4201,1.25,step,1

frame,idx,score,alpha,step_norm,z_coarse
441,0,5.70017,0.65,step,-3
441,1,7.75105,0.8,step,-2
441,2,10.1622,0.95,step,-1
441,3,10.6796,1.1,step,0
441,4,10.4234,1.25,step,1

frame,idx,score,alpha,step_norm,z_coarse
442,0,5.6965,0.65,step,-3
442,1,7.74484,0.8,step,-2
442,2,10.1555,0.95,step,-1
442,3,10.6779,1.1,step,0
442,4,10.4263,1.25,step,1

frame,idx,score,alpha,step_norm,z_coarse
443,0,5.6943,0.65,step,-3
443,1,7.74551,0.8,step,-2
443,2,10.158,0.95,step,-1
443,3,10.6773,1.1,step,0
443,4,10.4231,1.25,step,1

frame,idx,score,alpha,step_norm,z_coarse
444,0,5.70178,0.65,step,-3
444,1,7.75418,0.8,step,-2
444,2,10.1685,0.95,step,-1
444,3,10.6828,1.1,step,0
444,4,10.424,1.25,step,1

frame,idx,score,alpha,step_norm,z_coarse
445,0,5.69962,0.65,step,-3
445,1,7.74939,0.8,step,-2
445,2,10.1622,0.95,step,-1
445,3,10.6801,1.1,step,0
445,4,10.4237,1.25,step,1

frame,idx,score,alpha,step_norm,z_coarse
446,0,5.69608,0.65,step,-3
446,1,7.74629,0.8,step,-2
446,2,10.1548,0.95,step,-1
446,3,10.6752,1.1,step,0
446,4,10.4247,1.25,step,1

frame,idx,score,alpha,step_norm,z_coarse
447,0,5.6973,0.65,step,-3
447,1,7.74791,0.8,step,-2
447,2,10.1576,0.95,step,-1
447,3,10.6766,1.1,step,0
447,4,10.422,1.25,step,1

frame,idx,score,alpha,step_norm,z_coarse
448,0,5.70568,0.65,step,-3
448,1,7.75802,0.8,step,-2
448,2,10.1728,0.95,step,-1
448,3,10.6874,1.1,step,0
448,4,10.4273,1.25,step,1

frame,idx,score,alpha,step_norm,z_coarse
449,0,5.70185,0.65,step,-3
449,1,7.75408,0.8,step,-2
449,2,10.1668,0.95,step,-1
449,3,10.6808,1.1,step,0
449,4,10.4205,1.25,step,1

frame,idx,score,alpha,step_norm,z_coarse
450,0,5.69998,0.65,step,-3
450,1,7.74998,0.8,step,-2
450,2,10.1633,0.95,step,-1
450,3,10.6815,1.1,step,0
450,4,10.4252,1.25,step,1

frame,idx,score,alpha,step_norm,z_coarse
451,0,5.69797,0.65,step,-3
451,1,7.7471,0.8,step,-2
451,2,10.1588,0.95,step,-1
451,3,10.6754,1.1,step,0
451,4,10.4207,1.25,step,1

frame,idx,score,alpha,step_norm,z_coarse
452,0,5.70385,0.65,step,-3
452,1,7.75363,0.8,step,-2
452,2,10.1666,0.95,step,-1
452,3,10.6804,1.1,step,0
452,4,10.4196,1.25,step,1

frame,idx,score,alpha,step_norm,z_coarse
453,0,5.69602,0.65,step,-3
453,1,7.74533,0.8,step,-2
453,2,10.1583,0.95,step,-1
453,3,10.6797,1.1,step,0
453,4,10.4275,1.25,step,1

frame,idx,score,alpha,step_norm,z_coarse
454,0,5.69523,0.65,step,-3
454,1,7.7419,0.8,step,-2
454,2,10.151,0.95,step,-1
454,3,10.673,1.1,step,0
454,4,10.4219,1.25,step,1

frame,idx,score,alpha,step_norm,z_coarse
455,0,5.69987,0.65,step,-3
455,1,7.75134,0.8,step,-2
455,2,10.166,0.95,step,-1
455,3,10.6825,1.1,step,0
455,4,10.4247,1.25,step,1

frame,idx,score,alpha,step_norm,z_coarse
456,0,5.70204,0.65,step,-3
456,1,7.75419,0.8,step,-2
456,2,10.1662,0.95,step,-1
456,3,10.6867,1.1,step,0
456,4,10.4322,1.25,step,1

frame,idx,score,alpha,step_norm,z_coarse
457,0,5.69835,0.65,step,-3
457,1,7.74836,0.8,step,-2
457,2,10.1635,0.95,step,-1
457,3,10.6834,1.1,step,0
457,4,10.4299,1.25,step,1

frame,idx,score,alpha,step_norm,z_coarse
458,0,5.69715,0.65,step,-3
458,1,7.74636,0.8,step,-2
458,2,10.1586,0.95,step,-1
458,3,10.6807,1.1,step,0
458,4,10.4285,1.25,step,1

frame,idx,score,alpha,step_norm,z_coarse
459,0,5.70231,0.65,step,-3
459,1,7.75163,0.8,step,-2
459,2,10.167,0.95,step,-1
459,3,10.6831,1.1,step,0
459,4,10.4236,1.25,step,1

frame,idx,score,alpha,step_norm,z_coarse
460,0,5.6996,0.65,step,-3
460,1,7.7536,0.8,step,-2
460,2,10.1682,0.95,step,-1
460,3,10.6815,1.1,step,0
460,4,10.4211,1.25,step,1

frame,idx,score,alpha,step_norm,z_coarse
461,0,5.69975,0.65,step,-3
461,1,7.75107,0.8,step,-2
461,2,10.1651,0.95,step,-1
461,3,10.6849,1.1,step,0
461,4,10.4312,1.25,step,1

frame,idx,score,alpha,step_norm,z_coarse
462,0,5.69995,0.65,step,-3
462,1,7.74975,0.8,step,-2
462,2,10.1674,0.95,step,-1
462,3,10.6852,1.1,step,0
462,4,10.4282,1.25,step,1

frame,idx,score,alpha,step_norm,z_coarse
463,0,5.70667,0.65,step,-3
463,1,7.76097,0.8,step,-2
463,2,10.1779,0.95,step,-1
463,3,10.6926,1.1,step,0
463,4,10.4317,1.25,step,1

frame,idx,score,alpha,step_norm,z_coarse
464,0,5.70212,0.65,step,-3
464,1,7.75415,0.8,step,-2
464,2,10.1689,0.95,step,-1
464,3,10.683,1.1,step,0
464,4,10.4231,1.25,step,1

frame,idx,score,alpha,step_norm,z_coarse
465,0,5.70169,0.65,step,-3
465,1,7.75089,0.8,step,-2
465,2,10.1652,0.95,step,-1
465,3,10.6845,1.1,step,0
465,4,10.4294,1.25,step,1

frame,idx,score,alpha,step_norm,z_coarse
466,0,5.69523,0.65,step,-3
466,1,7.74445,0.8,step,-2
466,2,10.154,0.95,step,-1
466,3,10.6739,1.1,step,0
466,4,10.4212,1.25,step,1

frame,idx,score,alpha,step_norm,z_coarse
467,0,5.69803,0.65,step,-3
467,1,7.74827,0.8,step,-2
467,2,10.1606,0.95,step,-1
467,3,10.6789,1.1,step,0
467,4,10.4224,1.25,step,1

frame,idx,score,alpha,step_norm,z_coarse
468,0,5.70092,0.65,step,-3
468,1,7.75077,0.8,step,-2
468,2,10.1631,0.95,step,-1
468,3,10.6805,1.1,step,0
468,4,10.4243,1.25,step,1

frame,idx,score,alpha,step_norm,z_coarse
469,0,5.70172,0.65,step,-3
469,1,7.7496,0.8,step,-2
469,2,10.1623,0.95,step,-1
469,3,10.6828,1.1,step,0
469,4,10.4286,1.25,step,1

frame,idx,score,alpha,step_norm,z_coarse
470,0,5.69483,0.65,step,-3
470,1,7.74429,0.8,step,-2
470,2,10.1541,0.95,step,-1
470,3,10.6743,1.1,step,0
470,4,10.4216,1.25,step,1

frame,idx,score,alpha,step_norm,z_coarse
471,0,5.70404,0.65,step,-3
471,1,7.75568,0.8,step,-2
471,2,10.1732,0.95,step,-1
471,3,10.6909,1.1,step,0
471,4,10.4327,1.25,step,1

frame,idx,score,alpha,step_norm,z_coarse
472,0,5.70086,0.65,step,-3
472,1,7.75356,0.8,step,-2
472,2,10.167,0.95,step,-1
472,3,10.6824,1.1,step,0
472,4,10.4228,1.25,step,1

frame,idx,score,alpha,step_norm,z_coarse
473,0,5.6956,0.65,step,-3
473,1,7.74433,0.8,step,-2
473,2,10.1584,0.95,step,-1
473,3,10.6805,1.1,step,0
473,4,10.4277,1.25,step,1

frame,idx,score,alpha,step_norm,z_coarse
474,0,5.7001,0.65,step,-3
474,1,7.74914,0.8,step,-2
474,2,10.1628,0.95,step,-1
474,3,10.6818,1.1,step,0
474,4,10.4258,1.25,step,1

frame,idx,score,alpha,step_norm,z_coarse
475,0,5.70279,0.65,step,-3
475,1,7.76047,0.8,step,-2
475,2,10.1784,0.95,step,-1
475,3,10.6909,1.1,step,0
475,4,10.4277,1.25,step,1

frame,idx,score,alpha,step_norm,z_coarse
476,0,5.7014,0.65,step,-3
476,1,7.75592,0.8,step,-2
476,2,10.1715,0.95,step,-1
476,3,10.687,1.1,step,0
476,4,10.4273,1.25,step,1

frame,idx,score,alpha,step_norm,z_coarse
477,0,5.70178,0.65,step,-3
477,1,7.75354,0.8,step,-2
477,2,10.1696,0.95,step,-1
477,3,10.6874,1.1,step,0
477,4,10.4295,1.25,step,1

frame,idx,score,alpha,step_norm,z_coarse
478,0,5.69884,0.65,step,-3
478,1,7.74925,0.8,step,-2
478,2,10.1619,0.95,step,-1
478,3,10.6816,1.1,step,0
478,4,10.4283,1.25,step,1

frame,idx,score,alpha,step_norm,z_coarse
479,0,5.70029,0.65,step,-3
479,1,7.75088,0.8,step,-2
479,2,10.1647,0.95,step,-1
479,3,10.685,1.1,step,0
479,4,10.4314,1.25,step,1

frame,idx,score,alpha,step_norm,z_coarse
480,0,5.70219,0.65,step,-3
480,1,7.75339,0.8,step,-2
480,2,10.1722,0.95,step,-1
480,3,10.6877,1.1,step,0
480,4,10.4276,1.25,step,1

frame,idx,score,alpha,step_norm,z_coarse
481,0,5.70129,0.65,step,-3
481,1,7.75407,0.8,step,-2
481,2,10.1673,0.95,step,-1
481,3,10.6833,1.1,step,0
481,4,10.4262,1.25,step,1

frame,idx,score,alpha,step_norm,z_coarse
482,0,5.70199,0.65,step,-3
482,1,7.75304,0.8,step,-2
482,2,10.1686,0.95,step,-1
482,3,10.6897,1.1,step,0
482,4,10.4353,1.25,step,1

frame,idx,score,alpha,step_norm,z_coarse
483,0,5.69621,0.65,step,-3
483,1,7.74685,0.8,step,-2
483,2,10.1632,0.95,step,-1
483,3,10.6847,1.1,step,0
483,4,10.4306,1.25,step,1

frame,idx,score,alpha,step_norm,z_coarse
484,0,5.70144,0.65,step,-3
484,1,7.75117,0.8,step,-2
484,2,10.1623,0.95,step,-1
484,3,10.6812,1.1,step,0
484,4,10.4256,1.25,step,1

frame,idx,score,alpha,step_norm,z_coarse
485,0,5.705,0.65,step,-3
485,1,7.75746,0.8,step,-2
485,2,10.1738,0.95,step,-1
485,3,10.6898,1.1,step,0
485,4,10.4308,1.25,step,1

frame,idx,score,alpha,step_norm,z_coarse
486,0,5.7019,0.65,step,-3
486,1,7.75454,0.8,step,-2
486,2,10.1677,0.95,step,-1
486,3,10.6851,1.1,step,0
486,4,10.4268,1.25,step,1

frame,idx,score,alpha,step_norm,z_coarse
487,0,5.70463,0.65,step,-3
487,1,7.75553,0.8,step,-2
487,2,10.1696,0.95,step,-1
487,3,10.6863,1.1,step,0
487,4,10.4287,1.25,step,1

frame,idx,score,alpha,step_norm,z_coarse
488,0,5.70058,0.65,step,-3
488,1,7.75333,0.8,step,-2
488,2,10.1688,0.95,step,-1
488,3,10.6874,1.1,step,0
488,4,10.4307,1.25,step,1

frame,idx,score,alpha,step_norm,z_coarse
489,0,5.70125,0.65,step,-3
489,1,7.75118,0.8,step,-2
489,2,10.1662,0.95,step,-1
489,3,10.6846,1.1,step,0
489,4,10.4291,1.25,step,1

frame,idx,score,alpha,step_norm,z_coarse
490,0,5.70174,0.65,step,-3
490,1,7.75527,0.8,step,-2
490,2,10.1724,0.95,step,-1
490,3,10.6898,1.1,step,0
490,4,10.4316,1.25,step,1

frame,idx,score,alpha,step_norm,z_coarse
491,0,5.70952,0.65,step,-3
491,1,7.76145,0.8,step,-2
491,2,10.1773,0.95,step,-1
491,3,10.6921,1.1,step,0
491,4,10.4314,1.25,step,1

frame,idx,score,alpha,step_norm,z_coarse
492,0,5.70602,0.65,step,-3
492,1,7.75925,0.8,step,-2
492,2,10.1781,0.95,step,-1
492,3,10.6945,1.1,step,0
492,4,10.4337,1.25,step,1

frame,idx,score,alpha,step_norm,z_coarse
493,0,5.70446,0.65,step,-3
493,1,7.75795,0.8,step,-2
493,2,10.1757,0.95,step,-1
493,3,10.694,1.1,step,0
493,4,10.4371,1.25,step,1

frame,idx,score,alpha,step_norm,z_coarse
494,0,5.70025,0.65,step,-3
494,1,7.75431,0.8,step,-2
494,2,10.1725,0.95,step,-1
494,3,10.689,1.1,step,0
494,4,10.4302,1.25,step,1

frame,idx,score,alpha,step_norm,z_coarse
495,0,5.7023,0.65,step,-3
495,1,7.75469,0.8,step,-2
495,2,10.1698,0.95,step,-1
495,3,10.6868,1.1,step,0
495,4,10.4286,1.25,step,1

frame,idx,score,alpha,step_norm,z_coarse
496,0,5.70769,0.65,step,-3
496,1,7.76386,0.8,step,-2
496,2,10.1795,0.95,step,-1
496,3,10.6924,1.1,step,0
496,4,10.4318,1.25,step,1

frame,idx,score,alpha,step_norm,z_coarse
497,0,5.70467,0.65,step,-3
497,1,7.75933,0.8,step,-2
497,2,10.1737,0.95,step,-1
497,3,10.6893,1.1,step,0
497,4,10.4314,1.25,step,1

frame,idx,score,alpha,step_norm,z_coarse
498,0,5.70539,0.65,step,-3
498,1,7.75879,0.8,step,-2
498,2,10.1745,0.95,step,-1
498,3,10.6916,1.1,step,0
498,4,10.435,1.25,step,1

frame,idx,score,alpha,step_norm,z_coarse
499,0,5.70262,0.65,step,-3
499,1,7.75262,0.8,step,-2
499,2,10.165,0.95,step,-1
499,3,10.6843,1.1,step,0
499,4,10.4308,1.25,step,1

frame,idx,score,alpha,step_norm,z_coarse
500,0,5.70415,0.65,step,-3
500,1,7.75518,0.8,step,-2
500,2,10.1699,0.95,step,-1
500,3,10.6901,1.1,step,0
500,4,10.4363,1.25,step,1

frame,idx,score,alpha,step_norm,z_coarse
501,0,5.70611,0.65,step,-3
501,1,7.75878,0.8,step,-2
501,2,10.1751,0.95,step,-1
501,3,10.6887,1.1,step,0
501,4,10.429,1.25,step,1

frame,idx,score,alpha,step_norm,z_coarse
502,0,5.70669,0.65,step,-3
502,1,7.75827,0.8,step,-2
502,2,10.1738,0.95,step,-1
502,3,10.6909,1.1,step,0
502,4,10.4328,1.25,step,1

frame,idx,score,alpha,step_norm,z_coarse
503,0,5.70363,0.65,step,-3
503,1,7.75366,0.8,step,-2
503,2,10.169,0.95,step,-1
503,3,10.6855,1.1,step,0
503,4,10.4289,1.25,step,1

frame,idx,score,alpha,step_norm,z_coarse
504,0,5.70107,0.65,step,-3
504,1,7.75365,0.8,step,-2
504,2,10.1662,0.95,step,-1
504,3,10.6846,1.1,step,0
504,4,10.4298,1.25,step,1

frame,idx,score,alpha,step_norm,z_coarse
505,0,5.71041,0.65,step,-3
505,1,7.76433,0.8,step,-2
505,2,10.1808,0.95,step,-1
505,3,10.696,1.1,step,0
505,4,10.436,1.25,step,1

frame,idx,score,alpha,step_norm,z_coarse
506,0,5.70737,0.65,step,-3
506,1,7.7621,0.8,step,-2
506,2,10.1782,0.95,step,-1
506,3,10.6935,1.1,step,0
506,4,10.4353,1.25,step,1

frame,idx,score,alpha,step_norm,z_coarse
507,0,5.70333,0.65,step,-3
507,1,7.75778,0.8,step,-2
507,2,10.1748,0.95,step,-1
507,3,10.6931,1.1,step,0
507,4,10.4366,1.25,step,1

frame,idx,score,alpha,step_norm,z_coarse
508,0,5.70809,0.65,step,-3
508,1,7.76325,0.8,step,-2
508,2,10.1812,0.95,step,-1
508,3,10.6969,1.1,step,0
508,4,10.4381,1.25,step,1

frame,idx,score,alpha,step_norm,z_coarse
509,0,5.70888,0.65,step,-3
509,1,7.76437,0.8,step,-2
509,2,10.1818,0.95,step,-1
509,3,10.6981,1.1,step,0
509,4,10.4378,1.25,step,1

frame,idx,score,alpha,step_norm,z_coarse
510,0,5.70877,0.65,step,-3
510,1,7.76362,0.8,step,-2
510,2,10.1783,0.95,step,-1
510,3,10.6936,1.1,step,0
510,4,10.4355,1.25,step,1

frame,idx,score,alpha,step_norm,z_coarse
511,0,5.70555,0.65,step,-3
511,1,7.76013,0.8,step,-2
511,2,10.1738,0.95,step,-1
511,3,10.6912,1.1,step,0
511,4,10.4352,1.25,step,1

frame,idx,score,alpha,step_norm,z_coarse
512,0,5.71,0.65,step,-3
512,1,7.76504,0.8,step,-2
512,2,10.1791,0.95,step,-1
512,3,10.6952,1.1,step,0
512,4,10.4369,1.25,step,1

frame,idx,score,alpha,step_norm,z_coarse
513,0,5.70873,0.65,step,-3
513,1,7.75785,0.8,step,-2
513,2,10.1762,0.95,step,-1
513,3,10.6934,1.1,step,0
513,4,10.4349,1.25,step,1

frame,idx,score,alpha,step_norm,z_coarse
514,0,5.70698,0.65,step,-3
514,1,7.75972,0.8,step,-2
514,2,10.1771,0.95,step,-1
514,3,10.6957,1.1,step,0
514,4,10.4389,1.25,step,1

frame,idx,score,alpha,step_norm,z_coarse
515,0,5.71033,0.65,step,-3
515,1,7.76751,0.8,step,-2
515,2,10.1885,0.95,step,-1
515,3,10.7015,1.1,step,0
515,4,10.438,1.25,step,1

frame,idx,score,alpha,step_norm,z_coarse
516,0,5.70741,0.65,step,-3
516,1,7.76508,0.8,step,-2
516,2,10.1865,0.95,step,-1
516,3,10.7004,1.1,step,0
516,4,10.4388,1.25,step,1

frame,idx,score,alpha,step_norm,z_coarse
517,0,5.70742,0.65,step,-3
517,1,7.76039,0.8,step,-2
517,2,10.1797,0.95,step,-1
517,3,10.6967,1.1,step,0
517,4,10.4377,1.25,step,1

frame,idx,score,alpha,step_norm,z_coarse
518,0,5.7074,0.65,step,-3
518,1,7.76105,0.8,step,-2
518,2,10.1753,0.95,step,-1
518,3,10.691,1.1,step,0
518,4,10.4333,1.25,step,1

frame,idx,score,alpha,step_norm,z_coarse
519,0,5.71005,0.65,step,-3
519,1,7.76786,0.8,step,-2
519,2,10.1885,0.95,step,-1
519,3,10.7033,1.1,step,0
519,4,10.4431,1.25,step,1

frame,idx,score,alpha,step_norm,z_coarse
520,0,5.70882,0.65,step,-3
520,1,7.76624,0.8,step,-2
520,2,10.1843,0.95,step,-1
520,3,10.6998,1.1,step,0
520,4,10.4396,1.25,step,1

frame,idx,score,alpha,step_norm,z_coarse
521,0,5.7121,0.65,step,-3
521,1,7.76887,0.8,step,-2
521,2,10.1862,0.95,step,-1
521,3,10.702,1.1,step,0
521,4,10.4416,1.25,step,1

frame,idx,score,alpha,step_norm,z_coarse
522,0,5.70742,0.65,step,-3
522,1,7.76183,0.8,step,-2
522,2,10.1807,0.95,step,-1
522,3,10.6963,1.1,step,0
522,4,10.4362,1.25,step,1

frame,idx,score,alpha,step_norm,z_coarse
523,0,5.70808,0.65,step,-3
523,1,7.76402,0.8,step,-2
523,2,10.1805,0.95,step,-1
523,3,10.6963,1.1,step,0
523,4,10.4381,1.25,step,1

frame,idx,score,alpha,step_norm,z_coarse
524,0,5.71047,0.65,step,-3
524,1,7.7671,0.8,step,-2
524,2,10.1841,0.95,step,-1
524,3,10.7012,1.1,step,0
524,4,10.4428,1.25,step,1

frame,idx,score,alpha,step_norm,z_coarse
525,0,5.7128,0.65,step,-3
525,1,7.77033,0.8,step,-2
525,2,10.1881,0.95,step,-1
525,3,10.7044,1.1,step,0
525,4,10.4453,1.25,step,1

frame,idx,score,alpha,step_norm,z_coarse
526,0,5.70547,0.65,step,-3
526,1,7.75595,0.8,step,-2
526,2,10.1766,0.95,step,-1
526,3,10.6971,1.1,step,0
526,4,10.441,1.25,step,1

frame,idx,score,alpha,step_norm,z_coarse
527,0,5.70633,0.65,step,-3
527,1,7.76091,0.8,step,-2
527,2,10.1791,0.95,step,-1
527,3,10.6976,1.1,step,0
527,4,10.4389,1.25,step,1

frame,idx,score,alpha,step_norm,z_coarse
528,0,5.70529,0.65,step,-3
528,1,7.75599,0.8,step,-2
528,2,10.1727,0.95,step,-1
528,3,10.6931,1.1,step,0
528,4,10.4384,1.25,step,1

frame,idx,score,alpha,step_norm,z_coarse
529,0,5.70863,0.65,step,-3
529,1,7.7632,0.8,step,-2
529,2,10.1828,0.95,step,-1
529,3,10.7007,1.1,step,0
529,4,10.443,1.25,step,1

frame,idx,score,alpha,step_norm,z_coarse
530,0,5.71237,0.65,step,-3
530,1,7.76907,0.8,step,-2
530,2,10.1891,0.95,step,-1
530,3,10.7002,1.1,step,0
530,4,10.4357,1.25,step,1

frame,idx,score,alpha,step_norm,z_coarse
531,0,5.70981,0.65,step,-3
531,1,7.77106,0.8,step,-2
531,2,10.192,0.95,step,-1
531,3,10.7043,1.1,step,0
531,4,10.44,1.25,step,1

frame,idx,score,alpha,step_norm,z_coarse
532,0,5.71035,0.65,step,-3
532,1,7.76767,0.8,step,-2
532,2,10.187,0.95,step,-1
532,3,10.702,1.1,step,0
532,4,10.4412,1.25,step,1

frame,idx,score,alpha,step_norm,z_coarse
533,0,5.70829,0.65,step,-3
533,1,7.76108,0.8,step,-2
533,2,10.1771,0.95,step,-1
533,3,10.6959,1.1,step,0
533,4,10.4402,1.25,step,1

frame,idx,score,alpha,step_norm,z_coarse
534,0,5.70892,0.65,step,-3
534,1,7.76443,0.8,step,-2
534,2,10.1806,0.95,step,-1
534,3,10.6967,1.1,step,0
534,4,10.4372,1.25,step,1

frame,idx,score,alpha,step_norm,z_coarse
535,0,5.71294,0.65,step,-3
535,1,7.76973,0.8,step,-2
535,2,10.1865,0.95,step,-1
535,3,10.6985,1.1,step,0
535,4,10.4371,1.25,step,1

frame,idx,score,alpha,step_norm,z_coarse
536,0,5.70904,0.65,step,-3
536,1,7.76218,0.8,step,-2
536,2,10.1785,0.95,step,-1
536,3,10.6948,1.1,step,0
536,4,10.4367,1.25,step,1

frame,idx,score,alpha,step_norm,z_coarse
537,0,5.70657,0.65,step,-3
537,1,7.75922,0.8,step,-2
537,2,10.1773,0.95,step,-1
537,3,10.6959,1.1,step,0
537,4,10.4389,1.25,step,1

frame,idx,score,alpha,step_norm,z_coarse
538,0,5.7069,0.65,step,-3
538,1,7.76076,0.8,step,-2
538,2,10.1815,0.95,step,-1
538,3,10.7028,1.1,step,0
538,4,10.4473,1.25,step,1

frame,idx,score,alpha,step_norm,z_coarse
539,0,5.70834,0.65,step,-3
539,1,7.76385,0.8,step,-2
539,2,10.1832,0.95,step,-1
539,3,10.6987,1.1,step,0
539,4,10.4385,1.25,step,1

frame,idx,score,alpha,step_norm,z_coarse
540,0,5.71006,0.65,step,-3
540,1,7.76886,0.8,step,-2
540,2,10.1877,0.95,step,-1
540,3,10.704,1.1,step,0
540,4,10.4445,1.25,step,1

frame,idx,score,alpha,step_norm,z_coarse
541,0,5.70835,0.65,step,-3
541,1,7.76228,0.8,step,-2
541,2,10.1786,0.95,step,-1
541,3,10.6969,1.1,step,0
541,4,10.4398,1.25,step,1

frame,idx,score,alpha,step_norm,z_coarse
542,0,5.71501,0.65,step,-3
542,1,7.77395,0.8,step,-2
542,2,10.1934,0.95,step,-1
542,3,10.7077,1.1,step,0
542,4,10.4445,1.25,step,1

frame,idx,score,alpha,step_norm,z_coarse
543,0,5.71414,0.65,step,-3
543,1,7.77297,0.8,step,-2
543,2,10.1929,0.95,step,-1
543,3,10.7054,1.1,step,0
543,4,10.4415,1.25,step,1

frame,idx,score,alpha,step_norm,z_coarse
544,0,5.70627,0.65,step,-3
544,1,7.76175,0.8,step,-2
544,2,10.1778,0.95,step,-1
544,3,10.6962,1.1,step,0
544,4,10.4404,1.25,step,1

frame,idx,score,alpha,step_norm,z_coarse
545,0,5.70665,0.65,step,-3
545,1,7.76123,0.8,step,-2
545,2,10.1766,0.95,step,-1
545,3,10.6963,1.1,step,0
545,4,10.4417,1.25,step,1

frame,idx,score,alpha,step_norm,z_coarse
546,0,5.71675,0.65,step,-3
546,1,7.77455,0.8,step,-2
546,2,10.1965,0.95,step,-1
546,3,10.7079,1.1,step,0
546,4,10.4427,1.25,step,1

frame,idx,score,alpha,step_norm,z_coarse
547,0,5.70748,0.65,step,-3
547,1,7.75917,0.8,step,-2
547,2,10.1766,0.95,step,-1
547,3,10.697,1.1,step,0
547,4,10.4426,1.25,step,1

frame,idx,score,alpha,step_norm,z_coarse
548,0,5.70753,0.65,step,-3
548,1,7.76595,0.8,step,-2
548,2,10.1829,0.95,step,-1
548,3,10.7022,1.1,step,0
548,4,10.4456,1.25,step,1

frame,idx,score,alpha,step_norm,z_coarse
549,0,5.71523,0.65,step,-3
549,1,7.77332,0.8,step,-2
549,2,10.1961,0.95,step,-1
549,3,10.712,1.1,step,0
549,4,10.4523,1.25,step,1

frame,idx,score,alpha,step_norm,z_coarse
550,0,5.71013,0.65,step,-3
550,1,7.77005,0.8,step,-2
550,2,10.1899,0.95,step,-1
550,3,10.7056,1.1,step,0
550,4,10.4459,1.25,step,1

frame,idx,score,alpha,step_norm,z_coarse
551,0,5.70996,0.65,step,-3
551,1,7.76537,0.8,step,-2
551,2,10.1841,0.95,step,-1
551,3,10.7044,1.1,step,0
551,4,10.4489,1.25,step,1

frame,idx,score,alpha,step_norm,z_coarse
552,0,5.70363,0.65,step,-3
552,1,7.75637,0.8,step,-2
552,2,10.1722,0.95,step,-1
552,3,10.6943,1.1,step,0
552,4,10.4418,1.25,step,1

frame,idx,score,alpha,step_norm,z_coarse
553,0,5.71596,0.65,step,-3
553,1,7.77305,0.8,step,-2
553,2,10.194,0.95,step,-1
553,3,10.7067,1.1,step,0
553,4,10.4437,1.25,step,1

frame,idx,score,alpha,step_norm,z_coarse
554,0,5.71136,0.65,step,-3
554,1,7.7685,0.8,step,-2
554,2,10.1892,0.95,step,-1
554,3,10.7068,1.1,step,0
554,4,10.4483,1.25,step,1

frame,idx,score,alpha,step_norm,z_coarse
555,0,5.71105,0.65,step,-3
555,1,7.76894,0.8,step,-2
555,2,10.1881,0.95,step,-1
555,3,10.7095,1.1,step,0
555,4,10.4542,1.25,step,1

frame,idx,score,alpha,step_norm,z_coarse
556,0,5.71487,0.65,step,-3
556,1,7.77477,0.8,step,-2
556,2,10.1972,0.95,step,-1
556,3,10.7111,1.1,step,0
556,4,10.448,1.25,step,1

frame,idx,score,alpha,step_norm,z_coarse
557,0,5.71495,0.65,step,-3
557,1,7.7681,0.8,step,-2
557,2,10.1858,0.95,step,-1
557,3,10.7075,1.1,step,0
557,4,10.4517,1.25,step,1

frame,idx,score,alpha,step_norm,z_coarse
558,0,5.70716,0.65,step,-3
558,1,7.76488,0.8,step,-2
558,2,10.1802,0.95,step,-1
558,3,10.6981,1.1,step,0
558,4,10.4414,1.25,step,1

frame,idx,score,alpha,step_norm,z_coarse
559,0,5.7125,0.65,step,-3
559,1,7.77005,0.8,step,-2
559,2,10.1905,0.95,step,-1
559,3,10.7063,1.1,step,0
559,4,10.4467,1.25,step,1

frame,idx,score,alpha,step_norm,z_coarse
560,0,5.71044,0.65,step,-3
560,1,7.76527,0.8,step,-2
560,2,10.1815,0.95,step,-1
560,3,10.7001,1.1,step,0
560,4,10.4446,1.25,step,1

frame,idx,score,alpha,step_norm,z_coarse
561,0,5.71095,0.65,step,-3
561,1,7.76909,0.8,step,-2
561,2,10.1908,0.95,step,-1
561,3,10.7104,1.1,step,0
561,4,10.4543,1.25,step,1

frame,idx,score,alpha,step_norm,z_coarse
562,0,5.71176,0.65,step,-3
562,1,7.76823,0.8,step,-2
562,2,10.1865,0.95,step,-1
562,3,10.706,1.1,step,0
562,4,10.4527,1.25,step,1

frame,idx,score,alpha,step_norm,z_coarse
563,0,5.70998,0.65,step,-3
563,1,7.76813,0.8,step,-2
563,2,10.1888,0.95,step,-1
563,3,10.7035,1.1,step,0
563,4,10.4429,1.25,step,1

frame,idx,score,alpha,step_norm,z_coarse
564,0,5.71245,0.65,step,-3
564,1,7.76981,0.8,step,-2
564,2,10.1856,0.95,step,-1
564,3,10.7033,1.1,step,0
564,4,10.4461,1.25,step,1

frame,idx,score,alpha,step_norm,z_coarse
565,0,5.71239,0.65,step,-3
565,1,7.7682,0.8,step,-2
565,2,10.187,0.95,step,-1
565,3,10.7034,1.1,step,0
565,4,10.4453,1.25,step,1

frame,idx,score,alpha,step_norm,z_coarse
566,0,5.70983,0.65,step,-3
566,1,7.76452,0.8,step,-2
566,2,10.183,0.95,step,-1
566,3,10.7025,1.1,step,0
566,4,10.4466,1.25,step,1

frame,idx,score,alpha,step_norm,z_coarse
567,0,5.71393,0.65,step,-3
567,1,7.77263,0.8,step,-2
567,2,10.1932,0.95,step,-1
567,3,10.7092,1.1,step,0
567,4,10.4505,1.25,step,1

frame,idx,score,alpha,step_norm,z_coarse
568,0,5.71212,0.65,step,-3
568,1,7.77041,0.8,step,-2
568,2,10.1904,0.95,step,-1
568,3,10.7054,1.1,step,0
568,4,10.4437,1.25,step,1

frame,idx,score,alpha,step_norm,z_coarse
569,0,5.71441,0.65,step,-3
569,1,7.77184,0.8,step,-2
569,2,10.1904,0.95,step,-1
569,3,10.7058,1.1,step,0
569,4,10.4459,1.25,step,1

frame,idx,score,alpha,step_norm,z_coarse
570,0,5.71197,0.65,step,-3
570,1,7.76752,0.8,step,-2
570,2,10.1863,0.95,step,-1
570,3,10.7043,1.1,step,0
570,4,10.4469,1.25,step,1

frame,idx,score,alpha,step_norm,z_coarse
571,0,5.7075,0.65,step,-3
571,1,7.76258,0.8,step,-2
571,2,10.1819,0.95,step,-1
571,3,10.6999,1.1,step,0
571,4,10.4422,1.25,step,1

frame,idx,score,alpha,step_norm,z_coarse
572,0,5.70998,0.65,step,-3
572,1,7.7653,0.8,step,-2
572,2,10.1859,0.95,step,-1
572,3,10.7037,1.1,step,0
572,4,10.4459,1.25,step,1

frame,idx,score,alpha,step_norm,z_coarse
573,0,5.71157,0.65,step,-3
573,1,7.76964,0.8,step,-2
573,2,10.1888,0.95,step,-1
573,3,10.7048,1.1,step,0
573,4,10.4456,1.25,step,1

frame,idx,score,alpha,step_norm,z_coarse
574,0,5.71341,0.65,step,-3
574,1,7.76922,0.8,step,-2
574,2,10.1846,0.95,step,-1
574,3,10.7012,1.1,step,0
574,4,10.4429,1.25,step,1

frame,idx,score,alpha,step_norm,z_coarse
575,0,5.71184,0.65,step,-3
575,1,7.76703,0.8,step,-2
575,2,10.1846,0.95,step,-1
575,3,10.7041,1.1,step,0
575,4,10.4479,1.25,step,1

frame,idx,score,alpha,step_norm,z_coarse
576,0,5.70607,0.65,step,-3
576,1,7.75924,0.8,step,-2
576,2,10.1774,0.95,step,-1
576,3,10.7007,1.1,step,0
576,4,10.4481,1.25,step,1

frame,idx,score,alpha,step_norm,z_coarse
577,0,5.71174,0.65,step,-3
577,1,7.76694,0.8,step,-2
577,2,10.1897,0.95,step,-1
577,3,10.7104,1.1,step,0
577,4,10.4534,1.25,step,1

frame,idx,score,alpha,step_norm,z_coarse
578,0,5.70943,0.65,step,-3
578,1,7.76706,0.8,step,-2
578,2,10.186,0.95,step,-1
578,3,10.7033,1.1,step,0
578,4,10.4453,1.25,step,1

frame,idx,score,alpha,step_norm,z_coarse
579,0,5.71048,0.65,step,-3
579,1,7.76528,0.8,step,-2
579,2,10.1829,0.95,step,-1
579,3,10.7049,1.1,step,0
579,4,10.4504,1.25,step,1

frame,idx,score,alpha,step_norm,z_coarse
580,0,5.70921,0.65,step,-3
580,1,7.7649,0.8,step,-2
580,2,10.185,0.95,step,-1
580,3,10.7032,1.1,step,0
580,4,10.4453,1.25,step,1

frame,idx,score,alpha,step_norm,z_coarse
581,0,5.71013,0.65,step,-3
581,1,7.76802,0.8,step,-2
581,2,10.1904,0.95,step,-1
581,3,10.7097,1.1,step,0
581,4,10.4522,1.25,step,1

frame,idx,score,alpha,step_norm,z_coarse
582,0,5.71348,0.65,step,-3
582,1,7.76947,0.8,step,-2
582,2,10.1904,0.95,step,-1
582,3,10.7049,1.1,step,0
582,4,10.4425,1.25,step,1

frame,idx,score,alpha,step_norm,z_coarse
583,0,5.71047,0.65,step,-3
583,1,7.76859,0.8,step,-2
583,2,10.1832,0.95,step,-1
583,3,10.6984,1.1,step,0
583,4,10.4396,1.25,step,1

frame,idx,score,alpha,step_norm,z_coarse
584,0,5.71518,0.65,step,-3
584,1,7.76987,0.8,step,-2
584,2,10.1926,0.95,step,-1
584,3,10.7084,1.1,step,0
584,4,10.447,1.25,step,1

frame,idx,score,alpha,step_norm,z_coarse
585,0,5.71292,0.65,step,-3
585,1,7.77077,0.8,step,-2
585,2,10.1903,0.95,step,-1
585,3,10.7077,1.1,step,0
585,4,10.4486,1.25,step,1

frame,idx,score,alpha,step_norm,z_coarse
586,0,5.71436,0.65,step,-3
586,1,7.76823,0.8,step,-2
586,2,10.1871,0.95,step,-1
586,3,10.7085,1.1,step,0
586,4,10.4524,1.25,step,1

frame,idx,score,alpha,step_norm,z_coarse
587,0,5.71336,0.65,step,-3
587,1,7.76873,0.8,step,-2
587,2,10.1879,0.95,step,-1
587,3,10.7061,1.1,step,0
587,4,10.4483,1.25,step,1

frame,idx,score,alpha,step_norm,z_coarse
588,0,5.71078,0.65,step,-3
588,1,7.76867,0.8,step,-2
588,2,10.1855,0.95,step,-1
588,3,10.7021,1.1,step,0
588,4,10.4436,1.25,step,1

frame,idx,score,alpha,step_norm,z_coarse
589,0,5.70975,0.65,step,-3
589,1,7.7669,0.8,step,-2
589,2,10.1822,0.95,step,-1
589,3,10.7021,1.1,step,0
589,4,10.4471,1.25,step,1

frame,idx,score,alpha,step_norm,z_coarse
590,0,5.71095,0.65,step,-3
590,1,7.76802,0.8,step,-2
590,2,10.1873,0.95,step,-1
590,3,10.7055,1.1,step,0
590,4,10.4477,1.25,step,1

frame,idx,score,alpha,step_norm,z_coarse
591,0,5.70988,0.65,step,-3
591,1,7.76613,0.8,step,-2
591,2,10.184,0.95,step,-1
591,3,10.7022,1.1,step,0
591,4,10.4444,1.25,step,1

frame,idx,score,alpha,step_norm,z_coarse
592,0,5.71054,0.65,step,-3
592,1,7.76706,0.8,step,-2
592,2,10.1855,0.95,step,-1
592,3,10.7056,1.1,step,0
592,4,10.4488,1.25,step,1

frame,idx,score,alpha,step_norm,z_coarse
593,0,5.71066,0.65,step,-3
593,1,7.76479,0.8,step,-2
593,2,10.1813,0.95,step,-1
593,3,10.7001,1.1,step,0
593,4,10.4448,1.25,step,1

frame,idx,score,alpha,step_norm,z_coarse
594,0,5.70947,0.65,step,-3
594,1,7.76356,0.8,step,-2
594,2,10.1773,0.95,step,-1
594,3,10.6956,1.1,step,0
594,4,10.4402,1.25,step,1

frame,idx,score,alpha,step_norm,z_coarse
595,0,5.71255,0.65,step,-3
595,1,7.76761,0.8,step,-2
595,2,10.1854,0.95,step,-1
595,3,10.7035,1.1,step,0
595,4,10.4459,1.25,step,1

frame,idx,score,alpha,step_norm,z_coarse
596,0,5.71246,0.65,step,-3
596,1,7.76782,0.8,step,-2
596,2,10.1865,0.95,step,-1
596,3,10.7061,1.1,step,0
596,4,10.451,1.25,step,1

frame,idx,score,alpha,step_norm,z_coarse
597,0,5.71192,0.65,step,-3
597,1,7.76717,0.8,step,-2
597,2,10.1874,0.95,step,-1
597,3,10.7078,1.1,step,0
597,4,10.4517,1.25,step,1

frame,idx,score,alpha,step_norm,z_coarse
598,0,5.7073,0.65,step,-3
598,1,7.7611,0.8,step,-2
598,2,10.1786,0.95,step,-1
598,3,10.7024,1.1,step,0
598,4,10.451,1.25,step,1

frame,idx,score,alpha,step_norm,z_coarse
599,0,5.71221,0.65,step,-3
599,1,7.76591,0.8,step,-2
599,2,10.1795,0.95,step,-1
599,3,10.6996,1.1,step,0
599,4,10.4465,1.25,step,1

frame,idx,score,alpha,step_norm,z_coarse
600,0,5.71144,0.65,step,-3
600,1,7.7699,0.8,step,-2
600,2,10.1909,0.95,step,-1
600,3,10.7101,1.1,step,0
600,4,10.4535,1.25,step,1

frame,idx,score,alpha,step_norm,z_coarse
601,0,5.70868,0.65,step,-3
601,1,7.76613,0.8,step,-2
601,2,10.1846,0.95,step,-1
601,3,10.7048,1.1,step,0
601,4,10.449,1.25,step,1

frame,idx,score,alpha,step_norm,z_coarse
602,0,5.71164,0.65,step,-3
602,1,7.76416,0.8,step,-2
602,2,10.1803,0.95,step,-1
602,3,10.7026,1.1,step,0
602,4,10.4513,1.25,step,1

frame,idx,score,alpha,step_norm,z_coarse
603,0,5.71314,0.65,step,-3
603,1,7.7693,0.8,step,-2
603,2,10.1907,0.95,step,-1
603,3,10.7102,1.1,step,0
603,4,10.4537,1.25,step,1

frame,idx,score,alpha,step_norm,z_coarse
604,0,5.71221,0.65,step,-3
604,1,7.7718,0.8,step,-2
604,2,10.1941,0.95,step,-1
604,3,10.7079,1.1,step,0
604,4,10.4456,1.25,step,1

frame,idx,score,alpha,step_norm,z_coarse
605,0,5.71683,0.65,step,-3
605,1,7.77595,0.8,step,-2
605,2,10.1972,0.95,step,-1
605,3,10.7116,1.1,step,0
605,4,10.4506,1.25,step,1

frame,idx,score,alpha,step_norm,z_coarse
606,0,5.71384,0.65,step,-3
606,1,7.76974,0.8,step,-2
606,2,10.1905,0.95,step,-1
606,3,10.7099,1.1,step,0
606,4,10.4533,1.25,step,1

frame,idx,score,alpha,step_norm,z_coarse
607,0,5.70522,0.65,step,-3
607,1,7.75943,0.8,step,-2
607,2,10.174,0.95,step,-1
607,3,10.6973,1.1,step,0
607,4,10.4468,1.25,step,1

frame,idx,score,alpha,step_norm,z_coarse
608,0,5.70352,0.65,step,-3
608,1,7.75511,0.8,step,-2
608,2,10.1735,0.95,step,-1
608,3,10.6972,1.1,step,0
608,4,10.4461,1.25,step,1

frame,idx,score,alpha,step_norm,z_coarse
609,0,5.70952,0.65,step,-3
609,1,7.7628,0.8,step,-2
609,2,10.1812,0.95,step,-1
609,3,10.7035,1.1,step,0
609,4,10.4504,1.25,step,1

frame,idx,score,alpha,step_norm,z_coarse
610,0,5.71413,0.65,step,-3
610,1,7.7714,0.8,step,-2
610,2,10.1877,0.95,step,-1
610,3,10.7052,1.1,step,0
610,4,10.4474,1.25,step,1

frame,idx,score,alpha,step_norm,z_coarse
611,0,5.71416,0.65,step,-3
611,1,7.77101,0.8,step,-2
611,2,10.1889,0.95,step,-1
611,3,10.7061,1.1,step,0
611,4,10.448,1.25,step,1

frame,idx,score,alpha,step_norm,z_coarse
612,0,5.71329,0.65,step,-3
612,1,7.77045,0.8,step,-2
612,2,10.1891,0.95,step,-1
612,3,10.7097,1.1,step,0
612,4,10.4537,1.25,step,1

frame,idx,score,alpha,step_norm,z_coarse
613,0,5.71506,0.65,step,-3
613,1,7.76906,0.8,step,-2
613,2,10.1891,0.95,step,-1
613,3,10.7045,1.1,step,0
613,4,10.445,1.25,step,1

frame,idx,score,alpha,step_norm,z_coarse
614,0,5.71507,0.65,step,-3
614,1,7.77294,0.8,step,-2
614,2,10.1909,0.95,step,-1
614,3,10.7071,1.1,step,0
614,4,10.4484,1.25,step,1

frame,idx,score,alpha,step_norm,z_coarse
615,0,5.70766,0.65,step,-3
615,1,7.75975,0.8,step,-2
615,2,10.1773,0.95,step,-1
615,3,10.701,1.1,step,0
615,4,10.448,1.25,step,1

frame,idx,score,alpha,step_norm,z_coarse
616,0,5.71069,0.65,step,-3
616,1,7.76749,0.8,step,-2
616,2,10.1868,0.95,step,-1
616,3,10.707,1.1,step,0
616,4,10.4509,1.25,step,1

frame,idx,score,alpha,step_norm,z_coarse
617,0,5.71449,0.65,step,-3
617,1,7.76847,0.8,step,-2
617,2,10.1895,0.95,step,-1
617,3,10.7094,1.1,step,0
617,4,10.4519,1.25,step,1

frame,idx,score,alpha,step_norm,z_coarse
618,0,5.70857,0.65,step,-3
618,1,7.76131,0.8,step,-2
618,2,10.1789,0.95,step,-1
618,3,10.7056,1.1,step,0
618,4,10.4565,1.25,step,1

frame,idx,score,alpha,step_norm,z_coarse
619,0,5.70828,0.65,step,-3
619,1,7.75888,0.8,step,-2
619,2,10.1722,0.95,step,-1
619,3,10.6986,1.1,step,0
619,4,10.4498,1.25,step,1

frame,idx,score,alpha,step_norm,z_coarse
620,0,5.71128,0.65,step,-3
620,1,7.76545,0.8,step,-2
620,2,10.185,0.95,step,-1
620,3,10.7078,1.1,step,0
620,4,10.4542,1.25,step,1

frame,idx,score,alpha,step_norm,z_coarse
621,0,5.71173,0.65,step,-3
621,1,7.76704,0.8,step,-2
621,2,10.185,0.95,step,-1
621,3,10.7066,1.1,step,0
621,4,10.4527,1.25,step,1

frame,idx,score,alpha,step_norm,z_coarse
622,0,5.71255,0.65,step,-3
622,1,7.76651,0.8,step,-2
622,2,10.1844,0.95,step,-1
622,3,10.7019,1.1,step,0
622,4,10.444,1.25,step,1

frame,idx,score,alpha,step_norm,z_coarse
623,0,5.71627,0.65,step,-3
623,1,7.77317,0.8,step,-2
623,2,10.1929,0.95,step,-1
623,3,10.7107,1.1,step,0
623,4,10.4526,1.25,step,1

frame,idx,score,alpha,step_norm,z_coarse
624,0,5.71134,0.65,step,-3
624,1,7.76637,0.8,step,-2
624,2,10.1856,0.95,step,-1
624,3,10.7075,1.1,step,0
624,4,10.4525,1.25,step,1

frame,idx,score,alpha,step_norm,z_coarse
625,0,5.71171,0.65,step,-3
625,1,7.76332,0.8,step,-2
625,2,10.1816,0.95,step,-1
625,3,10.7027,1.1,step,0
625,4,10.4482,1.25,step,1

frame,idx,score,alpha,step_norm,z_coarse
626,0,5.7102,0.65,step,-3
626,1,7.76461,0.8,step,-2
626,2,10.1789,0.95,step,-1
626,3,10.7024,1.1,step,0
626,4,10.4508,1.25,step,1

frame,idx,score,alpha,step_norm,z_coarse
627,0,5.71099,0.65,step,-3
627,1,7.76677,0.8,step,-2
627,2,10.189,0.95,step,-1
627,3,10.7103,1.1,step,0
627,4,10.4546,1.25,step,1

frame,idx,score,alpha,step_norm,z_coarse
628,0,5.71368,0.65,step,-3
628,1,7.7696,0.8,step,-2
628,2,10.1909,0.95,step,-1
628,3,10.7094,1.1,step,0
628,4,10.4516,1.25,step,1

frame,idx,score,alpha,step_norm,z_coarse
629,0,5.71601,0.65,step,-3
629,1,7.77582,0.8,step,-2
629,2,10.1967,0.95,step,-1
629,3,10.7138,1.1,step,0
629,4,10.4529,1.25,step,1

frame,idx,score,alpha,step_norm,z_coarse
630,0,5.71736,0.65,step,-3
630,1,7.77086,0.8,step,-2
630,2,10.1898,0.95,step,-1
630,3,10.7068,1.1,step,0
630,4,10.4489,1.25,step,1

frame,idx,score,alpha,step_norm,z_coarse
631,0,5.70886,0.65,step,-3
631,1,7.76363,0.8,step,-2
631,2,10.1789,0.95,step,-1
631,3,10.7002,1.1,step,0
631,4,10.4471,1.25,step,1

frame,idx,score,alpha,step_norm,z_coarse
632,0,5.71352,0.65,step,-3
632,1,7.77144,0.8,step,-2
632,2,10.1907,0.95,step,-1
632,3,10.7091,1.1,step,0
632,4,10.451,1.25,step,1

frame,idx,score,alpha,step_norm,z_coarse
633,0,5.71218,0.65,step,-3
633,1,7.76939,0.8,step,-2
633,2,10.1899,0.95,step,-1
633,3,10.7073,1.1,step,0
633,4,10.4481,1.25,step,1

frame,idx,score,alpha,step_norm,z_coarse
634,0,5.71621,0.65,step,-3
634,1,7.77443,0.8,step,-2
634,2,10.1933,0.95,step,-1
634,3,10.7093,1.1,step,0
634,4,10.4503,1.25,step,1

frame,idx,score,alpha,step_norm,z_coarse
635,0,5.71136,0.65,step,-3
635,1,7.76496,0.8,step,-2
635,2,10.1822,0.95,step,-1
635,3,10.7045,1.1,step,0
635,4,10.4514,1.25,step,1

frame,idx,score,alpha,step_norm,z_coarse
636,0,5.70613,0.65,step,-3
636,1,7.7573,0.8,step,-2
636,2,10.1703,0.95,step,-1
636,3,10.6941,1.1,step,0
636,4,10.4441,1.25,step,1

frame,idx,score,alpha,step_norm,z_coarse
637,0,5.71211,0.65,step,-3
637,1,7.76744,0.8,step,-2
637,2,10.1856,0.95,step,-1
637,3,10.7073,1.1,step,0
637,4,10.4525,1.25,step,1

frame,idx,score,alpha,step_norm,z_coarse
638,0,5.70916,0.65,step,-3
638,1,7.76743,0.8,step,-2
638,2,10.1901,0.95,step,-1
638,3,10.7061,1.1,step,0
638,4,10.4474,1.25,step,1

frame,idx,score,alpha,step_norm,z_coarse
639,0,5.71579,0.65,step,-3
639,1,7.77302,0.8,step,-2
639,2,10.1938,0.95,step,-1
639,3,10.7103,1.1,step,0
639,4,10.4519,1.25,step,1

frame,idx,score,alpha,step_norm,z_coarse
640,0,5.7105,0.65,step,-3
640,1,7.76198,0.8,step,-2
640,2,10.18,0.95,step,-1
640,3,10.7015,1.1,step,0
640,4,10.4468,1.25,step,1

frame,idx,score,alpha,step_norm,z_coarse
641,0,5.71015,0.65,step,-3
641,1,7.76275,0.8,step,-2
641,2,10.1774,0.95,step,-1
641,3,10.6997,1.1,step,0
641,4,10.4469,1.25,step,1

frame,idx,score,alpha,step_norm,z_coarse
642,0,5.7142,0.65,step,-3
642,1,7.7698,0.8,step,-2
642,2,10.187,0.95,step,-1
642,3,10.7019,1.1,step,0
642,4,10.442,1.25,step,1

frame,idx,score,alpha,step_norm,z_coarse
643,0,5.71519,0.65,step,-3
643,1,7.77582,0.8,step,-2
643,2,10.196,0.95,step,-1
643,3,10.7107,1.1,step,0
643,4,10.4501,1.25,step,1

frame,idx,score,alpha,step_norm,z_coarse
644,0,5.70861,0.65,step,-3
644,1,7.76228,0.8,step,-2
644,2,10.1797,0.95,step,-1
644,3,10.6987,1.1,step,0
644,4,10.4418,1.25,step,1

frame,idx,score,alpha,step_norm,z_coarse
645,0,5.7069,0.65,step,-3
645,1,7.75843,0.8,step,-2
645,2,10.1763,0.95,step,-1
645,3,10.7008,1.1,step,0
645,4,10.4475,1.25,step,1

frame,idx,score,alpha,step_norm,z_coarse
646,0,5.70795,0.65,step,-3
646,1,7.76348,0.8,step,-2
646,2,10.1828,0.95,step,-1
646,3,10.7067,1.1,step,0
646,4,10.4549,1.25,step,1

frame,idx,score,alpha,step_norm,z_coarse
647,0,5.71324,0.65,step,-3
647,1,7.76824,0.8,step,-2
647,2,10.1846,0.95,step,-1
647,3,10.7044,1.1,step,0
647,4,10.4494,1.25,step,1

frame,idx,score,alpha,step_norm,z_coarse
648,0,5.71153,0.65,step,-3
648,1,7.76447,0.8,step,-2
648,2,10.18,0.95,step,-1
648,3,10.701,1.1,step,0
648,4,10.4473,1.25,step,1

frame,idx,score,alpha,step_norm,z_coarse
649,0,5.70584,0.65,step,-3
649,1,7.75929,0.8,step,-2
649,2,10.1749,0.95,step,-1
649,3,10.6955,1.1,step,0
649,4,10.442,1.25,step,1

frame,idx,score,alpha,step_norm,z_coarse
650,0,5.71406,0.65,step,-3
650,1,7.76694,0.8,step,-2
650,2,10.1798,0.95,step,-1
650,3,10.703,1.1,step,0
650,4,10.4506,1.25,step,1

frame,idx,score,alpha,step_norm,z_coarse
651,0,5.71206,0.65,step,-3
651,1,7.77003,0.8,step,-2
651,2,10.1917,0.95,step,-1
651,3,10.7094,1.1,step,0
651,4,10.4495,1.25,step,1

frame,idx,score,alpha,step_norm,z_coarse
652,0,5.71508,0.65,step,-3
652,1,7.773,0.8,step,-2
652,2,10.1893,0.95,step,-1
652,3,10.7035,1.1,step,0
652,4,10.444,1.25,step,1

frame,idx,score,alpha,step_norm,z_coarse
653,0,5.71309,0.65,step,-3
653,1,7.76824,0.8,step,-2
653,2,10.1861,0.95,step,-1
653,3,10.7036,1.1,step,0
653,4,10.4464,1.25,step,1

frame,idx,score,alpha,step_norm,z_coarse
654,0,5.70839,0.65,step,-3
654,1,7.76489,0.8,step,-2
654,2,10.1824,0.95,step,-1
654,3,10.7023,1.1,step,0
654,4,10.4459,1.25,step,1

frame,idx,score,alpha,step_norm,z_coarse
655,0,5.71122,0.65,step,-3
655,1,7.76893,0.8,step,-2
655,2,10.1874,0.95,step,-1
655,3,10.706,1.1,step,0
655,4,10.4477,1.25,step,1

frame,idx,score,alpha,step_norm,z_coarse
656,0,5.71487,0.65,step,-3
656,1,7.77112,0.8,step,-2
656,2,10.1892,0.95,step,-1
656,3,10.7077,1.1,step,0
656,4,10.4499,1.25,step,1

frame,idx,score,alpha,step_norm,z_coarse
657,0,5.71366,0.65,step,-3
657,1,7.77043,0.8,step,-2
657,2,10.1924,0.95,step,-1
657,3,10.7091,1.1,step,0
657,4,10.4491,1.25,step,1

frame,idx,score,alpha,step_norm,z_coarse
658,0,5.71451,0.65,step,-3
658,1,7.76807,0.8,step,-2
658,2,10.1846,0.95,step,-1
658,3,10.7019,1.1,step,0
658,4,10.4443,1.25,step,1

frame,idx,score,alpha,step_norm,z_coarse
659,0,5.7105,0.65,step,-3
659,1,7.76328,0.8,step,-2
659,2,10.1783,0.95,step,-1
659,3,10.6987,1.1,step,0
659,4,10.4441,1.25,step,1

frame,idx,score,alpha,step_norm,z_coarse
660,0,5.70646,0.65,step,-3
660,1,7.76131,0.8,step,-2
660,2,10.1767,0.95,step,-1
660,3,10.7,1.1,step,0
660,4,10.447,1.25,step,1

frame,idx,score,alpha,step_norm,z_coarse
661,0,5.71235,0.65,step,-3
661,1,7.7672,0.8,step,-2
661,2,10.1829,0.95,step,-1
661,3,10.7045,1.1,step,0
661,4,10.4493,1.25,step,1

frame,idx,score,alpha,step_norm,z_coarse
662,0,5.71477,0.65,step,-3
662,1,7.77168,0.8,step,-2
662,2,10.1911,0.95,step,-1
662,3,10.7081,1.1,step,0
662,4,10.4497,1.25,step,1

frame,idx,score,alpha,step_norm,z_coarse
663,0,5.70526,0.65,step,-3
663,1,7.75702,0.8,step,-2
663,2,10.1772,0.95,step,-1
663,3,10.6995,1.1,step,0
663,4,10.4463,1.25,step,1

frame,idx,score,alpha,step_norm,z_coarse
664,0,5.70871,0.65,step,-3
664,1,7.76173,0.8,step,-2
664,2,10.1787,0.95,step,-1
664,3,10.7024,1.1,step,0
664,4,10.4506,1.25,step,1

frame,idx,score,alpha,step_norm,z_coarse
665,0,5.70931,0.65,step,-3
665,1,7.7657,0.8,step,-2
665,2,10.1801,0.95,step,-1
665,3,10.7002,1.1,step,0
665,4,10.4455,1.25,step,1

frame,idx,score,alpha,step_norm,z_coarse
666,0,5.71031,0.65,step,-3
666,1,7.7637,0.8,step,-2
666,2,10.1824,0.95,step,-1
666,3,10.7031,1.1,step,0
666,4,10.4452,1.25,step,1

frame,idx,score,alpha,step_norm,z_coarse
667,0,5.71454,0.65,step,-3
667,1,7.76972,0.8,step,-2
667,2,10.1875,0.95,step,-1
667,3,10.7038,1.1,step,0
667,4,10.4457,1.25,step,1

frame,idx,score,alpha,step_norm,z_coarse
668,0,5.70833,0.65,step,-3
668,1,7.76247,0.8,step,-2
668,2,10.1819,0.95,step,-1
668,3,10.7035,1.1,step,0
668,4,10.4477,1.25,step,1

frame,idx,score,alpha,step_norm,z_coarse
669,0,5.71111,0.65,step,-3
669,1,7.7647,0.8,step,-2
669,2,10.1814,0.95,step,-1
669,3,10.6987,1.1,step,0
669,4,10.44,1.25,step,1

frame,idx,score,alpha,step_norm,z_coarse
670,0,5.71284,0.65,step,-3
670,1,7.77316,0.8,step,-2
670,2,10.193,0.95,step,-1
670,3,10.7069,1.1,step,0
670,4,10.444,1.25,step,1

frame,idx,score,alpha,step_norm,z_coarse
671,0,5.71456,0.65,step,-3
671,1,7.77306,0.8,step,-2
671,2,10.1929,0.95,step,-1
671,3,10.7063,1.1,step,0
671,4,10.4429,1.25,step,1

frame,idx,score,alpha,step_norm,z_coarse
672,0,5.71507,0.65,step,-3
672,1,7.77156,0.8,step,-2
672,2,10.1874,0.95,step,-1
672,3,10.7019,1.1,step,0
672,4,10.4422,1.25,step,1

frame,idx,score,alpha,step_norm,z_coarse
673,0,5.70951,0.65,step,-3
673,1,7.76277,0.8,step,-2
673,2,10.1786,0.95,step,-1
673,3,10.7006,1.1,step,0
673,4,10.4462,1.25,step,1

frame,idx,score,alpha,step_norm,z_coarse
674,0,5.71035,0.65,step,-3
674,1,7.76257,0.8,step,-2
674,2,10.1799,0.95,step,-1
674,3,10.7018,1.1,step,0
674,4,10.4479,1.25,step,1

frame,idx,score,alpha,step_norm,z_coarse
675,0,5.71041,0.65,step,-3
675,1,7.7665,0.8,step,-2
675,2,10.1857,0.95,step,-1
675,3,10.704,1.1,step,0
675,4,10.4461,1.25,step,1

frame,idx,score,alpha,step_norm,z_coarse
676,0,5.71149,0.65,step,-3
676,1,7.76737,0.8,step,-2
676,2,10.1876,0.95,step,-1
676,3,10.7044,1.1,step,0
676,4,10.445,1.25,step,1

frame,idx,score,alpha,step_norm,z_coarse
677,0,5.71183,0.65,step,-3
677,1,7.76883,0.8,step,-2
677,2,10.1865,0.95,step,-1
677,3,10.7034,1.1,step,0
677,4,10.4438,1.25,step,1

frame,idx,score,alpha,step_norm,z_coarse
678,0,5.70877,0.65,step,-3
678,1,7.75971,0.8,step,-2
678,2,10.1736,0.95,step,-1
678,3,10.6968,1.1,step,0
678,4,10.4453,1.25,step,1

frame,idx,score,alpha,step_norm,z_coarse
679,0,5.70799,0.65,step,-3
679,1,7.76273,0.8,step,-2
679,2,10.1828,0.95,step,-1
679,3,10.701,1.1,step,0
679,4,10.4427,1.25,step,1

frame,idx,score,alpha,step_norm,z_coarse
680,0,5.70922,0.65,step,-3
680,1,7.76254,0.8,step,-2
680,2,10.1756,0.95,step,-1
680,3,10.6917,1.1,step,0
680,4,10.4339,1.25,step,1

frame,idx,score,alpha,step_norm,z_coarse
681,0,5.71062,0.65,step,-3
681,1,7.76593,0.8,step,-2
681,2,10.1847,0.95,step,-1
681,3,10.7021,1.1,step,0
681,4,10.4432,1.25,step,1

frame,idx,score,alpha,step_norm,z_coarse
682,0,5.70616,0.65,step,-3
682,1,7.76103,0.8,step,-2
682,2,10.1779,0.95,step,-1
682,3,10.6973,1.1,step,0
682,4,10.4417,1.25,step,1

frame,idx,score,alpha,step_norm,z_coarse
683,0,5.70633,0.65,step,-3
683,1,7.76004,0.8,step,-2
683,2,10.1767,0.95,step,-1
683,3,10.6997,1.1,step,0
683,4,10.4465,1.25,step,1

frame,idx,score,alpha,step_norm,z_coarse
684,0,5.71061,0.65,step,-3
684,1,7.76657,0.8,step,-2
684,2,10.1817,0.95,step,-1
684,3,10.6987,1.1,step,0
684,4,10.442,1.25,step,1

frame,idx,score,alpha,step_norm,z_coarse
685,0,5.70868,0.65,step,-3
685,1,7.76375,0.8,step,-2
685,2,10.1813,0.95,step,-1
685,3,10.6993,1.1,step,0
685,4,10.4443,1.25,step,1

frame,idx,score,alpha,step_norm,z_coarse
686,0,5.71057,0.65,step,-3
686,1,7.76529,0.8,step,-2
686,2,10.1815,0.95,step,-1
686,3,10.6975,1.1,step,0
686,4,10.4386,1.25,step,1

frame,idx,score,alpha,step_norm,z_coarse
687,0,5.71183,0.65,step,-3
687,1,7.76775,0.8,step,-2
687,2,10.1864,0.95,step,-1
687,3,10.7043,1.1,step,0
687,4,10.4455,1.25,step,1

frame,idx,score,alpha,step_norm,z_coarse
688,0,5.70865,0.65,step,-3
688,1,7.76227,0.8,step,-2
688,2,10.1791,0.95,step,-1
688,3,10.6962,1.1,step,0
688,4,10.4381,1.25,step,1

frame,idx,score,alpha,step_norm,z_coarse
689,0,5.70886,0.65,step,-3
689,1,7.7616,0.8,step,-2
689,2,10.1787,0.95,step,-1
689,3,10.6982,1.1,step,0
689,4,10.4414,1.25,step,1

frame,idx,score,alpha,step_norm,z_coarse
690,0,5.71287,0.65,step,-3
690,1,7.76709,0.8,step,-2
690,2,10.1818,0.95,step,-1
690,3,10.7002,1.1,step,0
690,4,10.4446,1.25,step,1

frame,idx,score,alpha,step_norm,z_coarse
691,0,5.70732,0.65,step,-3
691,1,7.76058,0.8,step,-2
691,2,10.1753,0.95,step,-1
691,3,10.6941,1.1,step,0
691,4,10.4372,1.25,step,1

frame,idx,score,alpha,step_norm,z_coarse
692,0,5.71154,0.65,step,-3
692,1,7.76592,0.8,step,-2
692,2,10.182,0.95,step,-1
692,3,10.6998,1.1,step,0
692,4,10.4421,1.25,step,1

frame,idx,score,alpha,step_norm,z_coarse
693,0,5.7126,0.65,step,-3
693,1,7.76349,0.8,step,-2
693,2,10.1751,0.95,step,-1
693,3,10.6915,1.1,step,0
693,4,10.4368,1.25,step,1

frame,idx,score,alpha,step_norm,z_coarse
694,0,5.70872,0.65,step,-3
694,1,7.76387,0.8,step,-2
694,2,10.181,0.95,step,-1
694,3,10.6988,1.1,step,0
694,4,10.4416,1.25,step,1

frame,idx,score,alpha,step_norm,z_coarse
695,0,5.71069,0.65,step,-3
695,1,7.7651,0.8,step,-2
695,2,10.1834,0.95,step,-1
695,3,10.7012,1.1,step,0
695,4,10.4441,1.25,step,1

frame,idx,score,alpha,step_norm,z_coarse
696,0,5.70895,0.65,step,-3
696,1,7.76047,0.8,step,-2
696,2,10.1775,0.95,step,-1
696,3,10.6958,1.1,step,0
696,4,10.438,1.25,step,1

frame,idx,score,alpha,step_norm,z_coarse
697,0,5.7067,0.65,step,-3
697,1,7.76231,0.8,step,-2
697,2,10.1819,0.95,step,-1
697,3,10.7005,1.1,step,0
697,4,10.4427,1.25,step,1

frame,idx,score,alpha,step_norm,z_coarse
698,0,5.7061,0.65,step,-3
698,1,7.76023,0.8,step,-2
698,2,10.1764,0.95,step,-1
698,3,10.6952,1.1,step,0
698,4,10.4395,1.25,step,1

frame,idx,score,alpha,step_norm,z_coarse
699,0,5.70921,0.65,step,-3
699,1,7.76311,0.8,step,-2
699,2,10.176,0.95,step,-1
699,3,10.6923,1.1,step,0
699,4,10.4348,1.25,step,1

frame,idx,score,alpha,step_norm,z_coarse
700,0,5.70895,0.65,step,-3
700,1,7.76236,0.8,step,-2
700,2,10.1789,0.95,step,-1
700,3,10.6974,1.1,step,0
700,4,10.4404,1.25,step,1

frame,idx,score,alpha,step_norm,z_coarse
701,0,5.7072,0.65,step,-3
701,1,7.76087,0.8,step,-2
701,2,10.177,0.95,step,-1
701,3,10.6946,1.1,step,0
701,4,10.4373,1.25,step,1

frame,idx,score,alpha,step_norm,z_coarse
702,0,5.70594,0.65,step,-3
702,1,7.75952,0.8,step,-2
702,2,10.1767,0.95,step,-1
702,3,10.6951,1.1,step,0
702,4,10.4385,1.25,step,1

frame,idx,score,alpha,step_norm,z_coarse
703,0,5.70805,0.65,step,-3
703,1,7.75939,0.8,step,-2
703,2,10.1759,0.95,step,-1
703,3,10.7003,1.1,step,0
703,4,10.4485,1.25,step,1

frame,idx,score,alpha,step_norm,z_coarse
704,0,5.70826,0.65,step,-3
704,1,7.75971,0.8,step,-2
704,2,10.1758,0.95,step,-1
704,3,10.6941,1.1,step,0
704,4,10.4372,1.25,step,1

frame,idx,score,alpha,step_norm,z_coarse
705,0,5.71171,0.65,step,-3
705,1,7.76585,0.8,step,-2
705,2,10.1829,0.95,step,-1
705,3,10.6994,1.1,step,0
705,4,10.4402,1.25,step,1

frame,idx,score,alpha,step_norm,z_coarse
706,0,5.70527,0.65,step,-3
706,1,7.76092,0.8,step,-2
706,2,10.1783,0.95,step,-1
706,3,10.6997,1.1,step,0
706,4,10.4454,1.25,step,1

frame,idx,score,alpha,step_norm,z_coarse
707,0,5.70491,0.65,step,-3
707,1,7.75859,0.8,step,-2
707,2,10.1767,0.95,step,-1
707,3,10.6986,1.1,step,0
707,4,10.4433,1.25,step,1

frame,idx,score,alpha,step_norm,z_coarse
708,0,5.70845,0.65,step,-3
708,1,7.75982,0.8,step,-2
708,2,10.1708,0.95,step,-1
708,3,10.6901,1.1,step,0
708,4,10.4372,1.25,step,1

frame,idx,score,alpha,step_norm,z_coarse
709,0,5.70531,0.65,step,-3
709,1,7.75859,0.8,step,-2
709,2,10.1709,0.95,step,-1
709,3,10.6913,1.1,step,0
709,4,10.4395,1.25,step,1

frame,idx,score,alpha,step_norm,z_coarse
710,0,5.70799,0.65,step,-3
710,1,7.76551,0.8,step,-2
710,2,10.1831,0.95,step,-1
710,3,10.6993,1.1,step,0
710,4,10.4406,1.25,step,1

frame,idx,score,alpha,step_norm,z_coarse
711,0,5.71069,0.65,step,-3
711,1,7.76743,0.8,step,-2
711,2,10.1835,0.95,step,-1
711,3,10.6984,1.1,step,0
711,4,10.4395,1.25,step,1

frame,idx,score,alpha,step_norm,z_coarse
712,0,5.70829,0.65,step,-3
712,1,7.76032,0.8,step,-2
712,2,10.1772,0.95,step,-1
712,3,10.694,1.1,step,0
712,4,10.4363,1.25,step,1

frame,idx,score,alpha,step_norm,z_coarse
713,0,5.70616,0.65,step,-3
713,1,7.75861,0.8,step,-2
713,2,10.1762,0.95,step,-1
713,3,10.6965,1.1,step,0
713,4,10.4427,1.25,step,1

frame,idx,score,alpha,step_norm,z_coarse
714,0,5.70653,0.65,step,-3
714,1,7.76277,0.8,step,-2
714,2,10.1776,0.95,step,-1
714,3,10.6965,1.1,step,0
714,4,10.4403,1.25,step,1

frame,idx,score,alpha,step_norm,z_coarse
715,0,5.71296,0.65,step,-3
715,1,7.76899,0.8,step,-2
715,2,10.1871,0.95,step,-1
715,3,10.7032,1.1,step,0
715,4,10.4443,1.25,step,1

frame,idx,score,alpha,step_norm,z_coarse
716,0,5.70708,0.65,step,-3
716,1,7.75866,0.8,step,-2
716,2,10.175,0.95,step,-1
716,3,10.696,1.1,step,0
716,4,10.442,1.25,step,1

frame,idx,score,alpha,step_norm,z_coarse
717,0,5.70559,0.65,step,-3
717,1,7.75809,0.8,step,-2
717,2,10.1754,0.95,step,-1
717,3,10.6948,1.1,step,0
717,4,10.4382,1.25,step,1

frame,idx,score,alpha,step_norm,z_coarse
718,0,5.71116,0.65,step,-3
718,1,7.76694,0.8,step,-2
718,2,10.1822,0.95,step,-1
718,3,10.7011,1.1,step,0
718,4,10.444,1.25,step,1

frame,idx,score,alpha,step_norm,z_coarse
719,0,5.70896,0.65,step,-3
719,1,7.76306,0.8,step,-2
719,2,10.1813,0.95,step,-1
719,3,10.6988,1.1,step,0
719,4,10.4397,1.25,step,1

frame,idx,score,alpha,step_norm,z_coarse
720,0,5.70527,0.65,step,-3
720,1,7.75663,0.8,step,-2
720,2,10.1706,0.95,step,-1
720,3,10.6892,1.1,step,0
720,4,10.4325,1.25,step,1

frame,idx,score,alpha,step_norm,z_coarse
721,0,5.70645,0.65,step,-3
721,1,7.76208,0.8,step,-2
721,2,10.1774,0.95,step,-1
721,3,10.6967,1.1,step,0
721,4,10.442,1.25,step,1

frame,idx,score,alpha,step_norm,z_coarse
722,0,5.70663,0.65,step,-3
722,1,7.76007,0.8,step,-2
722,2,10.1769,0.95,step,-1
722,3,10.6964,1.1,step,0
722,4,10.4404,1.25,step,1

frame,idx,score,alpha,step_norm,z_coarse
723,0,5.70623,0.65,step,-3
723,1,7.76139,0.8,step,-2
723,2,10.1778,0.95,step,-1
723,3,10.6957,1.1,step,0
723,4,10.4389,1.25,step,1

frame,idx,score,alpha,step_norm,z_coarse
724,0,5.70856,0.65,step,-3
724,1,7.76509,0.8,step,-2
724,2,10.1831,0.95,step,-1
724,3,10.7012,1.1,step,0
724,4,10.4441,1.25,step,1

frame,idx,score,alpha,step_norm,z_coarse
725,0,5.70925,0.65,step,-3
725,1,7.76549,0.8,step,-2
725,2,10.1829,0.95,step,-1
725,3,10.6984,1.1,step,0
725,4,10.4394,1.25,step,1

frame,idx,score,alpha,step_norm,z_coarse
726,0,5.70599,0.65,step,-3
726,1,7.76249,0.8,step,-2
726,2,10.1817,0.95,step,-1
726,3,10.6965,1.1,step,0
726,4,10.4358,1.25,step,1

frame,idx,score,alpha,step_norm,z_coarse
727,0,5.7067,0.65,step,-3
727,1,7.76155,0.8,step,-2
727,2,10.1791,0.95,step,-1
727,3,10.6975,1.1,step,0
727,4,10.441,1.25,step,1

frame,idx,score,alpha,step_norm,z_coarse
728,0,5.70362,0.65,step,-3
728,1,7.75663,0.8,step,-2
728,2,10.1719,0.95,step,-1
728,3,10.6915,1.1,step,0
728,4,10.436,1.25,step,1

frame,idx,score,alpha,step_norm,z_coarse
729,0,5.7095,0.65,step,-3
729,1,7.76358,0.8,step,-2
729,2,10.1852,0.95,step,-1
729,3,10.7024,1.1,step,0
729,4,10.4417,1.25,step,1

frame,idx,score,alpha,step_norm,z_coarse
730,0,5.71282,0.65,step,-3
730,1,7.76862,0.8,step,-2
730,2,10.1835,0.95,step,-1
730,3,10.6958,1.1,step,0
730,4,10.4346,1.25,step,1

frame,idx,score,alpha,step_norm,z_coarse
731,0,5.70813,0.65,step,-3
731,1,7.76486,0.8,step,-2
731,2,10.1837,0.95,step,-1
731,3,10.7039,1.1,step,0
731,4,10.4467,1.25,step,1

frame,idx,score,alpha,step_norm,z_coarse
732,0,5.70769,0.65,step,-3
732,1,7.76553,0.8,step,-2
732,2,10.1842,0.95,step,-1
732,3,10.7044,1.1,step,0
732,4,10.4465,1.25,step,1

frame,idx,score,alpha,step_norm,z_coarse
733,0,5.70429,0.65,step,-3
733,1,7.75604,0.8,step,-2
733,2,10.1702,0.95,step,-1
733,3,10.693,1.1,step,0
733,4,10.4418,1.25,step,1

frame,idx,score,alpha,step_norm,z_coarse
734,0,5.70426,0.65,step,-3
734,1,7.75506,0.8,step,-2
734,2,10.1711,0.95,step,-1
734,3,10.6932,1.1,step,0
734,4,10.4396,1.25,step,1

frame,idx,score,alpha,step_norm,z_coarse
735,0,5.71087,0.65,step,-3
735,1,7.76954,0.8,step,-2
735,2,10.1879,0.95,step,-1
735,3,10.7015,1.1,step,0
735,4,10.4398,1.25,step,1

frame,idx,score,alpha,step_norm,z_coarse
736,0,5.70801,0.65,step,-3
736,1,7.76415,0.8,step,-2
736,2,10.1823,0.95,step,-1
736,3,10.701,1.1,step,0
736,4,10.4424,1.25,step,1

frame,idx,score,alpha,step_norm,z_coarse
737,0,5.71331,0.65,step,-3
737,1,7.77067,0.8,step,-2
737,2,10.1903,0.95,step,-1
737,3,10.703,1.1,step,0
737,4,10.439,1.25,step,1

frame,idx,score,alpha,step_norm,z_coarse
738,0,5.70935,0.65,step,-3
738,1,7.76615,0.8,step,-2
738,2,10.1837,0.95,step,-1
738,3,10.699,1.1,step,0
738,4,10.4386,1.25,step,1

frame,idx,score,alpha,step_norm,z_coarse
739,0,5.70847,0.65,step,-3
739,1,7.76352,0.8,step,-2
739,2,10.1781,0.95,step,-1
739,3,10.6952,1.1,step,0
739,4,10.4379,1.25,step,1

frame,idx,score,alpha,step_norm,z_coarse
740,0,5.70794,0.65,step,-3
740,1,7.76165,0.8,step,-2
740,2,10.1743,0.95,step,-1
740,3,10.697,1.1,step,0
740,4,10.4445,1.25,step,1

frame,idx,score,alpha,step_norm,z_coarse
741,0,5.70671,0.65,step,-3
741,1,7.75807,0.8,step,-2
741,2,10.1707,0.95,step,-1
741,3,10.6913,1.1,step,0
741,4,10.4384,1.25,step,1

frame,idx,score,alpha,step_norm,z_coarse
742,0,5.70782,0.65,step,-3
742,1,7.76262,0.8,step,-2
742,2,10.1836,0.95,step,-1
742,3,10.7017,1.1,step,0
742,4,10.4432,1.25,step,1

frame,idx,score,alpha,step_norm,z_coarse
743,0,5.70535,0.65,step,-3
743,1,7.75581,0.8,step,-2
743,2,10.1722,0.95,step,-1
743,3,10.6937,1.1,step,0
743,4,10.4403,1.25,step,1

frame,idx,score,alpha,step_norm,z_coarse
744,0,5.70287,0.65,step,-3
744,1,7.7573,0.8,step,-2
744,2,10.173,0.95,step,-1
744,3,10.6942,1.1,step,0
744,4,10.4399,1.25,step,1

frame,idx,score,alpha,step_norm,z_coarse
745,0,5.71158,0.65,step,-3
745,1,7.76677,0.8,step,-2
745,2,10.1822,0.95,step,-1
745,3,10.6986,1.1,step,0
745,4,10.4408,1.25,step,1

frame,idx,score,alpha,step_norm,z_coarse
746,0,5.71142,0.65,step,-3
746,1,7.76663,0.8,step,-2
746,2,10.1877,0.95,step,-1
746,3,10.7055,1.1,step,0
746,4,10.4466,1.25,step,1

frame,idx,score,alpha,step_norm,z_coarse
747,0,5.71137,0.65,step,-3
747,1,7.76804,0.8,step,-2
747,2,10.1857,0.95,step,-1
747,3,10.7004,1.1,step,0
747,4,10.4396,1.25,step,1

frame,idx,score,alpha,step_norm,z_coarse
748,0,5.70718,0.65,step,-3
748,1,7.76217,0.8,step,-2
748,2,10.1794,0.95,step,-1
748,3,10.6966,1.1,step,0
748,4,10.4384,1.25,step,1

frame,idx,score,alpha,step_norm,z_coarse
749,0,5.70787,0.65,step,-3
749,1,7.76211,0.8,step,-2
749,2,10.1792,0.95,step,-1
749,3,10.698,1.1,step,0
749,4,10.4412,1.25,step,1

frame,idx,score,alpha,step_norm,z_coarse
750,0,5.7046,0.65,step,-3
750,1,7.75799,0.8,step,-2
750,2,10.1739,0.95,step,-1
750,3,10.6957,1.1,step,0
750,4,10.4417,1.25,step,1

frame,idx,score,alpha,step_norm,z_coarse
751,0,5.70978,0.65,step,-3
751,1,7.7645,0.8,step,-2
751,2,10.1823,0.95,step,-1
751,3,10.7013,1.1,step,0
751,4,10.4445,1.25,step,1

frame,idx,score,alpha,step_norm,z_coarse
752,0,5.71121,0.65,step,-3
752,1,7.76971,0.8,step,-2
752,2,10.1896,0.95,step,-1
752,3,10.7022,1.1,step,0
752,4,10.4393,1.25,step,1

frame,idx,score,alpha,step_norm,z_coarse
753,0,5.70687,0.65,step,-3
753,1,7.75882,0.8,step,-2
753,2,10.1768,0.95,step,-1
753,3,10.6946,1.1,step,0
753,4,10.4359,1.25,step,1

frame,idx,score,alpha,step_norm,z_coarse
754,0,5.70771,0.65,step,-3
754,1,7.7609,0.8,step,-2
754,2,10.1761,0.95,step,-1
754,3,10.6969,1.1,step,0
754,4,10.443,1.25,step,1

frame,idx,score,alpha,step_norm,z_coarse
755,0,5.70672,0.65,step,-3
755,1,7.75658,0.8,step,-2
755,2,10.1736,0.95,step,-1
755,3,10.6963,1.1,step,0
755,4,10.4423,1.25,step,1

frame,idx,score,alpha,step_norm,z_coarse
756,0,5.7098,0.65,step,-3
756,1,7.76867,0.8,step,-2
756,2,10.1906,0.95,step,-1
756,3,10.7083,1.1,step,0
756,4,10.4481,1.25,step,1

frame,idx,score,alpha,step_norm,z_coarse
757,0,5.7071,0.65,step,-3
757,1,7.76295,0.8,step,-2
757,2,10.1802,0.95,step,-1
757,3,10.6962,1.1,step,0
757,4,10.4371,1.25,step,1

frame,idx,score,alpha,step_norm,z_coarse
758,0,5.7094,0.65,step,-3
758,1,7.7636,0.8,step,-2
758,2,10.1777,0.95,step,-1
758,3,10.6942,1.1,step,0
758,4,10.4366,1.25,step,1

frame,idx,score,alpha,step_norm,z_coarse
759,0,5.70683,0.65,step,-3
759,1,7.76103,0.8,step,-2
759,2,10.1775,0.95,step,-1
759,3,10.6965,1.1,step,0
759,4,10.4403,1.25,step,1

frame,idx,score,alpha,step_norm,z_coarse
760,0,5.70942,0.65,step,-3
760,1,7.7673,0.8,step,-2
760,2,10.1842,0.95,step,-1
760,3,10.7007,1.1,step,0
760,4,10.4406,1.25,step,1

frame,idx,score,alpha,step_norm,z_coarse
761,0,5.70552,0.65,step,-3
761,1,7.76031,0.8,step,-2
761,2,10.1793,0.95,step,-1
761,3,10.6991,1.1,step,0
761,4,10.4429,1.25,step,1

frame,idx,score,alpha,step_norm,z_coarse
762,0,5.70692,0.65,step,-3
762,1,7.75929,0.8,step,-2
762,2,10.1734,0.95,step,-1
762,3,10.6937,1.1,step,0
762,4,10.4407,1.25,step,1

frame,idx,score,alpha,step_norm,z_coarse
763,0,5.70849,0.65,step,-3
763,1,7.76369,0.8,step,-2
763,2,10.1834,0.95,step,-1
763,3,10.7017,1.1,step,0
763,4,10.4438,1.25,step,1

frame,idx,score,alpha,step_norm,z_coarse
764,0,5.70575,0.65,step,-3
764,1,7.75873,0.8,step,-2
764,2,10.1705,0.95,step,-1
764,3,10.6918,1.1,step,0
764,4,10.4398,1.25,step,1

frame,idx,score,alpha,step_norm,z_coarse
765,0,5.7068,0.65,step,-3
765,1,7.75842,0.8,step,-2
765,2,10.1779,0.95,step,-1
765,3,10.6983,1.1,step,0
765,4,10.443,1.25,step,1

frame,idx,score,alpha,step_norm,z_coarse
766,0,5.70916,0.65,step,-3
766,1,7.76323,0.8,step,-2
766,2,10.1798,0.95,step,-1
766,3,10.6974,1.1,step,0
766,4,10.4397,1.25,step,1

frame,idx,score,alpha,step_norm,z_coarse
767,0,5.70695,0.65,step,-3
767,1,7.76168,0.8,step,-2
767,2,10.1792,0.95,step,-1
767,3,10.7014,1.1,step,0
767,4,10.4465,1.25,step,1

frame,idx,score,alpha,step_norm,z_coarse
768,0,5.70485,0.65,step,-3
768,1,7.75496,0.8,step,-2
768,2,10.1667,0.95,step,-1
768,3,10.6893,1.1,step,0
768,4,10.4375,1.25,step,1

frame,idx,score,alpha,step_norm,z_coarse
769,0,5.70199,0.65,step,-3
769,1,7.75352,0.8,step,-2
769,2,10.1711,0.95,step,-1
769,3,10.6957,1.1,step,0
769,4,10.4431,1.25,step,1

frame,idx,score,alpha,step_norm,z_coarse
770,0,5.7078,0.65,step,-3
770,1,7.75994,0.8,step,-2
770,2,10.1827,0.95,step,-1
770,3,10.7019,1.1,step,0
770,4,10.4433,1.25,step,1

frame,idx,score,alpha,step_norm,z_coarse
771,0,5.7093,0.65,step,-3
771,1,7.7655,0.8,step,-2
771,2,10.1835,0.95,step,-1
771,3,10.7,1.1,step,0
771,4,10.4404,1.25,step,1

frame,idx,score,alpha,step_norm,z_coarse
772,0,5.7088,0.65,step,-3
772,1,7.76404,0.8,step,-2
772,2,10.1836,0.95,step,-1
772,3,10.7025,1.1,step,0
772,4,10.4424,1.25,step,1

frame,idx,score,alpha,step_norm,z_coarse
773,0,5.70723,0.65,step,-3
773,1,7.76192,0.8,step,-2
773,2,10.1793,0.95,step,-1
773,3,10.6964,1.1,step,0
773,4,10.4379,1.25,step,1

frame,idx,score,alpha,step_norm,z_coarse
774,0,5.70829,0.65,step,-3
774,1,7.76499,0.8,step,-2
774,2,10.1827,0.95,step,-1
774,3,10.702,1.1,step,0
774,4,10.4453,1.25,step,1

frame,idx,score,alpha,step_norm,z_coarse
775,0,5.7049,0.65,step,-3
775,1,7.75775,0.8,step,-2
775,2,10.172,0.95,step,-1
775,3,10.6936,1.1,step,0
775,4,10.4404,1.25,step,1

frame,idx,score,alpha,step_norm,z_coarse
776,0,5.70915,0.65,step,-3
776,1,7.76272,0.8,step,-2
776,2,10.1764,0.95,step,-1
776,3,10.6938,1.1,step,0
776,4,10.4379,1.25,step,1

frame,idx,score,alpha,step_norm,z_coarse
777,0,5.70294,0.65,step,-3
777,1,7.75385,0.8,step,-2
777,2,10.1684,0.95,step,-1
777,3,10.6931,1.1,step,0
777,4,10.4428,1.25,step,1

frame,idx,score,alpha,step_norm,z_coarse
778,0,5.70821,0.65,step,-3
778,1,7.76189,0.8,step,-2
778,2,10.1795,0.95,step,-1
778,3,10.6997,1.1,step,0
778,4,10.4448,1.25,step,1

frame,idx,score,alpha,step_norm,z_coarse
779,0,5.71032,0.65,step,-3
779,1,7.76579,0.8,step,-2
779,2,10.1833,0.95,step,-1
779,3,10.7041,1.1,step,0
779,4,10.449,1.25,step,1

frame,idx,score,alpha,step_norm,z_coarse
780,0,5.71161,0.65,step,-3
780,1,7.76977,0.8,step,-2
780,2,10.1887,0.95,step,-1
780,3,10.7049,1.1,step,0
780,4,10.4444,1.25,step,1

frame,idx,score,alpha,step_norm,z_coarse
781,0,5.70158,0.65,step,-3
781,1,7.75115,0.8,step,-2
781,2,10.1645,0.95,step,-1
781,3,10.6879,1.1,step,0
781,4,10.4378,1.25,step,1

frame,idx,score,alpha,step_norm,z_coarse
782,0,5.70924,0.65,step,-3
782,1,7.7619,0.8,step,-2
782,2,10.1799,0.95,step,-1
782,3,10.7017,1.1,step,0
782,4,10.446,1.25,step,1

frame,idx,score,alpha,step_norm,z_coarse
783,0,5.70351,0.65,step,-3
783,1,7.75476,0.8,step,-2
783,2,10.1707,0.95,step,-1
783,3,10.6991,1.1,step,0
783,4,10.4524,1.25,step,1

frame,idx,score,alpha,step_norm,z_coarse
784,0,5.71203,0.65,step,-3
784,1,7.76602,0.8,step,-2
784,2,10.1849,0.95,step,-1
784,3,10.705,1.1,step,0
784,4,10.4494,1.25,step,1

frame,idx,score,alpha,step_norm,z_coarse
785,0,5.71105,0.65,step,-3
785,1,7.76543,0.8,step,-2
785,2,10.183,0.95,step,-1
785,3,10.7021,1.1,step,0
785,4,10.4456,1.25,step,1

frame,idx,score,alpha,step_norm,z_coarse
786,0,5.71094,0.65,step,-3
786,1,7.76879,0.8,step,-2
786,2,10.1857,0.95,step,-1
786,3,10.698,1.1,step,0
786,4,10.4353,1.25,step,1

frame,idx,score,alpha,step_norm,z_coarse
787,0,5.71122,0.65,step,-3
787,1,7.76694,0.8,step,-2
787,2,10.1859,0.95,step,-1
787,3,10.7039,1.1,step,0
787,4,10.4472,1.25,step,1

frame,idx,score,alpha,step_norm,z_coarse
788,0,5.70355,0.65,step,-3
788,1,7.7572,0.8,step,-2
788,2,10.1706,0.95,step,-1
788,3,10.6943,1.1,step,0
788,4,10.4429,1.25,step,1

frame,idx,score,alpha,step_norm,z_coarse
789,0,5.71187,0.65,step,-3
789,1,7.77131,0.8,step,-2
789,2,10.1892,0.95,step,-1
789,3,10.7051,1.1,step,0
789,4,10.4454,1.25,step,1

frame,idx,score,alpha,step_norm,z_coarse
790,0,5.71313,0.65,step,-3
790,1,7.76713,0.8,step,-2
790,2,10.1856,0.95,step,-1
790,3,10.7056,1.1,step,0
790,4,10.4496,1.25,step,1

frame,idx,score,alpha,step_norm,z_coarse
791,0,5.70539,0.65,step,-3
791,1,7.75437,0.8,step,-2
791,2,10.1711,0.95,step,-1
791,3,10.6963,1.1,step,0
791,4,10.4467,1.25,step,1

frame,idx,score,alpha,step_norm,z_coarse
792,0,5.71323,0.65,step,-3
792,1,7.76782,0.8,step,-2
792,2,10.1849,0.95,step,-1
792,3,10.7053,1.1,step,0
792,4,10.4488,1.25,step,1

frame,idx,score,alpha,step_norm,z_coarse
793,0,5.71048,0.65,step,-3
793,1,7.76456,0.8,step,-2
793,2,10.185,0.95,step,-1
793,3,10.7033,1.1,step,0
793,4,10.4456,1.25,step,1

frame,idx,score,alpha,step_norm,z_coarse
794,0,5.70761,0.65,step,-3
794,1,7.76111,0.8,step,-2
794,2,10.1788,0.95,step,-1
794,3,10.7001,1.1,step,0
794,4,10.446,1.25,step,1

frame,idx,score,alpha,step_norm,z_coarse
795,0,5.70777,0.65,step,-3
795,1,7.76021,0.8,step,-2
795,2,10.1731,0.95,step,-1
795,3,10.694,1.1,step,0
795,4,10.4416,1.25,step,1

frame,idx,score,alpha,step_norm,z_coarse
796,0,5.71133,0.65,step,-3
796,1,7.76535,0.8,step,-2
796,2,10.1842,0.95,step,-1
796,3,10.7026,1.1,step,0
796,4,10.4444,1.25,step,1

frame,idx,score,alpha,step_norm,z_coarse
797,0,5.71307,0.65,step,-3
797,1,7.76835,0.8,step,-2
797,2,10.1863,0.95,step,-1
797,3,10.7033,1.1,step,0
797,4,10.4458,1.25,step,1

frame,idx,score,alpha,step_norm,z_coarse
798,0,5.71172,0.65,step,-3
798,1,7.76684,0.8,step,-2
798,2,10.1836,0.95,step,-1
798,3,10.7046,1.1,step,0
798,4,10.4495,1.25,step,1

frame,idx,score,alpha,step_norm,z_coarse
799,0,5.71123,0.65,step,-3
799,1,7.76501,0.8,step,-2
799,2,10.1842,0.95,step,-1
799,3,10.7044,1.1,step,0
799,4,10.4479,1.25,step,1

frame,idx,score,alpha,step_norm,z_coarse
800,0,5.70671,0.65,step,-3
800,1,7.76414,0.8,step,-2
800,2,10.1811,0.95,step,-1
800,3,10.7005,1.1,step,0
800,4,10.4447,1.25,step,1

frame,idx,score,alpha,step_norm,z_coarse
801,0,5.70719,0.65,step,-3
801,1,7.75793,0.8,step,-2
801,2,10.1725,0.95,step,-1
801,3,10.6962,1.1,step,0
801,4,10.4439,1.25,step,1

frame,idx,score,alpha,step_norm,z_coarse
802,0,5.71278,0.65,step,-3
802,1,7.7661,0.8,step,-2
802,2,10.1849,0.95,step,-1
802,3,10.705,1.1,step,0
802,4,10.4504,1.25,step,1

frame,idx,score,alpha,step_norm,z_coarse
803,0,5.7113,0.65,step,-3
803,1,7.7638,0.8,step,-2
803,2,10.1856,0.95,step,-1
803,3,10.7058,1.1,step,0
803,4,10.448,1.25,step,1

frame,idx,score,alpha,step_norm,z_coarse
804,0,5.71683,0.65,step,-3
804,1,7.7757,0.8,step,-2
804,2,10.1931,0.95,step,-1
804,3,10.7092,1.1,step,0
804,4,10.4497,1.25,step,1

frame,idx,score,alpha,step_norm,z_coarse
805,0,5.71219,0.65,step,-3
805,1,7.76604,0.8,step,-2
805,2,10.1844,0.95,step,-1
805,3,10.7063,1.1,step,0
805,4,10.4519,1.25,step,1

frame,idx,score,alpha,step_norm,z_coarse
806,0,5.71217,0.65,step,-3
806,1,7.76905,0.8,step,-2
806,2,10.1849,0.95,step,-1
806,3,10.703,1.1,step,0
806,4,10.4461,1.25,step,1

frame,idx,score,alpha,step_norm,z_coarse
807,0,5.71509,0.65,step,-3
807,1,7.77201,0.8,step,-2
807,2,10.1907,0.95,step,-1
807,3,10.7077,1.1,step,0
807,4,10.4491,1.25,step,1

frame,idx,score,alpha,step_norm,z_coarse
808,0,5.70699,0.65,step,-3
808,1,7.76106,0.8,step,-2
808,2,10.1774,0.95,step,-1
808,3,10.699,1.1,step,0
808,4,10.4445,1.25,step,1

frame,idx,score,alpha,step_norm,z_coarse
809,0,5.70903,0.65,step,-3
809,1,7.76287,0.8,step,-2
809,2,10.1781,0.95,step,-1
809,3,10.6986,1.1,step,0
809,4,10.444,1.25,step,1

frame,idx,score,alpha,step_norm,z_coarse
810,0,5.71632,0.65,step,-3
810,1,7.7755,0.8,step,-2
810,2,10.1914,0.95,step,-1
810,3,10.7072,1.1,step,0
810,4,10.4487,1.25,step,1

frame,idx,score,alpha,step_norm,z_coarse
811,0,5.70729,0.65,step,-3
811,1,7.76106,0.8,step,-2
811,2,10.1783,0.95,step,-1
811,3,10.7,1.1,step,0
811,4,10.4459,1.25,step,1

frame,idx,score,alpha,step_norm,z_coarse
812,0,5.71433,0.65,step,-3
812,1,7.77104,0.8,step,-2
812,2,10.1889,0.95,step,-1
812,3,10.7045,1.1,step,0
812,4,10.4457,1.25,step,1

frame,idx,score,alpha,step_norm,z_coarse
813,0,5.71334,0.65,step,-3
813,1,7.7697,0.8,step,-2
813,2,10.193,0.95,step,-1
813,3,10.7101,1.1,step,0
813,4,10.449,1.25,step,1

frame,idx,score,alpha,step_norm,z_coarse
814,0,5.71243,0.65,step,-3
814,1,7.76899,0.8,step,-2
814,2,10.1856,0.95,step,-1
814,3,10.7043,1.1,step,0
814,4,10.4482,1.25,step,1

frame,idx,score,alpha,step_norm,z_coarse
815,0,5.7163,0.65,step,-3
815,1,7.77333,0.8,step,-2
815,2,10.194,0.95,step,-1
815,3,10.7112,1.1,step,0
815,4,10.4527,1.25,step,1

frame,idx,score,alpha,step_norm,z_coarse
816,0,5.71775,0.65,step,-3
816,1,7.77672,0.8,step,-2
816,2,10.1952,0.95,step,-1
816,3,10.7153,1.1,step,0
816,4,10.4588,1.25,step,1

frame,idx,score,alpha,step_norm,z_coarse
817,0,5.71305,0.65,step,-3
817,1,7.77346,0.8,step,-2
817,2,10.1947,0.95,step,-1
817,3,10.7095,1.1,step,0
817,4,10.448,1.25,step,1

frame,idx,score,alpha,step_norm,z_coarse
818,0,5.71382,0.65,step,-3
818,1,7.76629,0.8,step,-2
818,2,10.1835,0.95,step,-1
818,3,10.7048,1.1,step,0
818,4,10.4505,1.25,step,1

frame,idx,score,alpha,step_norm,z_coarse
819,0,5.71264,0.65,step,-3
819,1,7.76795,0.8,step,-2
819,2,10.1878,0.95,step,-1
819,3,10.7066,1.1,step,0
819,4,10.4493,1.25,step,1

frame,idx,score,alpha,step_norm,z_coarse
820,0,5.71306,0.65,step,-3
820,1,7.77033,0.8,step,-2
820,2,10.19,0.95,step,-1
820,3,10.7055,1.1,step,0
820,4,10.4462,1.25,step,1

frame,idx,score,alpha,step_norm,z_coarse
821,0,5.71509,0.65,step,-3
821,1,7.77063,0.8,step,-2
821,2,10.1884,0.95,step,-1
821,3,10.7068,1.1,step,0
821,4,10.4499,1.25,step,1

frame,idx,score,alpha,step_norm,z_coarse
822,0,5.71241,0.65,step,-3
822,1,7.76678,0.8,step,-2
822,2,10.1809,0.95,step,-1
822,3,10.6987,1.1,step,0
822,4,10.4437,1.25,step,1

frame,idx,score,alpha,step_norm,z_coarse
823,0,5.712,0.65,step,-3
823,1,7.76552,0.8,step,-2
823,2,10.185,0.95,step,-1
823,3,10.7088,1.1,step,0
823,4,10.4562,1.25,step,1

frame,idx,score,alpha,step_norm,z_coarse
824,0,5.71249,0.65,step,-3
824,1,7.77008,0.8,step,-2
824,2,10.1872,0.95,step,-1
824,3,10.7054,1.1,step,0
824,4,10.4484,1.25,step,1

frame,idx,score,alpha,step_norm,z_coarse
825,0,5.71038,0.65,step,-3
825,1,7.76485,0.8,step,-2
825,2,10.1802,0.95,step,-1
825,3,10.6987,1.1,step,0
825,4,10.4429,1.25,step,1

frame,idx,score,alpha,step_norm,z_coarse
826,0,5.71414,0.65,step,-3
826,1,7.7696,0.8,step,-2
826,2,10.193,0.95,step,-1
826,3,10.7128,1.1,step,0
826,4,10.4548,1.25,step,1

frame,idx,score,alpha,step_norm,z_coarse
827,0,5.71694,0.65,step,-3
827,1,7.77325,0.8,step,-2
827,2,10.1945,0.95,step,-1
827,3,10.7118,1.1,step,0
827,4,10.4534,1.25,step,1

frame,idx,score,alpha,step_norm,z_coarse
828,0,5.71562,0.65,step,-3
828,1,7.77091,0.8,step,-2
828,2,10.1856,0.95,step,-1
828,3,10.7024,1.1,step,0
828,4,10.4452,1.25,step,1

frame,idx,score,alpha,step_norm,z_coarse
829,0,5.71375,0.65,step,-3
829,1,7.76737,0.8,step,-2
829,2,10.1866,0.95,step,-1
829,3,10.7087,1.1,step,0
829,4,10.4542,1.25,step,1

frame,idx,score,alpha,step_norm,z_coarse
830,0,5.71199,0.65,step,-3
830,1,7.76899,0.8,step,-2
830,2,10.1898,0.95,step,-1
830,3,10.7124,1.1,step,0
830,4,10.4563,1.25,step,1

frame,idx,score,alpha,step_norm,z_coarse
831,0,5.71676,0.65,step,-3
831,1,7.77504,0.8,step,-2
831,2,10.1959,0.95,step,-1
831,3,10.7122,1.1,step,0
831,4,10.4515,1.25,step,1

frame,idx,score,alpha,step_norm,z_coarse
832,0,5.71515,0.65,step,-3
832,1,7.76778,0.8,step,-2
832,2,10.1843,0.95,step,-1
832,3,10.7022,1.1,step,0
832,4,10.4443,1.25,step,1

frame,idx,score,alpha,step_norm,z_coarse
833,0,5.7139,0.65,step,-3
833,1,7.7717,0.8,step,-2
833,2,10.1921,0.95,step,-1
833,3,10.7083,1.1,step,0
833,4,10.4485,1.25,step,1

frame,idx,score,alpha,step_norm,z_coarse
834,0,5.71607,0.65,step,-3
834,1,7.77297,0.8,step,-2
834,2,10.1914,0.95,step,-1
834,3,10.7071,1.1,step,0
834,4,10.447,1.25,step,1

frame,idx,score,alpha,step_norm,z_coarse
835,0,5.71479,0.65,step,-3
835,1,7.77044,0.8,step,-2
835,2,10.1902,0.95,step,-1
835,3,10.7076,1.1,step,0
835,4,10.4499,1.25,step,1

frame,idx,score,alpha,step_norm,z_coarse
836,0,5.7136,0.65,step,-3
836,1,7.76795,0.8,step,-2
836,2,10.1897,0.95,step,-1
836,3,10.712,1.1,step,0
836,4,10.4557,1.25,step,1

frame,idx,score,alpha,step_norm,z_coarse
837,0,5.71059,0.65,step,-3
837,1,7.7625,0.8,step,-2
837,2,10.1794,0.95,step,-1
837,3,10.6963,1.1,step,0
837,4,10.439,1.25,step,1

frame,idx,score,alpha,step_norm,z_coarse
838,0,5.71441,0.65,step,-3
838,1,7.77264,0.8,step,-2
838,2,10.1898,0.95,step,-1
838,3,10.7039,1.1,step,0
838,4,10.4427,1.25,step,1

frame,idx,score,alpha,step_norm,z_coarse
839,0,5.7116,0.65,step,-3
839,1,7.76725,0.8,step,-2
839,2,10.1861,0.95,step,-1
839,3,10.7051,1.1,step,0
839,4,10.4473,1.25,step,1

frame,idx,score,alpha,step_norm,z_coarse
840,0,5.71485,0.65,step,-3
840,1,7.77501,0.8,step,-2
840,2,10.1945,0.95,step,-1
840,3,10.7098,1.1,step,0
840,4,10.4492,1.25,step,1

frame,idx,score,alpha,step_norm,z_coarse
841,0,5.71795,0.65,step,-3
841,1,7.77601,0.8,step,-2
841,2,10.1968,0.95,step,-1
841,3,10.7137,1.1,step,0
841,4,10.4541,1.25,step,1

frame,idx,score,alpha,step_norm,z_coarse
842,0,5.70699,0.65,step,-3
842,1,7.76065,0.8,step,-2
842,2,10.1769,0.95,step,-1
842,3,10.6979,1.1,step,0
842,4,10.4434,1.25,step,1

frame,idx,score,alpha,step_norm,z_coarse
843,0,5.71182,0.65,step,-3
843,1,7.76755,0.8,step,-2
843,2,10.1835,0.95,step,-1
843,3,10.6999,1.1,step,0
843,4,10.4402,1.25,step,1

frame,idx,score,alpha,step_norm,z_coarse
844,0,5.71197,0.65,step,-3
844,1,7.76602,0.8,step,-2
844,2,10.18,0.95,step,-1
844,3,10.7016,1.1,step,0
844,4,10.4477,1.25,step,1

frame,idx,score,alpha,step_norm,z_coarse
845,0,5.71121,0.65,step,-3
845,1,7.76571,0.8,step,-2
845,2,10.1813,0.95,step,-1
845,3,10.7025,1.1,step,0
845,4,10.4477,1.25,step,1

frame,idx,score,alpha,step_norm,z_coarse
846,0,5.71536,0.65,step,-3
846,1,7.77322,0.8,step,-2
846,2,10.1946,0.95,step,-1
846,3,10.7102,1.1,step,0
846,4,10.4493,1.25,step,1

frame,idx,score,alpha,step_norm,z_coarse
847,0,5.7135,0.65,step,-3
847,1,7.77089,0.8,step,-2
847,2,10.189,0.95,step,-1
847,3,10.7041,1.1,step,0
847,4,10.4428,1.25,step,1

frame,idx,score,alpha,step_norm,z_coarse
848,0,5.71031,0.65,step,-3
848,1,7.76486,0.8,step,-2
848,2,10.1813,0.95,step,-1
848,3,10.7029,1.1,step,0
848,4,10.4496,1.25,step,1

frame,idx,score,alpha,step_norm,z_coarse
849,0,5.70762,0.65,step,-3
849,1,7.76187,0.8,step,-2
849,2,10.1784,0.95,step,-1
849,3,10.7015,1.1,step,0
849,4,10.4495,1.25,step,1

frame,idx,score,alpha,step_norm,z_coarse
850,0,5.70851,0.65,step,-3
850,1,7.76249,0.8,step,-2
850,2,10.1788,0.95,step,-1
850,3,10.6998,1.1,step,0
850,4,10.4459,1.25,step,1

frame,idx,score,alpha,step_norm,z_coarse
851,0,5.71368,0.65,step,-3
851,1,7.76826,0.8,step,-2
851,2,10.1853,0.95,step,-1
851,3,10.7034,1.1,step,0
851,4,10.4462,1.25,step,1

frame,idx,score,alpha,step_norm,z_coarse
852,0,5.70997,0.65,step,-3
852,1,7.76401,0.8,step,-2
852,2,10.1814,0.95,step,-1
852,3,10.7003,1.1,step,0
852,4,10.4454,1.25,step,1

frame,idx,score,alpha,step_norm,z_coarse
853,0,5.70677,0.65,step,-3
853,1,7.76049,0.8,step,-2
853,2,10.1749,0.95,step,-1
853,3,10.7005,1.1,step,0
853,4,10.452,1.25,step,1

frame,idx,score,alpha,step_norm,z_coarse
854,0,5.70729,0.65,step,-3
854,1,7.75892,0.8,step,-2
854,2,10.1716,0.95,step,-1
854,3,10.6944,1.1,step,0
854,4,10.4436,1.25,step,1

frame,idx,score,alpha,step_norm,z_coarse
855,0,5.71503,0.65,step,-3
855,1,7.77037,0.8,step,-2
855,2,10.1865,0.95,step,-1
855,3,10.7055,1.1,step,0
855,4,10.4501,1.25,step,1

frame,idx,score,alpha,step_norm,z_coarse
856,0,5.7085,0.65,step,-3
856,1,7.76353,0.8,step,-2
856,2,10.1819,0.95,step,-1
856,3,10.7016,1.1,step,0
856,4,10.4459,1.25,step,1

frame,idx,score,alpha,step_norm,z_coarse
857,0,5.70608,0.65,step,-3
857,1,7.75845,0.8,step,-2
857,2,10.1737,0.95,step,-1
857,3,10.6974,1.1,step,0
857,4,10.4472,1.25,step,1

frame,idx,score,alpha,step_norm,z_coarse
858,0,5.70893,0.65,step,-3
858,1,7.76279,0.8,step,-2
858,2,10.1805,0.95,step,-1
858,3,10.7006,1.1,step,0
858,4,10.4457,1.25,step,1

frame,idx,score,alpha,step_norm,z_coarse
859,0,5.71524,0.65,step,-3
859,1,7.77092,0.8,step,-2
859,2,10.188,0.95,step,-1
859,3,10.7038,1.1,step,0
859,4,10.4459,1.25,step,1

frame,idx,score,alpha,step_norm,z_coarse
860,0,5.70565,0.65,step,-3
860,1,7.75754,0.8,step,-2
860,2,10.1734,0.95,step,-1
860,3,10.6986,1.1,step,0
860,4,10.4482,1.25,step,1

frame,idx,score,alpha,step_norm,z_coarse
861,0,5.71141,0.65,step,-3
861,1,7.76876,0.8,step,-2
861,2,10.1867,0.95,step,-1
861,3,10.7059,1.1,step,0
861,4,10.4494,1.25,step,1

frame,idx,score,alpha,step_norm,z_coarse
862,0,5.71064,0.65,step,-3
862,1,7.76501,0.8,step,-2
862,2,10.1835,0.95,step,-1
862,3,10.7059,1.1,step,0
862,4,10.4527,1.25,step,1

frame,idx,score,alpha,step_norm,z_coarse
863,0,5.70787,0.65,step,-3
863,1,7.75705,0.8,step,-2
863,2,10.172,0.95,step,-1
863,3,10.6961,1.1,step,0
863,4,10.4456,1.25,step,1

frame,idx,score,alpha,step_norm,z_coarse
864,0,5.70967,0.65,step,-3
864,1,7.76554,0.8,step,-2
864,2,10.1811,0.95,step,-1
864,3,10.7024,1.1,step,0
864,4,10.4499,1.25,step,1

frame,idx,score,alpha,step_norm,z_coarse
865,0,5.70567,0.65,step,-3
865,1,7.75955,0.8,step,-2
865,2,10.1744,0.95,step,-1
865,3,10.694,1.1,step,0
865,4,10.44,1.25,step,1

frame,idx,score,alpha,step_norm,z_coarse
866,0,5.71118,0.65,step,-3
866,1,7.76687,0.8,step,-2
866,2,10.1869,0.95,step,-1
866,3,10.7068,1.1,step,0
866,4,10.4499,1.25,step,1

frame,idx,score,alpha,step_norm,z_coarse
867,0,5.70863,0.65,step,-3
867,1,7.76245,0.8,step,-2
867,2,10.1789,0.95,step,-1
867,3,10.7003,1.1,step,0
867,4,10.4468,1.25,step,1

frame,idx,score,alpha,step_norm,z_coarse
868,0,5.71004,0.65,step,-3
868,1,7.76448,0.8,step,-2
868,2,10.1828,0.95,step,-1
868,3,10.7047,1.1,step,0
868,4,10.4496,1.25,step,1

frame,idx,score,alpha,step_norm,z_coarse
869,0,5.70972,0.65,step,-3
869,1,7.76364,0.8,step,-2
869,2,10.1793,0.95,step,-1
869,3,10.7031,1.1,step,0
869,4,10.4516,1.25,step,1

frame,idx,score,alpha,step_norm,z_coarse
870,0,5.70925,0.65,step,-3
870,1,7.76484,0.8,step,-2
870,2,10.1805,0.95,step,-1
870,3,10.7009,1.1,step,0
870,4,10.4467,1.25,step,1

frame,idx,score,alpha,step_norm,z_coarse
871,0,5.70867,0.65,step,-3
871,1,7.76377,0.8,step,-2
871,2,10.18,0.95,step,-1
871,3,10.7033,1.1,step,0
871,4,10.4508,1.25,step,1

frame,idx,score,alpha,step_norm,z_coarse
872,0,5.71284,0.65,step,-3
872,1,7.76752,0.8,step,-2
872,2,10.188,0.95,step,-1
872,3,10.7106,1.1,step,0
872,4,10.4556,1.25,step,1

frame,idx,score,alpha,step_norm,z_coarse
873,0,5.70881,0.65,step,-3
873,1,7.76265,0.8,step,-2
873,2,10.1824,0.95,step,-1
873,3,10.7061,1.1,step,0
873,4,10.4539,1.25,step,1

frame,idx,score,alpha,step_norm,z_coarse
874,0,5.70824,0.65,step,-3
874,1,7.76032,0.8,step,-2
874,2,10.1756,0.95,step,-1
874,3,10.6997,1.1,step,0
874,4,10.4482,1.25,step,1

frame,idx,score,alpha,step_norm,z_coarse
875,0,5.70799,0.65,step,-3
875,1,7.75905,0.8,step,-2
875,2,10.176,0.95,step,-1
875,3,10.6991,1.1,step,0
875,4,10.4475,1.25,step,1

frame,idx,score,alpha,step_norm,z_coarse
876,0,5.71105,0.65,step,-3
876,1,7.76637,0.8,step,-2
876,2,10.1819,0.95,step,-1
876,3,10.7028,1.1,step,0
876,4,10.4498,1.25,step,1

frame,idx,score,alpha,step_norm,z_coarse
877,0,5.71355,0.65,step,-3
877,1,7.76886,0.8,step,-2
877,2,10.1832,0.95,step,-1
877,3,10.7034,1.1,step,0
877,4,10.448,1.25,step,1

frame,idx,score,alpha,step_norm,z_coarse
878,0,5.71094,0.65,step,-3
878,1,7.76551,0.8,step,-2
878,2,10.182,0.95,step,-1
878,3,10.705,1.1,step,0
878,4,10.4537,1.25,step,1

frame,idx,score,alpha,step_norm,z_coarse
879,0,5.7126,0.65,step,-3
879,1,7.76488,0.8,step,-2
879,2,10.1834,0.95,step,-1
879,3,10.7057,1.1,step,0
879,4,10.4511,1.25,step,1

frame,idx,score,alpha,step_norm,z_coarse
880,0,5.71791,0.65,step,-3
880,1,7.77616,0.8,step,-2
880,2,10.1935,0.95,step,-1
880,3,10.7094,1.1,step,0
880,4,10.4507,1.25,step,1

frame,idx,score,alpha,step_norm,z_coarse
881,0,5.71848,0.65,step,-3
881,1,7.7765,0.8,step,-2
881,2,10.1962,0.95,step,-1
881,3,10.7124,1.1,step,0
881,4,10.4521,1.25,step,1

frame,idx,score,alpha,step_norm,z_coarse
882,0,5.71595,0.65,step,-3
882,1,7.77277,0.8,step,-2
882,2,10.1944,0.95,step,-1
882,3,10.7125,1.1,step,0
882,4,10.4532,1.25,step,1

frame,idx,score,alpha,step_norm,z_coarse
883,0,5.7143,0.65,step,-3
883,1,7.77016,0.8,step,-2
883,2,10.1903,0.95,step,-1
883,3,10.7084,1.1,step,0
883,4,10.4496,1.25,step,1

frame,idx,score,alpha,step_norm,z_coarse
884,0,5.71029,0.65,step,-3
884,1,7.76298,0.8,step,-2
884,2,10.1787,0.95,step,-1
884,3,10.7009,1.1,step,0
884,4,10.4468,1.25,step,1

frame,idx,score,alpha,step_norm,z_coarse
885,0,5.71666,0.65,step,-3
885,1,7.7755,0.8,step,-2
885,2,10.1964,0.95,step,-1
885,3,10.7121,1.1,step,0
885,4,10.452,1.25,step,1

frame,idx,score,alpha,step_norm,z_coarse
886,0,5.71413,0.65,step,-3
886,1,7.7681,0.8,step,-2
886,2,10.1844,0.95,step,-1
886,3,10.7035,1.1,step,0
886,4,10.4489,1.25,step,1

frame,idx,score,alpha,step_norm,z_coarse
887,0,5.71919,0.65,step,-3
887,1,7.77649,0.8,step,-2
887,2,10.1945,0.95,step,-1
887,3,10.7089,1.1,step,0
887,4,10.4471,1.25,step,1

frame,idx,score,alpha,step_norm,z_coarse
888,0,5.71253,0.65,step,-3
888,1,7.77081,0.8,step,-2
888,2,10.1907,0.95,step,-1
888,3,10.7073,1.1,step,0
888,4,10.4486,1.25,step,1

frame,idx,score,alpha,step_norm,z_coarse
889,0,5.71141,0.65,step,-3
889,1,7.76737,0.8,step,-2
889,2,10.1874,0.95,step,-1
889,3,10.7081,1.1,step,0
889,4,10.4526,1.25,step,1

frame,idx,score,alpha,step_norm,z_coarse
890,0,5.71293,0.65,step,-3
890,1,7.76752,0.8,step,-2
890,2,10.1864,0.95,step,-1
890,3,10.7046,1.1,step,0
890,4,10.4476,1.25,step,1

frame,idx,score,alpha,step_norm,z_coarse
891,0,5.71639,0.65,step,-3
891,1,7.77524,0.8,step,-2
891,2,10.1991,0.95,step,-1
891,3,10.7148,1.1,step,0
891,4,10.4521,1.25,step,1

frame,idx,score,alpha,step_norm,z_coarse
892,0,5.7122,0.65,step,-3
892,1,7.76847,0.8,step,-2
892,2,10.1882,0.95,step,-1
892,3,10.709,1.1,step,0
892,4,10.4542,1.25,step,1

frame,idx,score,alpha,step_norm,z_coarse
893,0,5.71072,0.65,step,-3
893,1,7.76417,0.8,step,-2
893,2,10.1815,0.95,step,-1
893,3,10.7039,1.1,step,0
893,4,10.4503,1.25,step,1

frame,idx,score,alpha,step_norm,z_coarse
894,0,5.70876,0.65,step,-3
894,1,7.76351,0.8,step,-2
894,2,10.1754,0.95,step,-1
894,3,10.6963,1.1,step,0
894,4,10.4429,1.25,step,1

frame,idx,score,alpha,step_norm,z_coarse
895,0,5.71546,0.65,step,-3
895,1,7.77401,0.8,step,-2
895,2,10.1934,0.95,step,-1
895,3,10.7109,1.1,step,0
895,4,10.4523,1.25,step,1

frame,idx,score,alpha,step_norm,z_coarse
896,0,5.71651,0.65,step,-3
896,1,7.77472,0.8,step,-2
896,2,10.1959,0.95,step,-1
896,3,10.7098,1.1,step,0
896,4,10.4471,1.25,step,1

frame,idx,score,alpha,step_norm,z_coarse
897,0,5.7167,0.65,step,-3
897,1,7.77498,0.8,step,-2
897,2,10.1913,0.95,step,-1
897,3,10.7073,1.1,step,0
897,4,10.449,1.25,step,1

frame,idx,score,alpha,step_norm,z_coarse
898,0,5.71478,0.65,step,-3
898,1,7.77316,0.8,step,-2
898,2,10.1931,0.95,step,-1
898,3,10.7102,1.1,step,0
898,4,10.4506,1.25,step,1

frame,idx,score,alpha,step_norm,z_coarse
899,0,5.70986,0.65,step,-3
899,1,7.76612,0.8,step,-2
899,2,10.1864,0.95,step,-1
899,3,10.7068,1.1,step,0
899,4,10.451,1.25,step,1

frame,idx,score,alpha,step_norm,z_coarse
900,0,5.71393,0.65,step,-3
900,1,7.7713,0.8,step,-2
900,2,10.1935,0.95,step,-1
900,3,10.7125,1.1,step,0
900,4,10.4542,1.25,step,1

frame,idx,score,alpha,step_norm,z_coarse
901,0,5.71804,0.65,step,-3
901,1,7.7787,0.8,step,-2
901,2,10.203,0.95,step,-1
901,3,10.7153,1.1,step,0
901,4,10.4494,1.25,step,1

frame,idx,score,alpha,step_norm,z_coarse
902,0,5.71638,0.65,step,-3
902,1,7.77507,0.8,step,-2
902,2,10.1913,0.95,step,-1
902,3,10.7084,1.1,step,0
902,4,10.4508,1.25,step,1

frame,idx,score,alpha,step_norm,z_coarse
903,0,5.71452,0.65,step,-3
903,1,7.77188,0.8,step,-2
903,2,10.1917,0.95,step,-1
903,3,10.7115,1.1,step,0
903,4,10.4549,1.25,step,1

frame,idx,score,alpha,step_norm,z_coarse
904,0,5.71901,0.65,step,-3
904,1,7.77923,0.8,step,-2
904,2,10.2012,0.95,step,-1
904,3,10.7157,1.1,step,0
904,4,10.4541,1.25,step,1

frame,idx,score,alpha,step_norm,z_coarse
905,0,5.72013,0.65,step,-3
905,1,7.78361,0.8,step,-2
905,2,10.2062,0.95,step,-1
905,3,10.7192,1.1,step,0
905,4,10.4553,1.25,step,1

frame,idx,score,alpha,step_norm,z_coarse
906,0,5.7191,0.65,step,-3
906,1,7.77937,0.8,step,-2
906,2,10.2007,0.95,step,-1
906,3,10.714,1.1,step,0
906,4,10.4523,1.25,step,1

frame,idx,score,alpha,step_norm,z_coarse
907,0,5.71202,0.65,step,-3
907,1,7.76442,0.8,step,-2
907,2,10.1867,0.95,step,-1
907,3,10.7108,1.1,step,0
907,4,10.4576,1.25,step,1

frame,idx,score,alpha,step_norm,z_coarse
908,0,5.71166,0.65,step,-3
908,1,7.7673,0.8,step,-2
908,2,10.1867,0.95,step,-1
908,3,10.7055,1.1,step,0
908,4,10.4491,1.25,step,1

frame,idx,score,alpha,step_norm,z_coarse
909,0,5.71768,0.65,step,-3
909,1,7.77284,0.8,step,-2
909,2,10.1927,0.95,step,-1
909,3,10.7106,1.1,step,0
909,4,10.4525,1.25,step,1

frame,idx,score,alpha,step_norm,z_coarse
910,0,5.71785,0.65,step,-3
910,1,7.77342,0.8,step,-2
910,2,10.1917,0.95,step,-1
910,3,10.7118,1.1,step,0
910,4,10.4572,1.25,step,1

frame,idx,score,alpha,step_norm,z_coarse
911,0,5.71574,0.65,step,-3
911,1,7.76999,0.8,step,-2
911,2,10.1892,0.95,step,-1
911,3,10.7086,1.1,step,0
911,4,10.4521,1.25,step,1

frame,idx,score,alpha,step_norm,z_coarse
912,0,5.71976,0.65,step,-3
912,1,7.78159,0.8,step,-2
912,2,10.2027,0.95,step,-1
912,3,10.7159,1.1,step,0
912,4,10.4542,1.25,step,1

frame,idx,score,alpha,step_norm,z_coarse
913,0,5.71583,0.65,step,-3
913,1,7.77522,0.8,step,-2
913,2,10.1939,0.95,step,-1
913,3,10.7109,1.1,step,0
913,4,10.4531,1.25,step,1

frame,idx,score,alpha,step_norm,z_coarse
914,0,5.71268,0.65,step,-3
914,1,7.76465,0.8,step,-2
914,2,10.18,0.95,step,-1
914,3,10.7039,1.1,step,0
914,4,10.4531,1.25,step,1

frame,idx,score,alpha,step_norm,z_coarse
915,0,5.71677,0.65,step,-3
915,1,7.77594,0.8,step,-2
915,2,10.2003,0.95,step,-1
915,3,10.7173,1.1,step,0
915,4,10.4572,1.25,step,1

frame,idx,score,alpha,step_norm,z_coarse
916,0,5.71312,0.65,step,-3
916,1,7.76815,0.8,step,-2
916,2,10.186,0.95,step,-1
916,3,10.7091,1.1,step,0
916,4,10.457,1.25,step,1

frame,idx,score,alpha,step_norm,z_coarse
917,0,5.71114,0.65,step,-3
917,1,7.76525,0.8,step,-2
917,2,10.1832,0.95,step,-1
917,3,10.7073,1.1,step,0
917,4,10.4562,1.25,step,1

frame,idx,score,alpha,step_norm,z_coarse
918,0,5.71498,0.65,step,-3
918,1,7.76914,0.8,step,-2
918,2,10.188,0.95,step,-1
918,3,10.7107,1.1,step,0
918,4,10.4583,1.25,step,1

frame,idx,score,alpha,step_norm,z_coarse
919,0,5.7198,0.65,step,-3
919,1,7.77859,0.8,step,-2
919,2,10.1996,0.95,step,-1
919,3,10.7155,1.1,step,0
919,4,10.4547,1.25,step,1

frame,idx,score,alpha,step_norm,z_coarse
920,0,5.71663,0.65,step,-3
920,1,7.77107,0.8,step,-2
920,2,10.1904,0.95,step,-1
920,3,10.7128,1.1,step,0
920,4,10.4589,1.25,step,1

frame,idx,score,alpha,step_norm,z_coarse
921,0,5.71303,0.65,step,-3
921,1,7.76614,0.8,step,-2
921,2,10.1824,0.95,step,-1
921,3,10.7058,1.1,step,0
921,4,10.4535,1.25,step,1

frame,idx,score,alpha,step_norm,z_coarse
922,0,5.71394,0.65,step,-3
922,1,7.76959,0.8,step,-2
922,2,10.1885,0.95,step,-1
922,3,10.7097,1.1,step,0
922,4,10.4558,1.25,step,1

frame,idx,score,alpha,step_norm,z_coarse
923,0,5.71567,0.65,step,-3
923,1,7.77214,0.8,step,-2
923,2,10.1966,0.95,step,-1
923,3,10.7137,1.1,step,0
923,4,10.4532,1.25,step,1

frame,idx,score,alpha,step_norm,z_coarse
924,0,5.71306,0.65,step,-3
924,1,7.76778,0.8,step,-2
924,2,10.1848,0.95,step,-1
924,3,10.7054,1.1,step,0
924,4,10.452,1.25,step,1

frame,idx,score,alpha,step_norm,z_coarse
925,0,5.71296,0.65,step,-3
925,1,7.76774,0.8,step,-2
925,2,10.1879,0.95,step,-1
925,3,10.7078,1.1,step,0
925,4,10.4517,1.25,step,1

frame,idx,score,alpha,step_norm,z_coarse
926,0,5.71869,0.65,step,-3
926,1,7.77753,0.8,step,-2
926,2,10.1967,0.95,step,-1
926,3,10.7166,1.1,step,0
926,4,10.4609,1.25,step,1

frame,idx,score,alpha,step_norm,z_coarse
927,0,5.72103,0.65,step,-3
927,1,7.77744,0.8,step,-2
927,2,10.1976,0.95,step,-1
927,3,10.7145,1.1,step,0
927,4,10.4556,1.25,step,1

frame,idx,score,alpha,step_norm,z_coarse
928,0,5.71494,0.65,step,-3
928,1,7.77432,0.8,step,-2
928,2,10.1951,0.95,step,-1
928,3,10.7109,1.1,step,0
928,4,10.4502,1.25,step,1

frame,idx,score,alpha,step_norm,z_coarse
929,0,5.71552,0.65,step,-3
929,1,7.77387,0.8,step,-2
929,2,10.197,0.95,step,-1
929,3,10.7154,1.1,step,0
929,4,10.4556,1.25,step,1

frame,idx,score,alpha,step_norm,z_coarse
930,0,5.71139,0.65,step,-3
930,1,7.76345,0.8,step,-2
930,2,10.1821,0.95,step,-1
930,3,10.7057,1.1,step,0
930,4,10.4525,1.25,step,1

frame,idx,score,alpha,step_norm,z_coarse
931,0,5.72206,0.65,step,-3
931,1,7.78029,0.8,step,-2
931,2,10.1979,0.95,step,-1
931,3,10.718,1.1,step,0
931,4,10.4623,1.25,step,1

frame,idx,score,alpha,step_norm,z_coarse
932,0,5.71902,0.65,step,-3
932,1,7.77877,0.8,step,-2
932,2,10.1993,0.95,step,-1
932,3,10.7161,1.1,step,0
932,4,10.457,1.25,step,1

frame,idx,score,alpha,step_norm,z_coarse
933,0,5.71779,0.65,step,-3
933,1,7.77603,0.8,step,-2
933,2,10.1996,0.95,step,-1
933,3,10.7185,1.1,step,0
933,4,10.4599,1.25,step,1

frame,idx,score,alpha,step_norm,z_coarse
934,0,5.71483,0.65,step,-3
934,1,7.76931,0.8,step,-2
934,2,10.1882,0.95,step,-1
934,3,10.7095,1.1,step,0
934,4,10.4536,1.25,step,1

frame,idx,score,alpha,step_norm,z_coarse
935,0,5.72079,0.65,step,-3
935,1,7.77987,0.8,step,-2
935,2,10.2015,0.95,step,-1
935,3,10.7181,1.1,step,0
935,4,10.457,1.25,step,1

frame,idx,score,alpha,step_norm,z_coarse
936,0,5.71995,0.65,step,-3
936,1,7.77636,0.8,step,-2
936,2,10.197,0.95,step,-1
936,3,10.7124,1.1,step,0
936,4,10.4527,1.25,step,1

frame,idx,score,alpha,step_norm,z_coarse
937,0,5.71804,0.65,step,-3
937,1,7.77829,0.8,step,-2
937,2,10.2037,0.95,step,-1
937,3,10.7205,1.1,step,0
937,4,10.4587,1.25,step,1

frame,idx,score,alpha,step_norm,z_coarse
938,0,5.72034,0.65,step,-3
938,1,7.77752,0.8,step,-2
938,2,10.1951,0.95,step,-1
938,3,10.7112,1.1,step,0
938,4,10.453,1.25,step,1

frame,idx,score,alpha,step_norm,z_coarse
939,0,5.7177,0.65,step,-3
939,1,7.77624,0.8,step,-2
939,2,10.1949,0.95,step,-1
939,3,10.7128,1.1,step,0
939,4,10.4553,1.25,step,1

frame,idx,score,alpha,step_norm,z_coarse
940,0,5.71593,0.65,step,-3
940,1,7.77763,0.8,step,-2
940,2,10.2033,0.95,step,-1
940,3,10.72,1.1,step,0
940,4,10.4579,1.25,step,1

frame,idx,score,alpha,step_norm,z_coarse
941,0,5.71951,0.65,step,-3
941,1,7.77778,0.8,step,-2
941,2,10.1993,0.95,step,-1
941,3,10.7162,1.1,step,0
941,4,10.4565,1.25,step,1

frame,idx,score,alpha,step_norm,z_coarse
942,0,5.7166,0.65,step,-3
942,1,7.77202,0.8,step,-2
942,2,10.1925,0.95,step,-1
942,3,10.7128,1.1,step,0
942,4,10.457,1.25,step,1

frame,idx,score,alpha,step_norm,z_coarse
943,0,5.71181,0.65,step,-3
943,1,7.76555,0.8,step,-2
943,2,10.1842,0.95,step,-1
943,3,10.7089,1.1,step,0
943,4,10.4577,1.25,step,1

frame,idx,score,alpha,step_norm,z_coarse
944,0,5.7164,0.65,step,-3
944,1,7.77477,0.8,step,-2
944,2,10.1986,0.95,step,-1
944,3,10.7217,1.1,step,0
944,4,10.4683,1.25,step,1

frame,idx,score,alpha,step_norm,z_coarse
945,0,5.7209,0.65,step,-3
945,1,7.77992,0.8,step,-2
945,2,10.2015,0.95,step,-1
945,3,10.7184,1.1,step,0
945,4,10.4586,1.25,step,1

frame,idx,score,alpha,step_norm,z_coarse
946,0,5.72047,0.65,step,-3
946,1,7.78,0.8,step,-2
946,2,10.2042,0.95,step,-1
946,3,10.72,1.1,step,0
946,4,10.4596,1.25,step,1

frame,idx,score,alpha,step_norm,z_coarse
947,0,5.71868,0.65,step,-3
947,1,7.77759,0.8,step,-2
947,2,10.1963,0.95,step,-1
947,3,10.7127,1.1,step,0
947,4,10.454,1.25,step,1

frame,idx,score,alpha,step_norm,z_coarse
948,0,5.71816,0.65,step,-3
948,1,7.77667,0.8,step,-2
948,2,10.1953,0.95,step,-1
948,3,10.7149,1.1,step,0
948,4,10.4585,1.25,step,1

frame,idx,score,alpha,step_norm,z_coarse
949,0,5.71599,0.65,step,-3
949,1,7.77127,0.8,step,-2
949,2,10.1883,0.95,step,-1
949,3,10.7082,1.1,step,0
949,4,10.4535,1.25,step,1

frame,idx,score,alpha,step_norm,z_coarse
950,0,5.71853,0.65,step,-3
950,1,7.77935,0.8,step,-2
950,2,10.1983,0.95,step,-1
950,3,10.7155,1.1,step,0
950,4,10.4576,1.25,step,1

frame,idx,score,alpha,step_norm,z_coarse
951,0,5.7222,0.65,step,-3
951,1,7.78631,0.8,step,-2
951,2,10.2124,0.95,step,-1
951,3,10.7266,1.1,step,0
951,4,10.4635,1.25,step,1

frame,idx,score,alpha,step_norm,z_coarse
952,0,5.72014,0.65,step,-3
952,1,7.7795,0.8,step,-2
952,2,10.2022,0.95,step,-1
952,3,10.719,1.1,step,0
952,4,10.4596,1.25,step,1

frame,idx,score,alpha,step_norm,z_coarse
953,0,5.71967,0.65,step,-3
953,1,7.77795,0.8,step,-2
953,2,10.1993,0.95,step,-1
953,3,10.7173,1.1,step,0
953,4,10.4597,1.25,step,1

frame,idx,score,alpha,step_norm,z_coarse
954,0,5.71412,0.65,step,-3
954,1,7.77195,0.8,step,-2
954,2,10.1951,0.95,step,-1
954,3,10.7141,1.1,step,0
954,4,10.4555,1.25,step,1

frame,idx,score,alpha,step_norm,z_coarse
955,0,5.7205,0.65,step,-3
955,1,7.7805,0.8,step,-2
955,2,10.2055,0.95,step,-1
955,3,10.7191,1.1,step,0
955,4,10.455,1.25,step,1

frame,idx,score,alpha,step_norm,z_coarse
956,0,5.72176,0.65,step,-3
956,1,7.77899,0.8,step,-2
956,2,10.1978,0.95,step,-1
956,3,10.7156,1.1,step,0
956,4,10.4571,1.25,step,1

frame,idx,score,alpha,step_norm,z_coarse
957,0,5.72014,0.65,step,-3
957,1,7.77871,0.8,step,-2
957,2,10.1983,0.95,step,-1
957,3,10.716,1.1,step,0
957,4,10.4571,1.25,step,1

frame,idx,score,alpha,step_norm,z_coarse
958,0,5.71715,0.65,step,-3
958,1,7.7747,0.8,step,-2
958,2,10.1944,0.95,step,-1
958,3,10.7133,1.1,step,0
958,4,10.4578,1.25,step,1

frame,idx,score,alpha,step_norm,z_coarse
959,0,5.71507,0.65,step,-3
959,1,7.7713,0.8,step,-2
959,2,10.1935,0.95,step,-1
959,3,10.7157,1.1,step,0
959,4,10.4585,1.25,step,1

frame,idx,score,alpha,step_norm,z_coarse
960,0,5.71675,0.65,step,-3
960,1,7.77402,0.8,step,-2
960,2,10.1921,0.95,step,-1
960,3,10.7123,1.1,step,0
960,4,10.4572,1.25,step,1

frame,idx,score,alpha,step_norm,z_coarse
961,0,5.71948,0.65,step,-3
961,1,7.77616,0.8,step,-2
961,2,10.1983,0.95,step,-1
961,3,10.7169,1.1,step,0
961,4,10.4582,1.25,step,1

frame,idx,score,alpha,step_norm,z_coarse
962,0,5.71594,0.65,step,-3
962,1,7.77374,0.8,step,-2
962,2,10.1926,0.95,step,-1
962,3,10.7117,1.1,step,0
962,4,10.4555,1.25,step,1

frame,idx,score,alpha,step_norm,z_coarse
963,0,5.71728,0.65,step,-3
963,1,7.77255,0.8,step,-2
963,2,10.1915,0.95,step,-1
963,3,10.712,1.1,step,0
963,4,10.4562,1.25,step,1

frame,idx,score,alpha,step_norm,z_coarse
964,0,5.71866,0.65,step,-3
964,1,7.77908,0.8,step,-2
964,2,10.2026,0.95,step,-1
964,3,10.7197,1.1,step,0
964,4,10.4597,1.25,step,1

frame,idx,score,alpha,step_norm,z_coarse
965,0,5.72086,0.65,step,-3
965,1,7.78174,0.8,step,-2
965,2,10.2079,0.95,step,-1
965,3,10.7206,1.1,step,0
965,4,10.4564,1.25,step,1

frame,idx,score,alpha,step_norm,z_coarse
966,0,5.71927,0.65,step,-3
966,1,7.77947,0.8,step,-2
966,2,10.2029,0.95,step,-1
966,3,10.7174,1.1,step,0
966,4,10.4548,1.25,step,1

frame,idx,score,alpha,step_norm,z_coarse
967,0,5.72233,0.65,step,-3
967,1,7.7823,0.8,step,-2
967,2,10.2065,0.95,step,-1
967,3,10.7237,1.1,step,0
967,4,10.4627,1.25,step,1

frame,idx,score,alpha,step_norm,z_coarse
968,0,5.71819,0.65,step,-3
968,1,7.77767,0.8,step,-2
968,2,10.1985,0.95,step,-1
968,3,10.7152,1.1,step,0
968,4,10.4561,1.25,step,1

frame,idx,score,alpha,step_norm,z_coarse
969,0,5.72332,0.65,step,-3
969,1,7.78225,0.8,step,-2
969,2,10.2059,0.95,step,-1
969,3,10.7215,1.1,step,0
969,4,10.4599,1.25,step,1

frame,idx,score,alpha,step_norm,z_coarse
970,0,5.72433,0.65,step,-3
970,1,7.78272,0.8,step,-2
970,2,10.201,0.95,step,-1
970,3,10.7158,1.1,step,0
970,4,10.4562,1.25,step,1

frame,idx,score,alpha,step_norm,z_coarse
971,0,5.7214,0.65,step,-3
971,1,7.78081,0.8,step,-2
971,2,10.205,0.95,step,-1
971,3,10.723,1.1,step,0
971,4,10.4635,1.25,step,1

frame,idx,score,alpha,step_norm,z_coarse
972,0,5.72223,0.65,step,-3
972,1,7.78261,0.8,step,-2
972,2,10.2097,0.95,step,-1
972,3,10.724,1.1,step,0
972,4,10.4588,1.25,step,1

frame,idx,score,alpha,step_norm,z_coarse
973,0,5.7237,0.65,step,-3
973,1,7.78415,0.8,step,-2
973,2,10.212,0.95,step,-1
973,3,10.7302,1.1,step,0
973,4,10.4679,1.25,step,1

frame,idx,score,alpha,step_norm,z_coarse
974,0,5.71984,0.65,step,-3
974,1,7.7796,0.8,step,-2
974,2,10.198,0.95,step,-1
974,3,10.7173,1.1,step,0
974,4,10.4599,1.25,step,1

frame,idx,score,alpha,step_norm,z_coarse
975,0,5.72414,0.65,step,-3
975,1,7.78434,0.8,step,-2
975,2,10.207,0.95,step,-1
975,3,10.7228,1.1,step,0
975,4,10.4607,1.25,step,1

frame,idx,score,alpha,step_norm,z_coarse
976,0,5.72343,0.65,step,-3
976,1,7.78427,0.8,step,-2
976,2,10.206,0.95,step,-1
976,3,10.7216,1.1,step,0
976,4,10.4605,1.25,step,1

frame,idx,score,alpha,step_norm,z_coarse
977,0,5.72076,0.65,step,-3
977,1,7.78193,0.8,step,-2
977,2,10.2044,0.95,step,-1
977,3,10.7235,1.1,step,0
977,4,10.4658,1.25,step,1

frame,idx,score,alpha,step_norm,z_coarse
978,0,5.72389,0.65,step,-3
978,1,7.78499,0.8,step,-2
978,2,10.2075,0.95,step,-1
978,3,10.7196,1.1,step,0
978,4,10.4549,1.25,step,1

frame,idx,score,alpha,step_norm,z_coarse
979,0,5.72498,0.65,step,-3
979,1,7.78852,0.8,step,-2
979,2,10.213,0.95,step,-1
979,3,10.7244,1.1,step,0
979,4,10.4596,1.25,step,1

frame,idx,score,alpha,step_norm,z_coarse
980,0,5.72229,0.65,step,-3
980,1,7.78184,0.8,step,-2
980,2,10.2033,0.95,step,-1
980,3,10.7197,1.1,step,0
980,4,10.4602,1.25,step,1

frame,idx,score,alpha,step_norm,z_coarse
981,0,5.72004,0.65,step,-3
981,1,7.77538,0.8,step,-2
981,2,10.1964,0.95,step,-1
981,3,10.7172,1.1,step,0
981,4,10.4609,1.25,step,1

frame,idx,score,alpha,step_norm,z_coarse
982,0,5.72142,0.65,step,-3
982,1,7.78465,0.8,step,-2
982,2,10.2057,0.95,step,-1
982,3,10.7179,1.1,step,0
982,4,10.4545,1.25,step,1

frame,idx,score,alpha,step_norm,z_coarse
983,0,5.72021,0.65,step,-3
983,1,7.77946,0.8,step,-2
983,2,10.2018,0.95,step,-1
983,3,10.7168,1.1,step,0
983,4,10.456,1.25,step,1

frame,idx,score,alpha,step_norm,z_coarse
984,0,5.71583,0.65,step,-3
984,1,7.77397,0.8,step,-2
984,2,10.1944,0.95,step,-1
984,3,10.7132,1.1,step,0
984,4,10.4543,1.25,step,1

frame,idx,score,alpha,step_norm,z_coarse
985,0,5.71585,0.65,step,-3
985,1,7.77284,0.8,step,-2
985,2,10.1921,0.95,step,-1
985,3,10.7121,1.1,step,0
985,4,10.4558,1.25,step,1

frame,idx,score,alpha,step_norm,z_coarse
986,0,5.71595,0.65,step,-3
986,1,7.77416,0.8,step,-2
986,2,10.196,0.95,step,-1
986,3,10.7182,1.1,step,0
986,4,10.4636,1.25,step,1

frame,idx,score,alpha,step_norm,z_coarse
987,0,5.72072,0.65,step,-3
987,1,7.78007,0.8,step,-2
987,2,10.2023,0.95,step,-1
987,3,10.7196,1.1,step,0
987,4,10.461,1.25,step,1

frame,idx,score,alpha,step_norm,z_coarse
988,0,5.71929,0.65,step,-3
988,1,7.77712,0.8,step,-2
988,2,10.1976,0.95,step,-1
988,3,10.7147,1.1,step,0
988,4,10.4559,1.25,step,1

frame,idx,score,alpha,step_norm,z_coarse
989,0,5.72324,0.65,step,-3
989,1,7.78159,0.8,step,-2
989,2,10.2034,0.95,step,-1
989,3,10.7191,1.1,step,0
989,4,10.4562,1.25,step,1

frame,idx,score,alpha,step_norm,z_coarse
990,0,5.7229,0.65,step,-3
990,1,7.78569,0.8,step,-2
990,2,10.2108,0.95,step,-1
990,3,10.7224,1.1,step,0
990,4,10.4549,1.25,step,1

frame,idx,score,alpha,step_norm,z_coarse
991,0,5.72242,0.65,step,-3
991,1,7.78152,0.8,step,-2
991,2,10.2054,0.95,step,-1
991,3,10.7212,1.1,step,0
991,4,10.4597,1.25,step,1

frame,idx,score,alpha,step_norm,z_coarse
992,0,5.72104,0.65,step,-3
992,1,7.77858,0.8,step,-2
992,2,10.1993,0.95,step,-1
992,3,10.7156,1.1,step,0
992,4,10.4545,1.25,step,1

frame,idx,score,alpha,step_norm,z_coarse
993,0,5.71817,0.65,step,-3
993,1,7.77847,0.8,step,-2
993,2,10.1983,0.95,step,-1
993,3,10.715,1.1,step,0
993,4,10.4562,1.25,step,1

frame,idx,score,alpha,step_norm,z_coarse
994,0,5.72071,0.65,step,-3
994,1,7.77779,0.8,step,-2
994,2,10.2011,0.95,step,-1
994,3,10.7171,1.1,step,0
994,4,10.4561,1.25,step,1

frame,idx,score,alpha,step_norm,z_coarse
995,0,5.72026,0.65,step,-3
995,1,7.78122,0.8,step,-2
995,2,10.1998,0.95,step,-1
995,3,10.7151,1.1,step,0
995,4,10.4551,1.25,step,1

frame,idx,score,alpha,step_norm,z_coarse
996,0,5.72308,0.65,step,-3
996,1,7.78367,0.8,step,-2
996,2,10.2061,0.95,step,-1
996,3,10.722,1.1,step,0
996,4,10.4617,1.25,step,1

frame,idx,score,alpha,step_norm,z_coarse
997,0,5.71733,0.65,step,-3
997,1,7.77369,0.8,step,-2
997,2,10.1922,0.95,step,-1
997,3,10.717,1.1,step,0
997,4,10.4646,1.25,step,1

frame,idx,score,alpha,step_norm,z_coarse
998,0,5.72105,0.65,step,-3
998,1,7.77812,0.8,step,-2
998,2,10.1989,0.95,step,-1
998,3,10.7199,1.1,step,0
998,4,10.464,1.25,step,1

frame,idx,score,alpha,step_norm,z_coarse
999,0,5.71536,0.65,step,-3
999,1,7.77636,0.8,step,-2
999,2,10.1995,0.95,step,-1
999,3,10.7188,1.1,step,0
999,4,10.4604,1.25,step,1

frame,idx,score,alpha,step_norm,z_coarse
1000,0,5.7182,0.65,step,-3
1000,1,7.77823,0.8,step,-2
1000,2,10.1986,0.95,step,-1
1000,3,10.7175,1.1,step,0
1000,4,10.4607,1.25,step,1

frame,idx,score,alpha,step_norm,z_coarse
1001,0,5.72067,0.65,step,-3
1001,1,7.7785,0.8,step,-2
1001,2,10.2018,0.95,step,-1
1001,3,10.7197,1.1,step,0
1001,4,10.4596,1.25,step,1

frame,idx,score,alpha,step_norm,z_coarse
1002,0,5.72516,0.65,step,-3
1002,1,7.78847,0.8,step,-2
1002,2,10.2113,0.95,step,-1
1002,3,10.728,1.1,step,0
1002,4,10.4664,1.25,step,1

frame,idx,score,alpha,step_norm,z_coarse
1003,0,5.73274,0.65,step,-3
1003,1,7.7953,0.8,step,-2
1003,2,10.2221,0.95,step,-1
1003,3,10.733,1.1,step,0
1003,4,10.4673,1.25,step,1

frame,idx,score,alpha,step_norm,z_coarse
1004,0,5.7309,0.65,step,-3
1004,1,7.7912,0.8,step,-2
1004,2,10.216,0.95,step,-1
1004,3,10.7274,1.1,step,0
1004,4,10.4622,1.25,step,1

frame,idx,score,alpha,step_norm,z_coarse
1005,0,5.72297,0.65,step,-3
1005,1,7.78704,0.8,step,-2
1005,2,10.2112,0.95,step,-1
1005,3,10.7263,1.1,step,0
1005,4,10.4644,1.25,step,1

frame,idx,score,alpha,step_norm,z_coarse
1006,0,5.71753,0.65,step,-3
1006,1,7.77549,0.8,step,-2
1006,2,10.1976,0.95,step,-1
1006,3,10.719,1.1,step,0
1006,4,10.4631,1.25,step,1

frame,idx,score,alpha,step_norm,z_coarse
1007,0,5.7222,0.65,step,-3
1007,1,7.78095,0.8,step,-2
1007,2,10.2017,0.95,step,-1
1007,3,10.7232,1.1,step,0
1007,4,10.4668,1.25,step,1

frame,idx,score,alpha,step_norm,z_coarse
1008,0,5.72217,0.65,step,-3
1008,1,7.78236,0.8,step,-2
1008,2,10.2041,0.95,step,-1
1008,3,10.7215,1.1,step,0
1008,4,10.4618,1.25,step,1

frame,idx,score,alpha,step_norm,z_coarse
1009,0,5.71678,0.65,step,-3
1009,1,7.77383,0.8,step,-2
1009,2,10.1947,0.95,step,-1
1009,3,10.7181,1.1,step,0
1009,4,10.4652,1.25,step,1

frame,idx,score,alpha,step_norm,z_coarse
1010,0,5.72,0.65,step,-3
1010,1,7.78102,0.8,step,-2
1010,2,10.2044,0.95,step,-1
1010,3,10.7262,1.1,step,0
1010,4,10.4704,1.25,step,1

frame,idx,score,alpha,step_norm,z_coarse
1011,0,5.7278,0.65,step,-3
1011,1,7.79239,0.8,step,-2
1011,2,10.2168,0.95,step,-1
1011,3,10.7307,1.1,step,0
1011,4,10.4671,1.25,step,1

frame,idx,score,alpha,step_norm,z_coarse
1012,0,5.72543,0.65,step,-3
1012,1,7.78819,0.8,step,-2
1012,2,10.2111,0.95,step,-1
1012,3,10.7253,1.1,step,0
1012,4,10.4633,1.25,step,1

frame,idx,score,alpha,step_norm,z_coarse
1013,0,5.71498,0.65,step,-3
1013,1,7.77309,0.8,step,-2
1013,2,10.1952,0.95,step,-1
1013,3,10.7183,1.1,step,0
1013,4,10.4645,1.25,step,1

frame,idx,score,alpha,step_norm,z_coarse
1014,0,5.71947,0.65,step,-3
1014,1,7.77905,0.8,step,-2
1014,2,10.2021,0.95,step,-1
1014,3,10.7221,1.1,step,0
1014,4,10.4658,1.25,step,1

frame,idx,score,alpha,step_norm,z_coarse
1015,0,5.72021,0.65,step,-3
1015,1,7.77797,0.8,step,-2
1015,2,10.1997,0.95,step,-1
1015,3,10.7229,1.1,step,0
1015,4,10.4688,1.25,step,1

frame,idx,score,alpha,step_norm,z_coarse
1016,0,5.7212,0.65,step,-3
1016,1,7.78221,0.8,step,-2
1016,2,10.2061,0.95,step,-1
1016,3,10.7219,1.1,step,0
1016,4,10.4602,1.25,step,1

frame,idx,score,alpha,step_norm,z_coarse
1017,0,5.7244,0.65,step,-3
1017,1,7.78743,0.8,step,-2
1017,2,10.2103,0.95,step,-1
1017,3,10.7246,1.1,step,0
1017,4,10.4617,1.25,step,1

frame,idx,score,alpha,step_norm,z_coarse
1018,0,5.71821,0.65,step,-3
1018,1,7.77437,0.8,step,-2
1018,2,10.1914,0.95,step,-1
1018,3,10.712,1.1,step,0
1018,4,10.459,1.25,step,1

frame,idx,score,alpha,step_norm,z_coarse
1019,0,5.71743,0.65,step,-3
1019,1,7.77708,0.8,step,-2
1019,2,10.1968,0.95,step,-1
1019,3,10.7187,1.1,step,0
1019,4,10.4655,1.25,step,1

frame,idx,score,alpha,step_norm,z_coarse
1020,0,5.71984,0.65,step,-3
1020,1,7.77677,0.8,step,-2
1020,2,10.201,0.95,step,-1
1020,3,10.7209,1.1,step,0
1020,4,10.4637,1.25,step,1

frame,idx,score,alpha,step_norm,z_coarse
1021,0,5.72013,0.65,step,-3
1021,1,7.78125,0.8,step,-2
1021,2,10.2011,0.95,step,-1
1021,3,10.717,1.1,step,0
1021,4,10.4563,1.25,step,1

frame,idx,score,alpha,step_norm,z_coarse
1022,0,5.71973,0.65,step,-3
1022,1,7.78091,0.8,step,-2
1022,2,10.2062,0.95,step,-1
1022,3,10.7234,1.1,step,0
1022,4,10.4638,1.25,step,1

frame,idx,score,alpha,step_norm,z_coarse
1023,0,5.71582,0.65,step,-3
1023,1,7.77399,0.8,step,-2
1023,2,10.1939,0.95,step,-1
1023,3,10.7159,1.1,step,0
1023,4,10.4604,1.25,step,1

frame,idx,score,alpha,step_norm,z_coarse
1024,0,5.71159,0.65,step,-3
1024,1,7.76946,0.8,step,-2
1024,2,10.1888,0.95,step,-1
1024,3,10.7118,1.1,step,0
1024,4,10.46,1.25,step,1

frame,idx,score,alpha,step_norm,z_coarse
1025,0,5.71754,0.65,step,-3
1025,1,7.7773,0.8,step,-2
1025,2,10.1974,0.95,step,-1
1025,3,10.7186,1.1,step,0
1025,4,10.4627,1.25,step,1

frame,idx,score,alpha,step_norm,z_coarse
1026,0,5.71912,0.65,step,-3
1026,1,7.78023,0.8,step,-2
1026,2,10.2026,0.95,step,-1
1026,3,10.7212,1.1,step,0
1026,4,10.4644,1.25,step,1

frame,idx,score,alpha,step_norm,z_coarse
1027,0,5.71529,0.65,step,-3
1027,1,7.7715,0.8,step,-2
1027,2,10.1919,0.95,step,-1
1027,3,10.7131,1.1,step,0
1027,4,10.4584,1.25,step,1

frame,idx,score,alpha,step_norm,z_coarse
1028,0,5.71686,0.65,step,-3
1028,1,7.77491,0.8,step,-2
1028,2,10.1925,0.95,step,-1
1028,3,10.7147,1.1,step,0
1028,4,10.4616,1.25,step,1

frame,idx,score,alpha,step_norm,z_coarse
1029,0,5.71305,0.65,step,-3
1029,1,7.77024,0.8,step,-2
1029,2,10.1873,0.95,step,-1
1029,3,10.7089,1.1,step,0
1029,4,10.4556,1.25,step,1

frame,idx,score,alpha,step_norm,z_coarse
1030,0,5.71846,0.65,step,-3
1030,1,7.77526,0.8,step,-2
1030,2,10.1933,0.95,step,-1
1030,3,10.7138,1.1,step,0
1030,4,10.4584,1.25,step,1

frame,idx,score,alpha,step_norm,z_coarse
1031,0,5.71114,0.65,step,-3
1031,1,7.76603,0.8,step,-2
1031,2,10.1873,0.95,step,-1
1031,3,10.7144,1.1,step,0
1031,4,10.4656,1.25,step,1

frame,idx,score,alpha,step_norm,z_coarse
1032,0,5.71347,0.65,step,-3
1032,1,7.77052,0.8,step,-2
1032,2,10.1909,0.95,step,-1
1032,3,10.7176,1.1,step,0
1032,4,10.4685,1.25,step,1

frame,idx,score,alpha,step_norm,z_coarse
1033,0,5.7128,0.65,step,-3
1033,1,7.76764,0.8,step,-2
1033,2,10.1847,0.95,step,-1
1033,3,10.7074,1.1,step,0
1033,4,10.4567,1.25,step,1

frame,idx,score,alpha,step_norm,z_coarse
1034,0,5.71391,0.65,step,-3
1034,1,7.76785,0.8,step,-2
1034,2,10.1874,0.95,step,-1
1034,3,10.7149,1.1,step,0
1034,4,10.4656,1.25,step,1

frame,idx,score,alpha,step_norm,z_coarse
1035,0,5.71194,0.65,step,-3
1035,1,7.76531,0.8,step,-2
1035,2,10.1804,0.95,step,-1
1035,3,10.7058,1.1,step,0
1035,4,10.4567,1.25,step,1

frame,idx,score,alpha,step_norm,z_coarse
1036,0,5.71504,0.65,step,-3
1036,1,7.76867,0.8,step,-2
1036,2,10.1851,0.95,step,-1
1036,3,10.7136,1.1,step,0
1036,4,10.4674,1.25,step,1

frame,idx,score,alpha,step_norm,z_coarse
1037,0,5.70918,0.65,step,-3
1037,1,7.76316,0.8,step,-2
1037,2,10.1823,0.95,step,-1
1037,3,10.71,1.1,step,0
1037,4,10.4616,1.25,step,1

frame,idx,score,alpha,step_norm,z_coarse
1038,0,5.71315,0.65,step,-3
1038,1,7.77034,0.8,step,-2
1038,2,10.1871,0.95,step,-1
1038,3,10.7106,1.1,step,0
1038,4,10.4599,1.25,step,1

frame,idx,score,alpha,step_norm,z_coarse
1039,0,5.71185,0.65,step,-3
1039,1,7.76895,0.8,step,-2
1039,2,10.1879,0.95,step,-1
1039,3,10.7114,1.1,step,0
1039,4,10.4594,1.25,step,1

frame,idx,score,alpha,step_norm,z_coarse
1040,0,5.71392,0.65,step,-3
1040,1,7.76818,0.8,step,-2
1040,2,10.1926,0.95,step,-1
1040,3,10.7175,1.1,step,0
1040,4,10.4636,1.25,step,1

frame,idx,score,alpha,step_norm,z_coarse
1041,0,5.71763,0.65,step,-3
1041,1,7.77473,0.8,step,-2
1041,2,10.199,0.95,step,-1
1041,3,10.722,1.1,step,0
1041,4,10.4664,1.25,step,1

frame,idx,score,alpha,step_norm,z_coarse
1042,0,5.71606,0.65,step,-3
1042,1,7.77202,0.8,step,-2
1042,2,10.1914,0.95,step,-1
1042,3,10.7154,1.1,step,0
1042,4,10.4626,1.25,step,1

frame,idx,score,alpha,step_norm,z_coarse
1043,0,5.71612,0.65,step,-3
1043,1,7.772,0.8,step,-2
1043,2,10.1927,0.95,step,-1
1043,3,10.7166,1.1,step,0
1043,4,10.4639,1.25,step,1

frame,idx,score,alpha,step_norm,z_coarse
1044,0,5.71587,0.65,step,-3
1044,1,7.77177,0.8,step,-2
1044,2,10.1974,0.95,step,-1
1044,3,10.7213,1.1,step,0
1044,4,10.4676,1.25,step,1

frame,idx,score,alpha,step_norm,z_coarse
1045,0,5.71728,0.65,step,-3
1045,1,7.77773,0.8,step,-2
1045,2,10.2005,0.95,step,-1
1045,3,10.722,1.1,step,0
1045,4,10.465,1.25,step,1

frame,idx,score,alpha,step_norm,z_coarse
1046,0,5.72112,0.65,step,-3
1046,1,7.78201,0.8,step,-2
1046,2,10.207,0.95,step,-1
1046,3,10.7252,1.1,step,0
1046,4,10.4649,1.25,step,1

frame,idx,score,alpha,step_norm,z_coarse
1047,0,5.71878,0.65,step,-3
1047,1,7.77603,0.8,step,-2
1047,2,10.1954,0.95,step,-1
1047,3,10.7138,1.1,step,0
1047,4,10.457,1.25,step,1

frame,idx,score,alpha,step_norm,z_coarse
1048,0,5.71703,0.65,step,-3
1048,1,7.77466,0.8,step,-2
1048,2,10.193,0.95,step,-1
1048,3,10.7156,1.1,step,0
1048,4,10.4616,1.25,step,1

frame,idx,score,alpha,step_norm,z_coarse
1049,0,5.71369,0.65,step,-3
1049,1,7.76794,0.8,step,-2
1049,2,10.1863,0.95,step,-1
1049,3,10.7103,1.1,step,0
1049,4,10.458,1.25,step,1

frame,idx,score,alpha,step_norm,z_coarse
1050,0,5.71553,0.65,step,-3
1050,1,7.77115,0.8,step,-2
1050,2,10.1907,0.95,step,-1
1050,3,10.7113,1.1,step,0
1050,4,10.457,1.25,step,1

frame,idx,score,alpha,step_norm,z_coarse
1051,0,5.71531,0.65,step,-3
1051,1,7.77345,0.8,step,-2
1051,2,10.1921,0.95,step,-1
1051,3,10.711,1.1,step,0
1051,4,10.4551,1.25,step,1

frame,idx,score,alpha,step_norm,z_coarse
1052,0,5.71531,0.65,step,-3
1052,1,7.7727,0.8,step,-2
1052,2,10.193,0.95,step,-1
1052,3,10.7171,1.1,step,0
1052,4,10.4657,1.25,step,1

frame,idx,score,alpha,step_norm,z_coarse
1053,0,5.71347,0.65,step,-3
1053,1,7.77019,0.8,step,-2
1053,2,10.1877,0.95,step,-1
1053,3,10.7123,1.1,step,0
1053,4,10.4626,1.25,step,1

frame,idx,score,alpha,step_norm,z_coarse
1054,0,5.71031,0.65,step,-3
1054,1,7.76496,0.8,step,-2
1054,2,10.1796,0.95,step,-1
1054,3,10.7079,1.1,step,0
1054,4,10.4609,1.25,step,1

frame,idx,score,alpha,step_norm,z_coarse
1055,0,5.71184,0.65,step,-3
1055,1,7.7679,0.8,step,-2
1055,2,10.1871,0.95,step,-1
1055,3,10.7102,1.1,step,0
1055,4,10.4591,1.25,step,1

frame,idx,score,alpha,step_norm,z_coarse
1056,0,5.71192,0.65,step,-3
1056,1,7.76947,0.8,step,-2
1056,2,10.1881,0.95,step,-1
1056,3,10.7139,1.1,step,0
1056,4,10.4643,1.25,step,1

frame,idx,score,alpha,step_norm,z_coarse
1057,0,5.70943,0.65,step,-3
1057,1,7.76419,0.8,step,-2
1057,2,10.1834,0.95,step,-1
1057,3,10.7143,1.1,step,0
1057,4,10.4684,1.25,step,1

frame,idx,score,alpha,step_norm,z_coarse
1058,0,5.71474,0.65,step,-3
1058,1,7.76981,0.8,step,-2
1058,2,10.1905,0.95,step,-1
1058,3,10.7123,1.1,step,0
1058,4,10.4577,1.25,step,1

frame,idx,score,alpha,step_norm,z_coarse
1059,0,5.71402,0.65,step,-3
1059,1,7.76936,0.8,step,-2
1059,2,10.1899,0.95,step,-1
1059,3,10.7151,1.1,step,0
1059,4,10.4654,1.25,step,1

frame,idx,score,alpha,step_norm,z_coarse
1060,0,5.71218,0.65,step,-3
1060,1,7.76395,0.8,step,-2
1060,2,10.1802,0.95,step,-1
1060,3,10.7089,1.1,step,0
1060,4,10.4604,1.25,step,1

frame,idx,score,alpha,step_norm,z_coarse
1061,0,5.71282,0.65,step,-3
1061,1,7.76681,0.8,step,-2
1061,2,10.1842,0.95,step,-1
1061,3,10.7127,1.1,step,0
1061,4,10.4664,1.25,step,1

frame,idx,score,alpha,step_norm,z_coarse
1062,0,5.70921,0.65,step,-3
1062,1,7.76303,0.8,step,-2
1062,2,10.1827,0.95,step,-1
1062,3,10.7107,1.1,step,0
1062,4,10.462,1.25,step,1

frame,idx,score,alpha,step_norm,z_coarse
1063,0,5.71772,0.65,step,-3
1063,1,7.77466,0.8,step,-2
1063,2,10.1959,0.95,step,-1
1063,3,10.7184,1.1,step,0
1063,4,10.4637,1.25,step,1

frame,idx,score,alpha,step_norm,z_coarse
1064,0,5.71512,0.65,step,-3
1064,1,7.7727,0.8,step,-2
1064,2,10.1897,0.95,step,-1
1064,3,10.7125,1.1,step,0
1064,4,10.4599,1.25,step,1

frame,idx,score,alpha,step_norm,z_coarse
1065,0,5.71229,0.65,step,-3
1065,1,7.76949,0.8,step,-2
1065,2,10.1884,0.95,step,-1
1065,3,10.7144,1.1,step,0
1065,4,10.464,1.25,step,1

frame,idx,score,alpha,step_norm,z_coarse
1066,0,5.71216,0.65,step,-3
1066,1,7.7675,0.8,step,-2
1066,2,10.1842,0.95,step,-1
1066,3,10.7087,1.1,step,0
1066,4,10.4572,1.25,step,1

frame,idx,score,alpha,step_norm,z_coarse
1067,0,5.72229,0.65,step,-3
1067,1,7.78436,0.8,step,-2
1067,2,10.2047,0.95,step,-1
1067,3,10.7218,1.1,step,0
1067,4,10.4638,1.25,step,1

frame,idx,score,alpha,step_norm,z_coarse
1068,0,5.7183,0.65,step,-3
1068,1,7.7792,0.8,step,-2
1068,2,10.2046,0.95,step,-1
1068,3,10.7213,1.1,step,0
1068,4,10.4606,1.25,step,1

frame,idx,score,alpha,step_norm,z_coarse
1069,0,5.71977,0.65,step,-3
1069,1,7.77893,0.8,step,-2
1069,2,10.2037,0.95,step,-1
1069,3,10.7238,1.1,step,0
1069,4,10.4656,1.25,step,1

frame,idx,score,alpha,step_norm,z_coarse
1070,0,5.72005,0.65,step,-3
1070,1,7.77835,0.8,step,-2
1070,2,10.1976,0.95,step,-1
1070,3,10.7165,1.1,step,0
1070,4,10.4611,1.25,step,1

frame,idx,score,alpha,step_norm,z_coarse
1071,0,5.72458,0.65,step,-3
1071,1,7.78659,0.8,step,-2
1071,2,10.2111,0.95,step,-1
1071,3,10.7227,1.1,step,0
1071,4,10.4569,1.25,step,1

frame,idx,score,alpha,step_norm,z_coarse
1072,0,5.7219,0.65,step,-3
1072,1,7.7832,0.8,step,-2
1072,2,10.2092,0.95,step,-1
1072,3,10.7264,1.1,step,0
1072,4,10.4654,1.25,step,1

frame,idx,score,alpha,step_norm,z_coarse
1073,0,5.72104,0.65,step,-3
1073,1,7.78151,0.8,step,-2
1073,2,10.2047,0.95,step,-1
1073,3,10.7201,1.1,step,0
1073,4,10.4591,1.25,step,1

frame,idx,score,alpha,step_norm,z_coarse
1074,0,5.72256,0.65,step,-3
1074,1,7.78569,0.8,step,-2
1074,2,10.2134,0.95,step,-1
1074,3,10.7277,1.1,step,0
1074,4,10.4626,1.25,step,1

frame,idx,score,alpha,step_norm,z_coarse
1075,0,5.72365,0.65,step,-3
1075,1,7.78505,0.8,step,-2
1075,2,10.2073,0.95,step,-1
1075,3,10.7228,1.1,step,0
1075,4,10.461,1.25,step,1

frame,idx,score,alpha,step_norm,z_coarse
1076,0,5.72001,0.65,step,-3
1076,1,7.77822,0.8,step,-2
1076,2,10.2002,0.95,step,-1
1076,3,10.7188,1.1,step,0
1076,4,10.4605,1.25,step,1

frame,idx,score,alpha,step_norm,z_coarse
1077,0,5.7204,0.65,step,-3
1077,1,7.78027,0.8,step,-2
1077,2,10.1993,0.95,step,-1
1077,3,10.7155,1.1,step,0
1077,4,10.458,1.25,step,1

frame,idx,score,alpha,step_norm,z_coarse
1078,0,5.72199,0.65,step,-3
1078,1,7.78298,0.8,step,-2
1078,2,10.2067,0.95,step,-1
1078,3,10.725,1.1,step,0
1078,4,10.4654,1.25,step,1

frame,idx,score,alpha,step_norm,z_coarse
1079,0,5.72677,0.65,step,-3
1079,1,7.79013,0.8,step,-2
1079,2,10.2175,0.95,step,-1
1079,3,10.7307,1.1,step,0
1079,4,10.4654,1.25,step,1

frame,idx,score,alpha,step_norm,z_coarse
1080,0,5.7222,0.65,step,-3
1080,1,7.78429,0.8,step,-2
1080,2,10.2095,0.95,step,-1
1080,3,10.7292,1.1,step,0
1080,4,10.471,1.25,step,1

frame,idx,score,alpha,step_norm,z_coarse
1081,0,5.72276,0.65,step,-3
1081,1,7.78213,0.8,step,-2
1081,2,10.2028,0.95,step,-1
1081,3,10.7204,1.1,step,0
1081,4,10.461,1.25,step,1

frame,idx,score,alpha,step_norm,z_coarse
1082,0,5.72589,0.65,step,-3
1082,1,7.79044,0.8,step,-2
1082,2,10.2158,0.95,step,-1
1082,3,10.7261,1.1,step,0
1082,4,10.4591,1.25,step,1

frame,idx,score,alpha,step_norm,z_coarse
1083,0,5.72845,0.65,step,-3
1083,1,7.78959,0.8,step,-2
1083,2,10.2141,0.95,step,-1
1083,3,10.7261,1.1,step,0
1083,4,10.4609,1.25,step,1

frame,idx,score,alpha,step_norm,z_coarse
1084,0,5.73202,0.65,step,-3
1084,1,7.80146,0.8,step,-2
1084,2,10.2326,0.95,step,-1
1084,3,10.7373,1.1,step,0
1084,4,10.4624,1.25,step,1

frame,idx,score,alpha,step_norm,z_coarse
1085,0,5.72922,0.65,step,-3
1085,1,7.79424,0.8,step,-2
1085,2,10.2161,0.95,step,-1
1085,3,10.7258,1.1,step,0
1085,4,10.4587,1.25,step,1

frame,idx,score,alpha,step_norm,z_coarse
1086,0,5.73058,0.65,step,-3
1086,1,7.7929,0.8,step,-2
1086,2,10.2195,0.95,step,-1
1086,3,10.732,1.1,step,0
1086,4,10.4659,1.25,step,1

frame,idx,score,alpha,step_norm,z_coarse
1087,0,5.73313,0.65,step,-3
1087,1,7.80446,0.8,step,-2
1087,2,10.2351,0.95,step,-1
1087,3,10.7378,1.1,step,0
1087,4,10.4616,1.25,step,1

frame,idx,score,alpha,step_norm,z_coarse
1088,0,5.72951,0.65,step,-3
1088,1,7.79839,0.8,step,-2
1088,2,10.2279,0.95,step,-1
1088,3,10.7354,1.1,step,0
1088,4,10.4668,1.25,step,1

frame,idx,score,alpha,step_norm,z_coarse
1089,0,5.72458,0.65,step,-3
1089,1,7.78879,0.8,step,-2
1089,2,10.2145,0.95,step,-1
1089,3,10.726,1.1,step,0
1089,4,10.46,1.25,step,1

frame,idx,score,alpha,step_norm,z_coarse
1090,0,5.73436,0.65,step,-3
1090,1,7.80351,0.8,step,-2
1090,2,10.2329,0.95,step,-1
1090,3,10.7378,1.1,step,0
1090,4,10.4656,1.25,step,1

frame,idx,score,alpha,step_norm,z_coarse
1091,0,5.73421,0.65,step,-3
1091,1,7.79969,0.8,step,-2
1091,2,10.2278,0.95,step,-1
1091,3,10.7331,1.1,step,0
1091,4,10.4609,1.25,step,1

frame,idx,score,alpha,step_norm,z_coarse
1092,0,5.73654,0.65,step,-3
1092,1,7.80529,0.8,step,-2
1092,2,10.2355,0.95,step,-1
1092,3,10.7425,1.1,step,0
1092,4,10.4693,1.25,step,1

frame,idx,score,alpha,step_norm,z_coarse
1093,0,5.73516,0.65,step,-3
1093,1,7.80096,0.8,step,-2
1093,2,10.2274,0.95,step,-1
1093,3,10.7333,1.1,step,0
1093,4,10.463,1.25,step,1

frame,idx,score,alpha,step_norm,z_coarse
1094,0,5.72889,0.65,step,-3
1094,1,7.79416,0.8,step,-2
1094,2,10.2223,0.95,step,-1
1094,3,10.7339,1.1,step,0
1094,4,10.4667,1.25,step,1

frame,idx,score,alpha,step_norm,z_coarse
1095,0,5.73234,0.65,step,-3
1095,1,7.79933,0.8,step,-2
1095,2,10.2257,0.95,step,-1
1095,3,10.7334,1.1,step,0
1095,4,10.464,1.25,step,1

frame,idx,score,alpha,step_norm,z_coarse
1096,0,5.73524,0.65,step,-3
1096,1,7.8028,0.8,step,-2
1096,2,10.2344,0.95,step,-1
1096,3,10.7438,1.1,step,0
1096,4,10.4729,1.25,step,1

frame,idx,score,alpha,step_norm,z_coarse
1097,0,5.72968,0.65,step,-3
1097,1,7.79244,0.8,step,-2
1097,2,10.2203,0.95,step,-1
1097,3,10.7299,1.1,step,0
1097,4,10.4594,1.25,step,1

frame,idx,score,alpha,step_norm,z_coarse
1098,0,5.73258,0.65,step,-3
1098,1,7.80268,0.8,step,-2
1098,2,10.2294,0.95,step,-1
1098,3,10.7332,1.1,step,0
1098,4,10.4598,1.25,step,1

frame,idx,score,alpha,step_norm,z_coarse
1099,0,5.73637,0.65,step,-3
1099,1,7.80548,0.8,step,-2
1099,2,10.2351,0.95,step,-1
1099,3,10.7395,1.1,step,0
1099,4,10.4661,1.25,step,1

frame,idx,score,alpha,step_norm,z_coarse
1100,0,5.73444,0.65,step,-3
1100,1,7.80374,0.8,step,-2
1100,2,10.2321,0.95,step,-1
1100,3,10.7351,1.1,step,0
1100,4,10.4609,1.25,step,1

frame,idx,score,alpha,step_norm,z_coarse
1101,0,5.7319,0.65,step,-3
1101,1,7.79819,0.8,step,-2
1101,2,10.2269,0.95,step,-1
1101,3,10.733,1.1,step,0
1101,4,10.4608,1.25,step,1

frame,idx,score,alpha,step_norm,z_coarse
1102,0,5.73875,0.65,step,-3
1102,1,7.80721,0.8,step,-2
1102,2,10.2396,0.95,step,-1
1102,3,10.7412,1.1,step,0
1102,4,10.4623,1.25,step,1

frame,idx,score,alpha,step_norm,z_coarse
1103,0,5.73984,0.65,step,-3
1103,1,7.81074,0.8,step,-2
1103,2,10.2454,0.95,step,-1
1103,3,10.7441,1.1,step,0
1103,4,10.4624,1.25,step,1

frame,idx,score,alpha,step_norm,z_coarse
1104,0,5.73628,0.65,step,-3
1104,1,7.80517,0.8,step,-2
1104,2,10.2379,0.95,step,-1
1104,3,10.7409,1.1,step,0
1104,4,10.4628,1.25,step,1

frame,idx,score,alpha,step_norm,z_coarse
1105,0,5.74357,0.65,step,-3
1105,1,7.81565,0.8,step,-2
1105,2,10.2462,0.95,step,-1
1105,3,10.7448,1.1,step,0
1105,4,10.4636,1.25,step,1

frame,idx,score,alpha,step_norm,z_coarse
1106,0,5.74272,0.65,step,-3
1106,1,7.81549,0.8,step,-2
1106,2,10.2473,0.95,step,-1
1106,3,10.7457,1.1,step,0
1106,4,10.4645,1.25,step,1

frame,idx,score,alpha,step_norm,z_coarse
1107,0,5.7375,0.65,step,-3
1107,1,7.80908,0.8,step,-2
1107,2,10.2432,0.95,step,-1
1107,3,10.7425,1.1,step,0
1107,4,10.4619,1.25,step,1

frame,idx,score,alpha,step_norm,z_coarse
1108,0,5.7384,0.65,step,-3
1108,1,7.81067,0.8,step,-2
1108,2,10.2428,0.95,step,-1
1108,3,10.7411,1.1,step,0
1108,4,10.4607,1.25,step,1

frame,idx,score,alpha,step_norm,z_coarse
1109,0,5.7364,0.65,step,-3
1109,1,7.80649,0.8,step,-2
1109,2,10.2373,0.95,step,-1
1109,3,10.7401,1.1,step,0
1109,4,10.4628,1.25,step,1

frame,idx,score,alpha,step_norm,z_coarse
1110,0,5.73583,0.65,step,-3
1110,1,7.80422,0.8,step,-2
1110,2,10.2342,0.95,step,-1
1110,3,10.7386,1.1,step,0
1110,4,10.4639,1.25,step,1

frame,idx,score,alpha,step_norm,z_coarse
1111,0,5.74058,0.65,step,-3
1111,1,7.80792,0.8,step,-2
1111,2,10.2366,0.95,step,-1
1111,3,10.7417,1.1,step,0
1111,4,10.4694,1.25,step,1

frame,idx,score,alpha,step_norm,z_coarse
1112,0,5.74316,0.65,step,-3
1112,1,7.81213,0.8,step,-2
1112,2,10.2463,0.95,step,-1
1112,3,10.7452,1.1,step,0
1112,4,10.4645,1.25,step,1

frame,idx,score,alpha,step_norm,z_coarse
1113,0,5.73989,0.65,step,-3
1113,1,7.8103,0.8,step,-2
1113,2,10.2411,0.95,step,-1
1113,3,10.7423,1.1,step,0
1113,4,10.4648,1.25,step,1

frame,idx,score,alpha,step_norm,z_coarse
1114,0,5.73902,0.65,step,-3
1114,1,7.80963,0.8,step,-2
1114,2,10.2416,0.95,step,-1
1114,3,10.7424,1.1,step,0
1114,4,10.4638,1.25,step,1

frame,idx,score,alpha,step_norm,z_coarse
1115,0,5.74415,0.65,step,-3
1115,1,7.81762,0.8,step,-2
1115,2,10.2521,0.95,step,-1
1115,3,10.7513,1.1,step,0
1115,4,10.4701,1.25,step,1

frame,idx,score,alpha,step_norm,z_coarse
1116,0,5.73767,0.65,step,-3
1116,1,7.8087,0.8,step,-2
1116,2,10.242,0.95,step,-1
1116,3,10.7442,1.1,step,0
1116,4,10.4661,1.25,step,1

frame,idx,score,alpha,step_norm,z_coarse
1117,0,5.74019,0.65,step,-3
1117,1,7.81106,0.8,step,-2
1117,2,10.2436,0.95,step,-1
1117,3,10.7449,1.1,step,0
1117,4,10.4673,1.25,step,1

frame,idx,score,alpha,step_norm,z_coarse
1118,0,5.74694,0.65,step,-3
1118,1,7.82052,0.8,step,-2
1118,2,10.2564,0.95,step,-1
1118,3,10.7531,1.1,step,0
1118,4,10.4689,1.25,step,1

frame,idx,score,alpha,step_norm,z_coarse
1119,0,5.73563,0.65,step,-3
1119,1,7.80281,0.8,step,-2
1119,2,10.2333,0.95,step,-1
1119,3,10.7396,1.1,step,0
1119,4,10.4652,1.25,step,1

frame,idx,score,alpha,step_norm,z_coarse
1120,0,5.73652,0.65,step,-3
1120,1,7.80295,0.8,step,-2
1120,2,10.2356,0.95,step,-1
1120,3,10.7404,1.1,step,0
1120,4,10.4634,1.25,step,1

frame,idx,score,alpha,step_norm,z_coarse
1121,0,5.74509,0.65,step,-3
1121,1,7.81922,0.8,step,-2
1121,2,10.2496,0.95,step,-1
1121,3,10.7453,1.1,step,0
1121,4,10.462,1.25,step,1

frame,idx,score,alpha,step_norm,z_coarse
1122,0,5.74437,0.65,step,-3
1122,1,7.81763,0.8,step,-2
1122,2,10.2518,0.95,step,-1
1122,3,10.7516,1.1,step,0
1122,4,10.4698,1.25,step,1

frame,idx,score,alpha,step_norm,z_coarse
1123,0,5.74366,0.65,step,-3
1123,1,7.81472,0.8,step,-2
1123,2,10.2455,0.95,step,-1
1123,3,10.7443,1.1,step,0
1123,4,10.4635,1.25,step,1

frame,idx,score,alpha,step_norm,z_coarse
1124,0,5.74573,0.65,step,-3
1124,1,7.81798,0.8,step,-2
1124,2,10.2516,0.95,step,-1
1124,3,10.745,1.1,step,0
1124,4,10.4588,1.25,step,1

frame,idx,score,alpha,step_norm,z_coarse
1125,0,5.74369,0.65,step,-3
1125,1,7.81499,0.8,step,-2
1125,2,10.2472,0.95,step,-1
1125,3,10.7468,1.1,step,0
1125,4,10.4671,1.25,step,1

frame,idx,score,alpha,step_norm,z_coarse
1126,0,5.74607,0.65,step,-3
1126,1,7.82415,0.8,step,-2
1126,2,10.2595,0.95,step,-1
1126,3,10.7512,1.1,step,0
1126,4,10.4628,1.25,step,1

frame,idx,score,alpha,step_norm,z_coarse
1127,0,5.73953,0.65,step,-3
1127,1,7.81295,0.8,step,-2
1127,2,10.2466,0.95,step,-1
1127,3,10.7436,1.1,step,0
1127,4,10.462,1.25,step,1

frame,idx,score,alpha,step_norm,z_coarse
1128,0,5.74488,0.65,step,-3
1128,1,7.82112,0.8,step,-2
1128,2,10.2569,0.95,step,-1
1128,3,10.7482,1.1,step,0
1128,4,10.4593,1.25,step,1

frame,idx,score,alpha,step_norm,z_coarse
1129,0,5.74569,0.65,step,-3
1129,1,7.81638,0.8,step,-2
1129,2,10.2502,0.95,step,-1
1129,3,10.746,1.1,step,0
1129,4,10.461,1.25,step,1

frame,idx,score,alpha,step_norm,z_coarse
1130,0,5.74497,0.65,step,-3
1130,1,7.82153,0.8,step,-2
1130,2,10.2591,0.95,step,-1
1130,3,10.7533,1.1,step,0
1130,4,10.4655,1.25,step,1

frame,idx,score,alpha,step_norm,z_coarse
1131,0,5.74778,0.65,step,-3
1131,1,7.82385,0.8,step,-2
1131,2,10.2569,0.95,step,-1
1131,3,10.7496,1.1,step,0
1131,4,10.4632,1.25,step,1

frame,idx,score,alpha,step_norm,z_coarse
1132,0,5.74614,0.65,step,-3
1132,1,7.82107,0.8,step,-2
1132,2,10.2562,0.95,step,-1
1132,3,10.7487,1.1,step,0
1132,4,10.4606,1.25,step,1

frame,idx,score,alpha,step_norm,z_coarse
1133,0,5.74977,0.65,step,-3
1133,1,7.82997,0.8,step,-2
1133,2,10.2671,0.95,step,-1
1133,3,10.7535,1.1,step,0
1133,4,10.4598,1.25,step,1

frame,idx,score,alpha,step_norm,z_coarse
1134,0,5.75663,0.65,step,-3
1134,1,7.83767,0.8,step,-2
1134,2,10.2733,0.95,step,-1
1134,3,10.7579,1.1,step,0
1134,4,10.4635,1.25,step,1

frame,idx,score,alpha,step_norm,z_coarse
1135,0,5.7505,0.65,step,-3
1135,1,7.82517,0.8,step,-2
1135,2,10.2621,0.95,step,-1
1135,3,10.7536,1.1,step,0
1135,4,10.4631,1.25,step,1

frame,idx,score,alpha,step_norm,z_coarse
1136,0,5.74832,0.65,step,-3
1136,1,7.82241,0.8,step,-2
1136,2,10.2563,0.95,step,-1
1136,3,10.7505,1.1,step,0
1136,4,10.4652,1.25,step,1

frame,idx,score,alpha,step_norm,z_coarse
1137,0,5.7515,0.65,step,-3
1137,1,7.83092,0.8,step,-2
1137,2,10.2683,0.95,step,-1
1137,3,10.754,1.1,step,0
1137,4,10.4604,1.25,step,1

frame,idx,score,alpha,step_norm,z_coarse
1138,0,5.75292,0.65,step,-3
1138,1,7.8327,0.8,step,-2
1138,2,10.2709,0.95,step,-1
1138,3,10.7563,1.1,step,0
1138,4,10.4609,1.25,step,1

frame,idx,score,alpha,step_norm,z_coarse
1139,0,5.74447,0.65,step,-3
1139,1,7.81846,0.8,step,-2
1139,2,10.2535,0.95,step,-1
1139,3,10.7494,1.1,step,0
1139,4,10.4647,1.25,step,1

frame,idx,score,alpha,step_norm,z_coarse
1140,0,5.74849,0.65,step,-3
1140,1,7.82685,0.8,step,-2
1140,2,10.2646,0.95,step,-1
1140,3,10.7543,1.1,step,0
1140,4,10.4632,1.25,step,1

frame,idx,score,alpha,step_norm,z_coarse
1141,0,5.74935,0.65,step,-3
1141,1,7.82982,0.8,step,-2
1141,2,10.2688,0.95,step,-1
1141,3,10.7568,1.1,step,0
1141,4,10.4616,1.25,step,1

frame,idx,score,alpha,step_norm,z_coarse
1142,0,5.75546,0.65,step,-3
1142,1,7.83783,0.8,step,-2
1142,2,10.2792,0.95,step,-1
1142,3,10.7649,1.1,step,0
1142,4,10.4682,1.25,step,1

frame,idx,score,alpha,step_norm,z_coarse
1143,0,5.74435,0.65,step,-3
1143,1,7.81783,0.8,step,-2
1143,2,10.2567,0.95,step,-1
1143,3,10.75,1.1,step,0
1143,4,10.4624,1.25,step,1

frame,idx,score,alpha,step_norm,z_coarse
1144,0,5.7448,0.65,step,-3
1144,1,7.8205,0.8,step,-2
1144,2,10.2575,0.95,step,-1
1144,3,10.7526,1.1,step,0
1144,4,10.4675,1.25,step,1

frame,idx,score,alpha,step_norm,z_coarse
1145,0,5.75061,0.65,step,-3
1145,1,7.83013,0.8,step,-2
1145,2,10.2732,0.95,step,-1
1145,3,10.7597,1.1,step,0
1145,4,10.4624,1.25,step,1

frame,idx,score,alpha,step_norm,z_coarse
1146,0,5.75434,0.65,step,-3
1146,1,7.83375,0.8,step,-2
1146,2,10.2768,0.95,step,-1
1146,3,10.7616,1.1,step,0
1146,4,10.4649,1.25,step,1

frame,idx,score,alpha,step_norm,z_coarse
1147,0,5.74692,0.65,step,-3
1147,1,7.8252,0.8,step,-2
1147,2,10.2594,0.95,step,-1
1147,3,10.751,1.1,step,0
1147,4,10.4625,1.25,step,1

frame,idx,score,alpha,step_norm,z_coarse
1148,0,5.75157,0.65,step,-3
1148,1,7.82893,0.8,step,-2
1148,2,10.2636,0.95,step,-1
1148,3,10.7525,1.1,step,0
1148,4,10.4611,1.25,step,1

frame,idx,score,alpha,step_norm,z_coarse
1149,0,5.75151,0.65,step,-3
1149,1,7.82905,0.8,step,-2
1149,2,10.2672,0.95,step,-1
1149,3,10.7553,1.1,step,0
1149,4,10.4626,1.25,step,1

frame,idx,score,alpha,step_norm,z_coarse
1150,0,5.74525,0.65,step,-3
1150,1,7.81617,0.8,step,-2
1150,2,10.2501,0.95,step,-1
1150,3,10.7449,1.1,step,0
1150,4,10.4593,1.25,step,1

frame,idx,score,alpha,step_norm,z_coarse
1151,0,5.74391,0.65,step,-3
1151,1,7.81701,0.8,step,-2
1151,2,10.2516,0.95,step,-1
1151,3,10.7482,1.1,step,0
1151,4,10.4642,1.25,step,1

frame,idx,score,alpha,step_norm,z_coarse
1152,0,5.74916,0.65,step,-3
1152,1,7.82346,0.8,step,-2
1152,2,10.2598,0.95,step,-1
1152,3,10.7515,1.1,step,0
1152,4,10.4622,1.25,step,1

frame,idx,score,alpha,step_norm,z_coarse
1153,0,5.75027,0.65,step,-3
1153,1,7.83136,0.8,step,-2
1153,2,10.2687,0.95,step,-1
1153,3,10.7543,1.1,step,0
1153,4,10.4584,1.25,step,1

frame,idx,score,alpha,step_norm,z_coarse
1154,0,5.7509,0.65,step,-3
1154,1,7.83366,0.8,step,-2
1154,2,10.2724,0.95,step,-1
1154,3,10.7549,1.1,step,0
1154,4,10.4578,1.25,step,1

frame,idx,score,alpha,step_norm,z_coarse
1155,0,5.75269,0.65,step,-3
1155,1,7.82879,0.8,step,-2
1155,2,10.2667,0.95,step,-1
1155,3,10.753,1.1,step,0
1155,4,10.4598,1.25,step,1

frame,idx,score,alpha,step_norm,z_coarse
1156,0,5.74915,0.65,step,-3
1156,1,7.82639,0.8,step,-2
1156,2,10.2636,0.95,step,-1
1156,3,10.7568,1.1,step,0
1156,4,10.4692,1.25,step,1

frame,idx,score,alpha,step_norm,z_coarse
1157,0,5.75047,0.65,step,-3
1157,1,7.82743,0.8,step,-2
1157,2,10.2641,0.95,step,-1
1157,3,10.7524,1.1,step,0
1157,4,10.4597,1.25,step,1

frame,idx,score,alpha,step_norm,z_coarse
1158,0,5.75106,0.65,step,-3
1158,1,7.8275,0.8,step,-2
1158,2,10.266,0.95,step,-1
1158,3,10.7559,1.1,step,0
1158,4,10.4652,1.25,step,1

frame,idx,score,alpha,step_norm,z_coarse
1159,0,5.7513,0.65,step,-3
1159,1,7.824,0.8,step,-2
1159,2,10.2611,0.95,step,-1
1159,3,10.7534,1.1,step,0
1159,4,10.4647,1.25,step,1

frame,idx,score,alpha,step_norm,z_coarse
1160,0,5.75193,0.65,step,-3
1160,1,7.82765,0.8,step,-2
1160,2,10.2654,0.95,step,-1
1160,3,10.7544,1.1,step,0
1160,4,10.4638,1.25,step,1

frame,idx,score,alpha,step_norm,z_coarse
1161,0,5.75397,0.65,step,-3
1161,1,7.83257,0.8,step,-2
1161,2,10.2704,0.95,step,-1
1161,3,10.7597,1.1,step,0
1161,4,10.467,1.25,step,1

frame,idx,score,alpha,step_norm,z_coarse
1162,0,5.7543,0.65,step,-3
1162,1,7.83324,0.8,step,-2
1162,2,10.2705,0.95,step,-1
1162,3,10.7547,1.1,step,0
1162,4,10.4593,1.25,step,1

frame,idx,score,alpha,step_norm,z_coarse
1163,0,5.75496,0.65,step,-3
1163,1,7.83692,0.8,step,-2
1163,2,10.2778,0.95,step,-1
1163,3,10.7624,1.1,step,0
1163,4,10.4652,1.25,step,1

frame,idx,score,alpha,step_norm,z_coarse
1164,0,5.75735,0.65,step,-3
1164,1,7.83704,0.8,step,-2
1164,2,10.2773,0.95,step,-1
1164,3,10.7655,1.1,step,0
1164,4,10.473,1.25,step,1

frame,idx,score,alpha,step_norm,z_coarse
1165,0,5.75834,0.65,step,-3
1165,1,7.84338,0.8,step,-2
1165,2,10.2848,0.95,step,-1
1165,3,10.7667,1.1,step,0
1165,4,10.4678,1.25,step,1

frame,idx,score,alpha,step_norm,z_coarse
1166,0,5.75484,0.65,step,-3
1166,1,7.83428,0.8,step,-2
1166,2,10.27,0.95,step,-1
1166,3,10.7566,1.1,step,0
1166,4,10.4635,1.25,step,1

frame,idx,score,alpha,step_norm,z_coarse
1167,0,5.75392,0.65,step,-3
1167,1,7.83457,0.8,step,-2
1167,2,10.274,0.95,step,-1
1167,3,10.7607,1.1,step,0
1167,4,10.4667,1.25,step,1

frame,idx,score,alpha,step_norm,z_coarse
1168,0,5.75541,0.65,step,-3
1168,1,7.83555,0.8,step,-2
1168,2,10.2761,0.95,step,-1
1168,3,10.7616,1.1,step,0
1168,4,10.4644,1.25,step,1

frame,idx,score,alpha,step_norm,z_coarse
1169,0,5.75297,0.65,step,-3
1169,1,7.8358,0.8,step,-2
1169,2,10.275,0.95,step,-1
1169,3,10.7641,1.1,step,0
1169,4,10.4705,1.25,step,1

frame,idx,score,alpha,step_norm,z_coarse
1170,0,5.75709,0.65,step,-3
1170,1,7.83885,0.8,step,-2
1170,2,10.2794,0.95,step,-1
1170,3,10.7659,1.1,step,0
1170,4,10.4712,1.25,step,1

frame,idx,score,alpha,step_norm,z_coarse
1171,0,5.75919,0.65,step,-3
1171,1,7.84053,0.8,step,-2
1171,2,10.2808,0.95,step,-1
1171,3,10.7616,1.1,step,0
1171,4,10.4596,1.25,step,1

frame,idx,score,alpha,step_norm,z_coarse
1172,0,5.75859,0.65,step,-3
1172,1,7.84131,0.8,step,-2
1172,2,10.2855,0.95,step,-1
1172,3,10.7678,1.1,step,0
1172,4,10.4675,1.25,step,1

frame,idx,score,alpha,step_norm,z_coarse
1173,0,5.76039,0.65,step,-3
1173,1,7.84327,0.8,step,-2
1173,2,10.2821,0.95,step,-1
1173,3,10.7605,1.1,step,0
1173,4,10.4588,1.25,step,1

frame,idx,score,alpha,step_norm,z_coarse
1174,0,5.75597,0.65,step,-3
1174,1,7.83475,0.8,step,-2
1174,2,10.2736,0.95,step,-1
1174,3,10.7601,1.1,step,0
1174,4,10.4646,1.25,step,1

frame,idx,score,alpha,step_norm,z_coarse
1175,0,5.75844,0.65,step,-3
1175,1,7.84264,0.8,step,-2
1175,2,10.2827,0.95,step,-1
1175,3,10.7624,1.1,step,0
1175,4,10.4617,1.25,step,1

frame,idx,score,alpha,step_norm,z_coarse
1176,0,5.7569,0.65,step,-3
1176,1,7.83874,0.8,step,-2
1176,2,10.2762,0.95,step,-1
1176,3,10.7594,1.1,step,0
1176,4,10.4606,1.25,step,1

frame,idx,score,alpha,step_norm,z_coarse
1177,0,5.75638,0.65,step,-3
1177,1,7.83905,0.8,step,-2
1177,2,10.2785,0.95,step,-1
1177,3,10.762,1.1,step,0
1177,4,10.4623,1.25,step,1

frame,idx,score,alpha,step_norm,z_coarse
1178,0,5.76504,0.65,step,-3
1178,1,7.8502,0.8,step,-2
1178,2,10.2948,0.95,step,-1
1178,3,10.7721,1.1,step,0
1178,4,10.4659,1.25,step,1

frame,idx,score,alpha,step_norm,z_coarse
1179,0,5.76519,0.65,step,-3
1179,1,7.85132,0.8,step,-2
1179,2,10.2969,0.95,step,-1
1179,3,10.7714,1.1,step,0
1179,4,10.4638,1.25,step,1

frame,idx,score,alpha,step_norm,z_coarse
1180,0,5.76045,0.65,step,-3
1180,1,7.8429,0.8,step,-2
1180,2,10.2838,0.95,step,-1
1180,3,10.7652,1.1,step,0
1180,4,10.4644,1.25,step,1

frame,idx,score,alpha,step_norm,z_coarse
1181,0,5.75688,0.65,step,-3
1181,1,7.84075,0.8,step,-2
1181,2,10.2816,0.95,step,-1
1181,3,10.7598,1.1,step,0
1181,4,10.4571,1.25,step,1

frame,idx,score,alpha,step_norm,z_coarse
1182,0,5.76394,0.65,step,-3
1182,1,7.84758,0.8,step,-2
1182,2,10.2888,0.95,step,-1
1182,3,10.7634,1.1,step,0
1182,4,10.4571,1.25,step,1

frame,idx,score,alpha,step_norm,z_coarse
1183,0,5.7576,0.65,step,-3
1183,1,7.83998,0.8,step,-2
1183,2,10.2796,0.95,step,-1
1183,3,10.7622,1.1,step,0
1183,4,10.4649,1.25,step,1

frame,idx,score,alpha,step_norm,z_coarse
1184,0,5.76636,0.65,step,-3
1184,1,7.85207,0.8,step,-2
1184,2,10.2972,0.95,step,-1
1184,3,10.7742,1.1,step,0
1184,4,10.4664,1.25,step,1

frame,idx,score,alpha,step_norm,z_coarse
1185,0,5.76425,0.65,step,-3
1185,1,7.84968,0.8,step,-2
1185,2,10.2935,0.95,step,-1
1185,3,10.768,1.1,step,0
1185,4,10.4601,1.25,step,1

frame,idx,score,alpha,step_norm,z_coarse
1186,0,5.75887,0.65,step,-3
1186,1,7.84117,0.8,step,-2
1186,2,10.2795,0.95,step,-1
1186,3,10.7615,1.1,step,0
1186,4,10.4629,1.25,step,1

frame,idx,score,alpha,step_norm,z_coarse
1187,0,5.75654,0.65,step,-3
1187,1,7.83996,0.8,step,-2
1187,2,10.2805,0.95,step,-1
1187,3,10.7607,1.1,step,0
1187,4,10.4608,1.25,step,1

frame,idx,score,alpha,step_norm,z_coarse
1188,0,5.7632,0.65,step,-3
1188,1,7.84814,0.8,step,-2
1188,2,10.2909,0.95,step,-1
1188,3,10.7684,1.1,step,0
1188,4,10.4636,1.25,step,1

frame,idx,score,alpha,step_norm,z_coarse
1189,0,5.76176,0.65,step,-3
1189,1,7.8476,0.8,step,-2
1189,2,10.29,0.95,step,-1
1189,3,10.7646,1.1,step,0
1189,4,10.4574,1.25,step,1

frame,idx,score,alpha,step_norm,z_coarse
1190,0,5.76124,0.65,step,-3
1190,1,7.84258,0.8,step,-2
1190,2,10.2844,0.95,step,-1
1190,3,10.7617,1.1,step,0
1190,4,10.4582,1.25,step,1

frame,idx,score,alpha,step_norm,z_coarse
1191,0,5.76135,0.65,step,-3
1191,1,7.84721,0.8,step,-2
1191,2,10.2898,0.95,step,-1
1191,3,10.7679,1.1,step,0
1191,4,10.4642,1.25,step,1

frame,idx,score,alpha,step_norm,z_coarse
1192,0,5.76466,0.65,step,-3
1192,1,7.84857,0.8,step,-2
1192,2,10.2915,0.95,step,-1
1192,3,10.7647,1.1,step,0
1192,4,10.4548,1.25,step,1

frame,idx,score,alpha,step_norm,z_coarse
1193,0,5.76631,0.65,step,-3
1193,1,7.85465,0.8,step,-2
1193,2,10.3014,0.95,step,-1
1193,3,10.7732,1.1,step,0
1193,4,10.4616,1.25,step,1

frame,idx,score,alpha,step_norm,z_coarse
1194,0,5.76206,0.65,step,-3
1194,1,7.84957,0.8,step,-2
1194,2,10.2934,0.95,step,-1
1194,3,10.7687,1.1,step,0
1194,4,10.4609,1.25,step,1

frame,idx,score,alpha,step_norm,z_coarse
1195,0,5.764,0.65,step,-3
1195,1,7.85043,0.8,step,-2
1195,2,10.2952,0.95,step,-1
1195,3,10.7679,1.1,step,0
1195,4,10.4584,1.25,step,1

frame,idx,score,alpha,step_norm,z_coarse
1196,0,5.7683,0.65,step,-3
1196,1,7.85728,0.8,step,-2
1196,2,10.3029,0.95,step,-1
1196,3,10.7721,1.1,step,0
1196,4,10.4585,1.25,step,1

frame,idx,score,alpha,step_norm,z_coarse
1197,0,5.76318,0.65,step,-3
1197,1,7.84825,0.8,step,-2
1197,2,10.2898,0.95,step,-1
1197,3,10.7648,1.1,step,0
1197,4,10.4582,1.25,step,1

frame,idx,score,alpha,step_norm,z_coarse
1198,0,5.77025,0.65,step,-3
1198,1,7.85678,0.8,step,-2
1198,2,10.3041,0.95,step,-1
1198,3,10.7747,1.1,step,0
1198,4,10.4623,1.25,step,1

frame,idx,score,alpha,step_norm,z_coarse
1199,0,5.76827,0.65,step,-3
1199,1,7.85541,0.8,step,-2
1199,2,10.296,0.95,step,-1
1199,3,10.7674,1.1,step,0
1199,4,10.4569,1.25,step,1

frame,idx,score,alpha,step_norm,z_coarse
1200,0,5.76848,0.65,step,-3
1200,1,7.85857,0.8,step,-2
1200,2,10.3015,0.95,step,-1
1200,3,10.7728,1.1,step,0
1200,4,10.4634,1.25,step,1

frame,idx,score,alpha,step_norm,z_coarse
1201,0,5.76785,0.65,step,-3
1201,1,7.85725,0.8,step,-2
1201,2,10.3064,0.95,step,-1
1201,3,10.7786,1.1,step,0
1201,4,10.4658,1.25,step,1

frame,idx,score,alpha,step_norm,z_coarse
1202,0,5.76708,0.65,step,-3
1202,1,7.85498,0.8,step,-2
1202,2,10.299,0.95,step,-1
1202,3,10.7703,1.1,step,0
1202,4,10.4586,1.25,step,1

frame,idx,score,alpha,step_norm,z_coarse
1203,0,5.7735,0.65,step,-3
1203,1,7.86444,0.8,step,-2
1203,2,10.3117,0.95,step,-1
1203,3,10.7792,1.1,step,0
1203,4,10.4632,1.25,step,1

frame,idx,score,alpha,step_norm,z_coarse
1204,0,5.77285,0.65,step,-3
1204,1,7.86394,0.8,step,-2
1204,2,10.3112,0.95,step,-1
1204,3,10.7768,1.1,step,0
1204,4,10.4591,1.25,step,1

frame,idx,score,alpha,step_norm,z_coarse
1205,0,5.769,0.65,step,-3
1205,1,7.85737,0.8,step,-2
1205,2,10.3039,0.95,step,-1
1205,3,10.7781,1.1,step,0
1205,4,10.4674,1.25,step,1

frame,idx,score,alpha,step_norm,z_coarse
1206,0,5.76723,0.65,step,-3
1206,1,7.85397,0.8,step,-2
1206,2,10.2983,0.95,step,-1
1206,3,10.7722,1.1,step,0
1206,4,10.4635,1.25,step,1

frame,idx,score,alpha,step_norm,z_coarse
1207,0,5.77299,0.65,step,-3
1207,1,7.86357,0.8,step,-2
1207,2,10.3099,0.95,step,-1
1207,3,10.7781,1.1,step,0
1207,4,10.4642,1.25,step,1

frame,idx,score,alpha,step_norm,z_coarse
1208,0,5.76675,0.65,step,-3
1208,1,7.85589,0.8,step,-2
1208,2,10.3006,0.95,step,-1
1208,3,10.7695,1.1,step,0
1208,4,10.4565,1.25,step,1

frame,idx,score,alpha,step_norm,z_coarse
1209,0,5.7701,0.65,step,-3
1209,1,7.85462,0.8,step,-2
1209,2,10.2994,0.95,step,-1
1209,3,10.7721,1.1,step,0
1209,4,10.4621,1.25,step,1

frame,idx,score,alpha,step_norm,z_coarse
1210,0,5.77117,0.65,step,-3
1210,1,7.86363,0.8,step,-2
1210,2,10.3124,0.95,step,-1
1210,3,10.7782,1.1,step,0
1210,4,10.4613,1.25,step,1

frame,idx,score,alpha,step_norm,z_coarse
1211,0,5.77382,0.65,step,-3
1211,1,7.86508,0.8,step,-2
1211,2,10.3113,0.95,step,-1
1211,3,10.7766,1.1,step,0
1211,4,10.4591,1.25,step,1

frame,idx,score,alpha,step_norm,z_coarse
1212,0,5.77172,0.65,step,-3
1212,1,7.86447,0.8,step,-2
1212,2,10.3126,0.95,step,-1
1212,3,10.7812,1.1,step,0
1212,4,10.4642,1.25,step,1

frame,idx,score,alpha,step_norm,z_coarse
1213,0,5.7746,0.65,step,-3
1213,1,7.86194,0.8,step,-2
1213,2,10.309,0.95,step,-1
1213,3,10.7779,1.1,step,0
1213,4,10.4633,1.25,step,1

frame,idx,score,alpha,step_norm,z_coarse
1214,0,5.77682,0.65,step,-3
1214,1,7.86886,0.8,step,-2
1214,2,10.3176,0.95,step,-1
1214,3,10.7822,1.1,step,0
1214,4,10.4625,1.25,step,1

frame,idx,score,alpha,step_norm,z_coarse
1215,0,5.77754,0.65,step,-3
1215,1,7.87274,0.8,step,-2
1215,2,10.324,0.95,step,-1
1215,3,10.7842,1.1,step,0
1215,4,10.4605,1.25,step,1

frame,idx,score,alpha,step_norm,z_coarse
1216,0,5.77779,0.65,step,-3
1216,1,7.87613,0.8,step,-2
1216,2,10.3246,0.95,step,-1
1216,3,10.7831,1.1,step,0
1216,4,10.4598,1.25,step,1

frame,idx,score,alpha,step_norm,z_coarse
1217,0,5.77397,0.65,step,-3
1217,1,7.86784,0.8,step,-2
1217,2,10.317,0.95,step,-1
1217,3,10.7797,1.1,step,0
1217,4,10.4593,1.25,step,1

frame,idx,score,alpha,step_norm,z_coarse
1218,0,5.7724,0.65,step,-3
1218,1,7.86301,0.8,step,-2
1218,2,10.3079,0.95,step,-1
1218,3,10.7759,1.1,step,0
1218,4,10.4621,1.25,step,1

frame,idx,score,alpha,step_norm,z_coarse
1219,0,5.77446,0.65,step,-3
1219,1,7.86787,0.8,step,-2
1219,2,10.3172,0.95,step,-1
1219,3,10.7824,1.1,step,0
1219,4,10.4626,1.25,step,1

frame,idx,score,alpha,step_norm,z_coarse
1220,0,5.77675,0.65,step,-3
1220,1,7.87034,0.8,step,-2
1220,2,10.3179,0.95,step,-1
1220,3,10.78,1.1,step,0
1220,4,10.4604,1.25,step,1

frame,idx,score,alpha,step_norm,z_coarse
1221,0,5.77507,0.65,step,-3
1221,1,7.86891,0.8,step,-2
1221,2,10.3198,0.95,step,-1
1221,3,10.7841,1.1,step,0
1221,4,10.4647,1.25,step,1

frame,idx,score,alpha,step_norm,z_coarse
1222,0,5.77065,0.65,step,-3
1222,1,7.8652,0.8,step,-2
1222,2,10.3143,0.95,step,-1
1222,3,10.7815,1.1,step,0
1222,4,10.4646,1.25,step,1

frame,idx,score,alpha,step_norm,z_coarse
1223,0,5.77618,0.65,step,-3
1223,1,7.86952,0.8,step,-2
1223,2,10.3181,0.95,step,-1
1223,3,10.781,1.1,step,0
1223,4,10.4606,1.25,step,1

frame,idx,score,alpha,step_norm,z_coarse
1224,0,5.77696,0.65,step,-3
1224,1,7.86925,0.8,step,-2
1224,2,10.3183,0.95,step,-1
1224,3,10.7796,1.1,step,0
1224,4,10.4576,1.25,step,1

frame,idx,score,alpha,step_norm,z_coarse
1225,0,5.77981,0.65,step,-3
1225,1,7.87354,0.8,step,-2
1225,2,10.3257,0.95,step,-1
1225,3,10.788,1.1,step,0
1225,4,10.4658,1.25,step,1

frame,idx,score,alpha,step_norm,z_coarse
1226,0,5.78539,0.65,step,-3
1226,1,7.88559,0.8,step,-2
1226,2,10.3393,0.95,step,-1
1226,3,10.7935,1.1,step,0
1226,4,10.4641,1.25,step,1

frame,idx,score,alpha,step_norm,z_coarse
1227,0,5.78555,0.65,step,-3
1227,1,7.88469,0.8,step,-2
1227,2,10.3401,0.95,step,-1
1227,3,10.7944,1.1,step,0
1227,4,10.4639,1.25,step,1

frame,idx,score,alpha,step_norm,z_coarse
1228,0,5.78531,0.65,step,-3
1228,1,7.88417,0.8,step,-2
1228,2,10.3367,0.95,step,-1
1228,3,10.7912,1.1,step,0
1228,4,10.4618,1.25,step,1

frame,idx,score,alpha,step_norm,z_coarse
1229,0,5.7816,0.65,step,-3
1229,1,7.87927,0.8,step,-2
1229,2,10.3317,0.95,step,-1
1229,3,10.7871,1.1,step,0
1229,4,10.4601,1.25,step,1

frame,idx,score,alpha,step_norm,z_coarse
1230,0,5.78469,0.65,step,-3
1230,1,7.88123,0.8,step,-2
1230,2,10.3335,0.95,step,-1
1230,3,10.7902,1.1,step,0
1230,4,10.4621,1.25,step,1

frame,idx,score,alpha,step_norm,z_coarse
1231,0,5.78421,0.65,step,-3
1231,1,7.88143,0.8,step,-2
1231,2,10.331,0.95,step,-1
1231,3,10.7859,1.1,step,0
1231,4,10.4583,1.25,step,1

frame,idx,score,alpha,step_norm,z_coarse
1232,0,5.77832,0.65,step,-3
1232,1,7.87174,0.8,step,-2
1232,2,10.3232,0.95,step,-1
1232,3,10.785,1.1,step,0
1232,4,10.462,1.25,step,1

frame,idx,score,alpha,step_norm,z_coarse
1233,0,5.77829,0.65,step,-3
1233,1,7.87663,0.8,step,-2
1233,2,10.3247,0.95,step,-1
1233,3,10.7853,1.1,step,0
1233,4,10.4632,1.25,step,1

frame,idx,score,alpha,step_norm,z_coarse
1234,0,5.78118,0.65,step,-3
1234,1,7.87425,0.8,step,-2
1234,2,10.3253,0.95,step,-1
1234,3,10.7875,1.1,step,0
1234,4,10.4663,1.25,step,1

frame,idx,score,alpha,step_norm,z_coarse
1235,0,5.78223,0.65,step,-3
1235,1,7.87729,0.8,step,-2
1235,2,10.3294,0.95,step,-1
1235,3,10.79,1.1,step,0
1235,4,10.4648,1.25,step,1

frame,idx,score,alpha,step_norm,z_coarse
1236,0,5.78272,0.65,step,-3
1236,1,7.88043,0.8,step,-2
1236,2,10.3325,0.95,step,-1
1236,3,10.7879,1.1,step,0
1236,4,10.4596,1.25,step,1

frame,idx,score,alpha,step_norm,z_coarse
1237,0,5.78225,0.65,step,-3
1237,1,7.87973,0.8,step,-2
1237,2,10.3304,0.95,step,-1
1237,3,10.7887,1.1,step,0
1237,4,10.4636,1.25,step,1

frame,idx,score,alpha,step_norm,z_coarse
1238,0,5.78208,0.65,step,-3
1238,1,7.88016,0.8,step,-2
1238,2,10.3307,0.95,step,-1
1238,3,10.7854,1.1,step,0
1238,4,10.4578,1.25,step,1

frame,idx,score,alpha,step_norm,z_coarse
1239,0,5.78659,0.65,step,-3
1239,1,7.88617,0.8,step,-2
1239,2,10.3414,0.95,step,-1
1239,3,10.7951,1.1,step,0
1239,4,10.4634,1.25,step,1

frame,idx,score,alpha,step_norm,z_coarse
1240,0,5.78571,0.65,step,-3
1240,1,7.88809,0.8,step,-2
1240,2,10.3432,0.95,step,-1
1240,3,10.7946,1.1,step,0
1240,4,10.4619,1.25,step,1

frame,idx,score,alpha,step_norm,z_coarse
1241,0,5.78734,0.65,step,-3
1241,1,7.88585,0.8,step,-2
1241,2,10.3383,0.95,step,-1
1241,3,10.7895,1.1,step,0
1241,4,10.4563,1.25,step,1

frame,idx,score,alpha,step_norm,z_coarse
1242,0,5.7888,0.65,step,-3
1242,1,7.88864,0.8,step,-2
1242,2,10.3442,0.95,step,-1
1242,3,10.7981,1.1,step,0
1242,4,10.467,1.25,step,1

frame,idx,score,alpha,step_norm,z_coarse
1243,0,5.78504,0.65,step,-3
1243,1,7.8854,0.8,step,-2
1243,2,10.338,0.95,step,-1
1243,3,10.7893,1.1,step,0
1243,4,10.4571,1.25,step,1

frame,idx,score,alpha,step_norm,z_coarse
1244,0,5.79025,0.65,step,-3
1244,1,7.89319,0.8,step,-2
1244,2,10.3517,0.95,step,-1
1244,3,10.8022,1.1,step,0
1244,4,10.466,1.25,step,1

frame,idx,score,alpha,step_norm,z_coarse
1245,0,5.79018,0.65,step,-3
1245,1,7.89077,0.8,step,-2
1245,2,10.3445,0.95,step,-1
1245,3,10.7975,1.1,step,0
1245,4,10.4661,1.25,step,1

frame,idx,score,alpha,step_norm,z_coarse
1246,0,5.78747,0.65,step,-3
1246,1,7.88395,0.8,step,-2
1246,2,10.3349,0.95,step,-1
1246,3,10.7896,1.1,step,0
1246,4,10.4613,1.25,step,1

frame,idx,score,alpha,step_norm,z_coarse
1247,0,5.78672,0.65,step,-3
1247,1,7.8843,0.8,step,-2
1247,2,10.3394,0.95,step,-1
1247,3,10.792,1.1,step,0
1247,4,10.4594,1.25,step,1

frame,idx,score,alpha,step_norm,z_coarse
1248,0,5.78629,0.65,step,-3
1248,1,7.88676,0.8,step,-2
1248,2,10.3412,0.95,step,-1
1248,3,10.7933,1.1,step,0
1248,4,10.4616,1.25,step,1

frame,idx,score,alpha,step_norm,z_coarse
1249,0,5.78488,0.65,step,-3
1249,1,7.88369,0.8,step,-2
1249,2,10.3376,0.95,step,-1
1249,3,10.7924,1.1,step,0
1249,4,10.462,1.25,step,1

frame,idx,score,alpha,step_norm,z_coarse
1250,0,5.78215,0.65,step,-3
1250,1,7.87939,0.8,step,-2
1250,2,10.3318,0.95,step,-1
1250,3,10.7904,1.1,step,0
1250,4,10.4647,1.25,step,1

frame,idx,score,alpha,step_norm,z_coarse
1251,0,5.78246,0.65,step,-3
1251,1,7.87757,0.8,step,-2
1251,2,10.3291,0.95,step,-1
1251,3,10.786,1.1,step,0
1251,4,10.4604,1.25,step,1

frame,idx,score,alpha,step_norm,z_coarse
1252,0,5.78307,0.65,step,-3
1252,1,7.88316,0.8,step,-2
1252,2,10.3368,0.95,step,-1
1252,3,10.7884,1.1,step,0
1252,4,10.457,1.25,step,1

frame,idx,score,alpha,step_norm,z_coarse
1253,0,5.789,0.65,step,-3
1253,1,7.89222,0.8,step,-2
1253,2,10.3505,0.95,step,-1
1253,3,10.7953,1.1,step,0
1253,4,10.4547,1.25,step,1

frame,idx,score,alpha,step_norm,z_coarse
1254,0,5.78715,0.65,step,-3
1254,1,7.88879,0.8,step,-2
1254,2,10.3442,0.95,step,-1
1254,3,10.7962,1.1,step,0
1254,4,10.4648,1.25,step,1

frame,idx,score,alpha,step_norm,z_coarse
1255,0,5.79217,0.65,step,-3
1255,1,7.89518,0.8,step,-2
1255,2,10.3538,0.95,step,-1
1255,3,10.8011,1.1,step,0
1255,4,10.4615,1.25,step,1

frame,idx,score,alpha,step_norm,z_coarse
1256,0,5.78973,0.65,step,-3
1256,1,7.89277,0.8,step,-2
1256,2,10.3532,0.95,step,-1
1256,3,10.8022,1.1,step,0
1256,4,10.4646,1.25,step,1

frame,idx,score,alpha,step_norm,z_coarse
1257,0,5.79327,0.65,step,-3
1257,1,7.89784,0.8,step,-2
1257,2,10.3578,0.95,step,-1
1257,3,10.8033,1.1,step,0
1257,4,10.4639,1.25,step,1

frame,idx,score,alpha,step_norm,z_coarse
1258,0,5.79306,0.65,step,-3
1258,1,7.89735,0.8,step,-2
1258,2,10.3527,0.95,step,-1
1258,3,10.7997,1.1,step,0
1258,4,10.4629,1.25,step,1

frame,idx,score,alpha,step_norm,z_coarse
1259,0,5.79204,0.65,step,-3
1259,1,7.89534,0.8,step,-2
1259,2,10.3506,0.95,step,-1
1259,3,10.7987,1.1,step,0
1259,4,10.463,1.25,step,1

frame,idx,score,alpha,step_norm,z_coarse
1260,0,5.79569,0.65,step,-3
1260,1,7.90249,0.8,step,-2
1260,2,10.3623,0.95,step,-1
1260,3,10.8057,1.1,step,0
1260,4,10.4632,1.25,step,1

frame,idx,score,alpha,step_norm,z_coarse
1261,0,5.79592,0.65,step,-3
1261,1,7.90344,0.8,step,-2
1261,2,10.363,0.95,step,-1
1261,3,10.8035,1.1,step,0
1261,4,10.4599,1.25,step,1

frame,idx,score,alpha,step_norm,z_coarse
1262,0,5.79145,0.65,step,-3
1262,1,7.89767,0.8,step,-2
1262,2,10.3557,0.95,step,-1
1262,3,10.7992,1.1,step,0
1262,4,10.458,1.25,step,1

frame,idx,score,alpha,step_norm,z_coarse
1263,0,5.80005,0.65,step,-3
1263,1,7.91003,0.8,step,-2
1263,2,10.3712,0.95,step,-1
1263,3,10.812,1.1,step,0
1263,4,10.4673,1.25,step,1

frame,idx,score,alpha,step_norm,z_coarse
1264,0,5.79942,0.65,step,-3
1264,1,7.91111,0.8,step,-2
1264,2,10.3721,0.95,step,-1
1264,3,10.8086,1.1,step,0
1264,4,10.4595,1.25,step,1

frame,idx,score,alpha,step_norm,z_coarse
1265,0,5.8012,0.65,step,-3
1265,1,7.91065,0.8,step,-2
1265,2,10.3715,0.95,step,-1
1265,3,10.8103,1.1,step,0
1265,4,10.4635,1.25,step,1

frame,idx,score,alpha,step_norm,z_coarse
1266,0,5.79646,0.65,step,-3
1266,1,7.90122,0.8,step,-2
1266,2,10.361,0.95,step,-1
1266,3,10.8026,1.1,step,0
1266,4,10.4564,1.25,step,1

frame,idx,score,alpha,step_norm,z_coarse
1267,0,5.80207,0.65,step,-3
1267,1,7.91353,0.8,step,-2
1267,2,10.376,0.95,step,-1
1267,3,10.8142,1.1,step,0
1267,4,10.4655,1.25,step,1

frame,idx,score,alpha,step_norm,z_coarse
1268,0,5.80079,0.65,step,-3
1268,1,7.90765,0.8,step,-2
1268,2,10.3638,0.95,step,-1
1268,3,10.8014,1.1,step,0
1268,4,10.4559,1.25,step,1

frame,idx,score,alpha,step_norm,z_coarse
1269,0,5.80226,0.65,step,-3
1269,1,7.91109,0.8,step,-2
1269,2,10.3703,0.95,step,-1
1269,3,10.8079,1.1,step,0
1269,4,10.4599,1.25,step,1

frame,idx,score,alpha,step_norm,z_coarse
1270,0,5.80536,0.65,step,-3
1270,1,7.91615,0.8,step,-2
1270,2,10.3807,0.95,step,-1
1270,3,10.8145,1.1,step,0
1270,4,10.4609,1.25,step,1

frame,idx,score,alpha,step_norm,z_coarse
1271,0,5.80216,0.65,step,-3
1271,1,7.91408,0.8,step,-2
1271,2,10.3735,0.95,step,-1
1271,3,10.808,1.1,step,0
1271,4,10.4579,1.25,step,1

frame,idx,score,alpha,step_norm,z_coarse
1272,0,5.79569,0.65,step,-3
1272,1,7.90289,0.8,step,-2
1272,2,10.3644,0.95,step,-1
1272,3,10.8086,1.1,step,0
1272,4,10.467,1.25,step,1

frame,idx,score,alpha,step_norm,z_coarse
1273,0,5.79581,0.65,step,-3
1273,1,7.90176,0.8,step,-2
1273,2,10.3607,0.95,step,-1
1273,3,10.8029,1.1,step,0
1273,4,10.4599,1.25,step,1

frame,idx,score,alpha,step_norm,z_coarse
1274,0,5.80088,0.65,step,-3
1274,1,7.91153,0.8,step,-2
1274,2,10.3708,0.95,step,-1
1274,3,10.8067,1.1,step,0
1274,4,10.4578,1.25,step,1

frame,idx,score,alpha,step_norm,z_coarse
1275,0,5.80556,0.65,step,-3
1275,1,7.91552,0.8,step,-2
1275,2,10.3781,0.95,step,-1
1275,3,10.8132,1.1,step,0
1275,4,10.4616,1.25,step,1

frame,idx,score,alpha,step_norm,z_coarse
1276,0,5.79774,0.65,step,-3
1276,1,7.90322,0.8,step,-2
1276,2,10.3612,0.95,step,-1
1276,3,10.8027,1.1,step,0
1276,4,10.4599,1.25,step,1

frame,idx,score,alpha,step_norm,z_coarse
1277,0,5.80702,0.65,step,-3
1277,1,7.91913,0.8,step,-2
1277,2,10.3803,0.95,step,-1
1277,3,10.8132,1.1,step,0
1277,4,10.4619,1.25,step,1

frame,idx,score,alpha,step_norm,z_coarse
1278,0,5.80871,0.65,step,-3
1278,1,7.92296,0.8,step,-2
1278,2,10.39,0.95,step,-1
1278,3,10.8197,1.1,step,0
1278,4,10.4603,1.25,step,1

frame,idx,score,alpha,step_norm,z_coarse
1279,0,5.8088,0.65,step,-3
1279,1,7.92196,0.8,step,-2
1279,2,10.3852,0.95,step,-1
1279,3,10.8166,1.1,step,0
1279,4,10.4629,1.25,step,1

frame,idx,score,alpha,step_norm,z_coarse
1280,0,5.80501,0.65,step,-3
1280,1,7.91581,0.8,step,-2
1280,2,10.3788,0.95,step,-1
1280,3,10.813,1.1,step,0
1280,4,10.4627,1.25,step,1

frame,idx,score,alpha,step_norm,z_coarse
1281,0,5.80171,0.65,step,-3
1281,1,7.91059,0.8,step,-2
1281,2,10.3735,0.95,step,-1
1281,3,10.8108,1.1,step,0
1281,4,10.4619,1.25,step,1

frame,idx,score,alpha,step_norm,z_coarse
1282,0,5.81058,0.65,step,-3
1282,1,7.92221,0.8,step,-2
1282,2,10.387,0.95,step,-1
1282,3,10.8176,1.1,step,0
1282,4,10.4601,1.25,step,1

frame,idx,score,alpha,step_norm,z_coarse
1283,0,5.80909,0.65,step,-3
1283,1,7.92723,0.8,step,-2
1283,2,10.3921,0.95,step,-1
1283,3,10.8171,1.1,step,0
1283,4,10.4572,1.25,step,1

frame,idx,score,alpha,step_norm,z_coarse
1284,0,5.81202,0.65,step,-3
1284,1,7.92867,0.8,step,-2
1284,2,10.3936,0.95,step,-1
1284,3,10.819,1.1,step,0
1284,4,10.4589,1.25,step,1

frame,idx,score,alpha,step_norm,z_coarse
1285,0,5.81249,0.65,step,-3
1285,1,7.92546,0.8,step,-2
1285,2,10.3922,0.95,step,-1
1285,3,10.8194,1.1,step,0
1285,4,10.4598,1.25,step,1

frame,idx,score,alpha,step_norm,z_coarse
1286,0,5.80839,0.65,step,-3
1286,1,7.92356,0.8,step,-2
1286,2,10.3903,0.95,step,-1
1286,3,10.8198,1.1,step,0
1286,4,10.4608,1.25,step,1

frame,idx,score,alpha,step_norm,z_coarse
1287,0,5.80761,0.65,step,-3
1287,1,7.91886,0.8,step,-2
1287,2,10.3794,0.95,step,-1
1287,3,10.8151,1.1,step,0
1287,4,10.4637,1.25,step,1

frame,idx,score,alpha,step_norm,z_coarse
1288,0,5.79697,0.65,step,-3
1288,1,7.90431,0.8,step,-2
1288,2,10.3635,0.95,step,-1
1288,3,10.8038,1.1,step,0
1288,4,10.4587,1.25,step,1

frame,idx,score,alpha,step_norm,z_coarse
1289,0,5.79408,0.65,step,-3
1289,1,7.90021,0.8,step,-2
1289,2,10.3604,0.95,step,-1
1289,3,10.807,1.1,step,0
1289,4,10.4674,1.25,step,1

frame,idx,score,alpha,step_norm,z_coarse
1290,0,5.78946,0.65,step,-3
1290,1,7.89061,0.8,step,-2
1290,2,10.3461,0.95,step,-1
1290,3,10.8012,1.1,step,0
1290,4,10.4714,1.25,step,1

frame,idx,score,alpha,step_norm,z_coarse
1291,0,5.78537,0.65,step,-3
1291,1,7.88009,0.8,step,-2
1291,2,10.3364,0.95,step,-1
1291,3,10.798,1.1,step,0
1291,4,10.4733,1.25,step,1

frame,idx,score,alpha,step_norm,z_coarse
1292,0,5.77851,0.65,step,-3
1292,1,7.86947,0.8,step,-2
1292,2,10.3178,0.95,step,-1
1292,3,10.7854,1.1,step,0
1292,4,10.469,1.25,step,1

frame,idx,score,alpha,step_norm,z_coarse
1293,0,5.76802,0.65,step,-3
1293,1,7.85674,0.8,step,-2
1293,2,10.3034,0.95,step,-1
1293,3,10.781,1.1,step,0
1293,4,10.4745,1.25,step,1

frame,idx,score,alpha,step_norm,z_coarse
1294,0,5.76285,0.65,step,-3
1294,1,7.84309,0.8,step,-2
1294,2,10.2802,0.95,step,-1
1294,3,10.7649,1.1,step,0
1294,4,10.4688,1.25,step,1

frame,idx,score,alpha,step_norm,z_coarse
1295,0,5.75532,0.65,step,-3
1295,1,7.83096,0.8,step,-2
1295,2,10.2671,0.95,step,-1
1295,3,10.7619,1.1,step,0
1295,4,10.4766,1.25,step,1

frame,idx,score,alpha,step_norm,z_coarse
1296,0,5.75123,0.65,step,-3
1296,1,7.82541,0.8,step,-2
1296,2,10.2606,0.95,step,-1
1296,3,10.7594,1.1,step,0
1296,4,10.4767,1.25,step,1

frame,idx,score,alpha,step_norm,z_coarse
1297,0,5.72287,0.65,step,-3
1297,1,7.78193,0.8,step,-2
1297,2,10.2068,0.95,step,-1
1297,3,10.7334,1.1,step,0
1297,4,10.4819,1.25,step,1

frame,idx,score,alpha,step_norm,z_coarse
1298,0,5.71752,0.65,step,-3
1298,1,7.76947,0.8,step,-2
1298,2,10.188,0.95,step,-1
1298,3,10.7214,1.1,step,0
1298,4,10.4779,1.25,step,1

frame,idx,score,alpha,step_norm,z_coarse
1299,0,5.7118,0.65,step,-3
1299,1,7.75973,0.8,step,-2
1299,2,10.1774,0.95,step,-1
1299,3,10.7188,1.1,step,0
1299,4,10.4838,1.25,step,1

frame,idx,score,alpha,step_norm,z_coarse
1300,0,5.68707,0.65,step,-3
1300,1,7.72096,0.8,step,-2
1300,2,10.1244,0.95,step,-1
1300,3,10.6896,1.1,step,0
1300,4,10.4826,1.25,step,1

frame,idx,score,alpha,step_norm,z_coarse
1301,0,5.67174,0.65,step,-3
1301,1,7.6951,0.8,step,-2
1301,2,10.0902,0.95,step,-1
1301,3,10.6754,1.1,step,0
1301,4,10.4905,1.25,step,1

frame,idx,score,alpha,step_norm,z_coarse
1302,0,5.66399,0.65,step,-3
1302,1,7.68168,0.8,step,-2
1302,2,10.07,0.95,step,-1
1302,3,10.6641,1.1,step,0
1302,4,10.4914,1.25,step,1

frame,idx,score,alpha,step_norm,z_coarse
1303,0,5.62979,0.65,step,-3
1303,1,7.62632,0.8,step,-2
1303,2,9.99712,0.95,step,-1
1303,3,10.6201,1.1,step,0
1303,4,10.4841,1.25,step,1

frame,idx,score,alpha,step_norm,z_coarse
1304,0,5.6042,0.65,step,-3
1304,1,7.58653,0.8,step,-2
1304,2,9.93727,0.95,step,-1
1304,3,10.5923,1.1,step,0
1304,4,10.4947,1.25,step,1

frame,idx,score,alpha,step_norm,z_coarse
1305,0,5.56754,0.65,step,-3
1305,1,7.52469,0.8,step,-2
1305,2,9.85191,0.95,step,-1
1305,3,10.5426,1.1,step,0
1305,4,10.4925,1.25,step,1

frame,idx,score,alpha,step_norm,z_coarse
1306,0,5.55948,0.65,step,-3
1306,1,7.51272,0.8,step,-2
1306,2,9.83585,0.95,step,-1
1306,3,10.5345,1.1,step,0
1306,4,10.4959,1.25,step,1

frame,idx,score,alpha,step_norm,z_coarse
1307,0,5.53539,0.65,step,-3
1307,1,7.47862,0.8,step,-2
1307,2,9.78492,0.95,step,-1
1307,3,10.5062,1.1,step,0
1307,4,10.4988,1.25,step,1

frame,idx,score,alpha,step_norm,z_coarse
1308,0,5.52405,0.65,step,-4
1308,1,7.45639,0.8,step,-3
1308,2,9.75059,0.95,step,-2
1308,3,10.4853,1.1,step,-1
1308,4,10.4966,1.25,step,0

frame,idx,score,alpha,step_norm,z_coarse
1309,0,5.52358,0.65,step,-4
1309,1,7.45471,0.8,step,-3
1309,2,9.74974,0.95,step,-2
1309,3,10.4826,1.1,step,-1
1309,4,10.4914,1.25,step,0

frame,idx,score,alpha,step_norm,z_coarse
1310,0,5.52223,0.65,step,-4
1310,1,7.45528,0.8,step,-3
1310,2,9.7501,0.95,step,-2
1310,3,10.4822,1.1,step,-1
1310,4,10.4894,1.25,step,0

frame,idx,score,alpha,step_norm,z_coarse
1311,0,5.51794,0.65,step,-4
1311,1,7.44623,0.8,step,-3
1311,2,9.74144,0.95,step,-2
1311,3,10.4795,1.1,step,-1
1311,4,10.494,1.25,step,0

frame,idx,score,alpha,step_norm,z_coarse
1312,0,5.51549,0.65,step,-4
1312,1,7.44549,0.8,step,-3
1312,2,9.73841,0.95,step,-2
1312,3,10.476,1.1,step,-1
1312,4,10.4919,1.25,step,0

frame,idx,score,alpha,step_norm,z_coarse
1313,0,5.51793,0.65,step,-4
1313,1,7.44709,0.8,step,-3
1313,2,9.73856,0.95,step,-2
1313,3,10.4768,1.1,step,-1
1313,4,10.4939,1.25,step,0

frame,idx,score,alpha,step_norm,z_coarse
1314,0,5.51947,0.65,step,-4
1314,1,7.44941,0.8,step,-3
1314,2,9.74294,0.95,step,-2
1314,3,10.4791,1.1,step,-1
1314,4,10.4936,1.25,step,0

frame,idx,score,alpha,step_norm,z_coarse
1315,0,5.51749,0.65,step,-4
1315,1,7.44742,0.8,step,-3
1315,2,9.74066,0.95,step,-2
1315,3,10.4771,1.1,step,-1
1315,4,10.4917,1.25,step,0

frame,idx,score,alpha,step_norm,z_coarse
1316,0,5.51983,0.65,step,-4
1316,1,7.45249,0.8,step,-3
1316,2,9.74852,0.95,step,-2
1316,3,10.4839,1.1,step,-1
1316,4,10.4954,1.25,step,0

frame,idx,score,alpha,step_norm,z_coarse
1317,0,5.51958,0.65,step,-4
1317,1,7.45185,0.8,step,-3
1317,2,9.74756,0.95,step,-2
1317,3,10.4827,1.1,step,-1
1317,4,10.4951,1.25,step,0

frame,idx,score,alpha,step_norm,z_coarse
1318,0,5.51636,0.65,step,-4
1318,1,7.44684,0.8,step,-3
1318,2,9.73713,0.95,step,-2
1318,3,10.474,1.1,step,-1
1318,4,10.4909,1.25,step,0

frame,idx,score,alpha,step_norm,z_coarse
1319,0,5.51421,0.65,step,-4
1319,1,7.44237,0.8,step,-3
1319,2,9.73372,0.95,step,-2
1319,3,10.4743,1.1,step,-1
1319,4,10.4944,1.25,step,0

frame,idx,score,alpha,step_norm,z_coarse
1320,0,5.51512,0.65,step,-4
1320,1,7.44667,0.8,step,-3
1320,2,9.74019,0.95,step,-2
1320,3,10.4806,1.1,step,-1
1320,4,10.4989,1.25,step,0

frame,idx,score,alpha,step_norm,z_coarse
1321,0,5.51087,0.65,step,-4
1321,1,7.43894,0.8,step,-3
1321,2,9.7284,0.95,step,-2
1321,3,10.4718,1.1,step,-1
1321,4,10.4955,1.25,step,0

frame,idx,score,alpha,step_norm,z_coarse
1322,0,5.51488,0.65,step,-4
1322,1,7.44403,0.8,step,-3
1322,2,9.73358,0.95,step,-2
1322,3,10.4717,1.1,step,-1
1322,4,10.4898,1.25,step,0

frame,idx,score,alpha,step_norm,z_coarse
1323,0,5.52248,0.65,step,-4
1323,1,7.45247,0.8,step,-3
1323,2,9.74734,0.95,step,-2
1323,3,10.4829,1.1,step,-1
1323,4,10.4959,1.25,step,0

frame,idx,score,alpha,step_norm,z_coarse
1324,0,5.51676,0.65,step,-4
1324,1,7.44502,0.8,step,-3
1324,2,9.73498,0.95,step,-2
1324,3,10.4765,1.1,step,-1
1324,4,10.4968,1.25,step,0

frame,idx,score,alpha,step_norm,z_coarse
1325,0,5.51676,0.65,step,-4
1325,1,7.44761,0.8,step,-3
1325,2,9.73902,0.95,step,-2
1325,3,10.4761,1.1,step,-1
1325,4,10.4912,1.25,step,0

frame,idx,score,alpha,step_norm,z_coarse
1326,0,5.51765,0.65,step,-4
1326,1,7.44856,0.8,step,-3
1326,2,9.74084,0.95,step,-2
1326,3,10.4771,1.1,step,-1
1326,4,10.4935,1.25,step,0

frame,idx,score,alpha,step_norm,z_coarse
1327,0,5.52416,0.65,step,-4
1327,1,7.45667,0.8,step,-3
1327,2,9.75136,0.95,step,-2
1327,3,10.4856,1.1,step,-1
1327,4,10.4962,1.25,step,0

frame,idx,score,alpha,step_norm,z_coarse
1328,0,5.52447,0.65,step,-4
1328,1,7.45555,0.8,step,-3
1328,2,9.74761,0.95,step,-2
1328,3,10.4808,1.1,step,-1
1328,4,10.4919,1.25,step,0

frame,idx,score,alpha,step_norm,z_coarse
1329,0,5.51813,0.65,step,-4
1329,1,7.44965,0.8,step,-3
1329,2,9.7472,0.95,step,-2
1329,3,10.4829,1.1,step,-1
1329,4,10.495,1.25,step,0

frame,idx,score,alpha,step_norm,z_coarse
1330,0,5.51966,0.65,step,-4
1330,1,7.44847,0.8,step,-3
1330,2,9.74152,0.95,step,-2
1330,3,10.4798,1.1,step,-1
1330,4,10.4952,1.25,step,0

frame,idx,score,alpha,step_norm,z_coarse
1331,0,5.51719,0.65,step,-4
1331,1,7.45102,0.8,step,-3
1331,2,9.74748,0.95,step,-2
1331,3,10.4821,1.1,step,-1
1331,4,10.4933,1.25,step,0

frame,idx,score,alpha,step_norm,z_coarse
1332,0,5.51678,0.65,step,-4
1332,1,7.44469,0.8,step,-3
1332,2,9.73833,0.95,step,-2
1332,3,10.4785,1.1,step,-1
1332,4,10.4971,1.25,step,0

frame,idx,score,alpha,step_norm,z_coarse
1333,0,5.51967,0.65,step,-4
1333,1,7.44928,0.8,step,-3
1333,2,9.74355,0.95,step,-2
1333,3,10.4817,1.1,step,-1
1333,4,10.4965,1.25,step,0

frame,idx,score,alpha,step_norm,z_coarse
1334,0,5.51186,0.65,step,-4
1334,1,7.44116,0.8,step,-3
1334,2,9.72965,0.95,step,-2
1334,3,10.4724,1.1,step,-1
1334,4,10.4949,1.25,step,0

frame,idx,score,alpha,step_norm,z_coarse
1335,0,5.51418,0.65,step,-4
1335,1,7.44273,0.8,step,-3
1335,2,9.73269,0.95,step,-2
1335,3,10.4723,1.1,step,-1
1335,4,10.4922,1.25,step,0

frame,idx,score,alpha,step_norm,z_coarse
1336,0,5.51349,0.65,step,-4
1336,1,7.44239,0.8,step,-3
1336,2,9.73017,0.95,step,-2
1336,3,10.4721,1.1,step,-1
1336,4,10.4949,1.25,step,0

frame,idx,score,alpha,step_norm,z_coarse
1337,0,5.50977,0.65,step,-4
1337,1,7.43581,0.8,step,-3
1337,2,9.7287,0.95,step,-2
1337,3,10.4684,1.1,step,-1
1337,4,10.4867,1.25,step,0

frame,idx,score,alpha,step_norm,z_coarse
1338,0,5.51733,0.65,step,-4
1338,1,7.44363,0.8,step,-3
1338,2,9.73551,0.95,step,-2
1338,3,10.477,1.1,step,-1
1338,4,10.4971,1.25,step,0

frame,idx,score,alpha,step_norm,z_coarse
1339,0,5.51183,0.65,step,-4
1339,1,7.438,0.8,step,-3
1339,2,9.72478,0.95,step,-2
1339,3,10.4669,1.1,step,-1
1339,4,10.4896,1.25,step,0

frame,idx,score,alpha,step_norm,z_coarse
1340,0,5.51063,0.65,step,-4
1340,1,7.43541,0.8,step,-3
1340,2,9.72239,0.95,step,-2
1340,3,10.4673,1.1,step,-1
1340,4,10.4925,1.25,step,0

frame,idx,score,alpha,step_norm,z_coarse
1341,0,5.51084,0.65,step,-4
1341,1,7.43471,0.8,step,-3
1341,2,9.7213,0.95,step,-2
1341,3,10.4651,1.1,step,-1
1341,4,10.4895,1.25,step,0

frame,idx,score,alpha,step_norm,z_coarse
1342,0,5.51215,0.65,step,-4
1342,1,7.43839,0.8,step,-3
1342,2,9.72361,0.95,step,-2
1342,3,10.4662,1.1,step,-1
1342,4,10.492,1.25,step,0

frame,idx,score,alpha,step_norm,z_coarse
1343,0,5.50689,0.65,step,-4
1343,1,7.42919,0.8,step,-3
1343,2,9.71141,0.95,step,-2
1343,3,10.4596,1.1,step,-1
1343,4,10.4914,1.25,step,0

frame,idx,score,alpha,step_norm,z_coarse
1344,0,5.50623,0.65,step,-4
1344,1,7.43166,0.8,step,-3
1344,2,9.71317,0.95,step,-2
1344,3,10.4588,1.1,step,-1
1344,4,10.4886,1.25,step,0

frame,idx,score,alpha,step_norm,z_coarse
1345,0,5.50575,0.65,step,-4
1345,1,7.43218,0.8,step,-3
1345,2,9.72076,0.95,step,-2
1345,3,10.4679,1.1,step,-1
1345,4,10.4968,1.25,step,0

frame,idx,score,alpha,step_norm,z_coarse
1346,0,5.50472,0.65,step,-4
1346,1,7.42921,0.8,step,-3
1346,2,9.71509,0.95,step,-2
1346,3,10.4605,1.1,step,-1
1346,4,10.4885,1.25,step,0

frame,idx,score,alpha,step_norm,z_coarse
1347,0,5.50307,0.65,step,-4
1347,1,7.42611,0.8,step,-3
1347,2,9.71021,0.95,step,-2
1347,3,10.4612,1.1,step,-1
1347,4,10.4954,1.25,step,0

frame,idx,score,alpha,step_norm,z_coarse
1348,0,5.50341,0.65,step,-4
1348,1,7.42828,0.8,step,-3
1348,2,9.71415,0.95,step,-2
1348,3,10.4637,1.1,step,-1
1348,4,10.4976,1.25,step,0

frame,idx,score,alpha,step_norm,z_coarse
1349,0,5.49643,0.65,step,-4
1349,1,7.41564,0.8,step,-3
1349,2,9.69461,0.95,step,-2
1349,3,10.4525,1.1,step,-1
1349,4,10.4975,1.25,step,0

frame,idx,score,alpha,step_norm,z_coarse
1350,0,5.49767,0.65,step,-4
1350,1,7.41808,0.8,step,-3
1350,2,9.69513,0.95,step,-2
1350,3,10.4529,1.1,step,-1
1350,4,10.4987,1.25,step,0

frame,idx,score,alpha,step_norm,z_coarse
1351,0,5.49474,0.65,step,-4
1351,1,7.41595,0.8,step,-3
1351,2,9.69238,0.95,step,-2
1351,3,10.447,1.1,step,-1
1351,4,10.4886,1.25,step,0

frame,idx,score,alpha,step_norm,z_coarse
1352,0,5.49289,0.65,step,-4
1352,1,7.40719,0.8,step,-3
1352,2,9.67833,0.95,step,-2
1352,3,10.4374,1.1,step,-1
1352,4,10.4873,1.25,step,0

frame,idx,score,alpha,step_norm,z_coarse
1353,0,5.49195,0.65,step,-4
1353,1,7.4095,0.8,step,-3
1353,2,9.68513,0.95,step,-2
1353,3,10.4454,1.1,step,-1
1353,4,10.4946,1.25,step,0

frame,idx,score,alpha,step_norm,z_coarse
1354,0,5.49274,0.65,step,-4
1354,1,7.4107,0.8,step,-3
1354,2,9.68583,0.95,step,-2
1354,3,10.4445,1.1,step,-1
1354,4,10.4918,1.25,step,0

frame,idx,score,alpha,step_norm,z_coarse
1355,0,5.49453,0.65,step,-4
1355,1,7.41379,0.8,step,-3
1355,2,9.69058,0.95,step,-2
1355,3,10.4463,1.1,step,-1
1355,4,10.4897,1.25,step,0

frame,idx,score,alpha,step_norm,z_coarse
1356,0,5.49109,0.65,step,-4
1356,1,7.40858,0.8,step,-3
1356,2,9.68252,0.95,step,-2
1356,3,10.4411,1.1,step,-1
1356,4,10.4874,1.25,step,0

frame,idx,score,alpha,step_norm,z_coarse
1357,0,5.4909,0.65,step,-4
1357,1,7.40703,0.8,step,-3
1357,2,9.67971,0.95,step,-2
1357,3,10.4403,1.1,step,-1
1357,4,10.4895,1.25,step,0

frame,idx,score,alpha,step_norm,z_coarse
1358,0,5.49133,0.65,step,-4
1358,1,7.41223,0.8,step,-3
1358,2,9.68824,0.95,step,-2
1358,3,10.4443,1.1,step,-1
1358,4,10.4903,1.25,step,0

frame,idx,score,alpha,step_norm,z_coarse
1359,0,5.492,0.65,step,-4
1359,1,7.41243,0.8,step,-3
1359,2,9.68985,0.95,step,-2
1359,3,10.446,1.1,step,-1
1359,4,10.4902,1.25,step,0

frame,idx,score,alpha,step_norm,z_coarse
1360,0,5.49568,0.65,step,-4
1360,1,7.41517,0.8,step,-3
1360,2,9.69459,0.95,step,-2
1360,3,10.4512,1.1,step,-1
1360,4,10.4946,1.25,step,0

frame,idx,score,alpha,step_norm,z_coarse
1361,0,5.49254,0.65,step,-4
1361,1,7.40776,0.8,step,-3
1361,2,9.67948,0.95,step,-2
1361,3,10.439,1.1,step,-1
1361,4,10.4898,1.25,step,0

frame,idx,score,alpha,step_norm,z_coarse
1362,0,5.49537,0.65,step,-4
1362,1,7.41302,0.8,step,-3
1362,2,9.68998,0.95,step,-2
1362,3,10.4449,1.1,step,-1
1362,4,10.4867,1.25,step,0

frame,idx,score,alpha,step_norm,z_coarse
1363,0,5.49897,0.65,step,-4
1363,1,7.41937,0.8,step,-3
1363,2,9.69642,0.95,step,-2
1363,3,10.4515,1.1,step,-1
1363,4,10.4935,1.25,step,0

frame,idx,score,alpha,step_norm,z_coarse
1364,0,5.49291,0.65,step,-4
1364,1,7.41016,0.8,step,-3
1364,2,9.68436,0.95,step,-2
1364,3,10.4417,1.1,step,-1
1364,4,10.4869,1.25,step,0

frame,idx,score,alpha,step_norm,z_coarse
1365,0,5.49624,0.65,step,-4
1365,1,7.41383,0.8,step,-3
1365,2,9.68897,0.95,step,-2
1365,3,10.446,1.1,step,-1
1365,4,10.492,1.25,step,0

frame,idx,score,alpha,step_norm,z_coarse
1366,0,5.49805,0.65,step,-4
1366,1,7.42239,0.8,step,-3
1366,2,9.70266,0.95,step,-2
1366,3,10.4553,1.1,step,-1
1366,4,10.4935,1.25,step,0

frame,idx,score,alpha,step_norm,z_coarse
1367,0,5.49613,0.65,step,-4
1367,1,7.41555,0.8,step,-3
1367,2,9.69785,0.95,step,-2
1367,3,10.4554,1.1,step,-1
1367,4,10.4986,1.25,step,0

frame,idx,score,alpha,step_norm,z_coarse
1368,0,5.49594,0.65,step,-4
1368,1,7.4161,0.8,step,-3
1368,2,9.69617,0.95,step,-2
1368,3,10.4499,1.1,step,-1
1368,4,10.4892,1.25,step,0

frame,idx,score,alpha,step_norm,z_coarse
1369,0,5.49041,0.65,step,-4
1369,1,7.4094,0.8,step,-3
1369,2,9.68769,0.95,step,-2
1369,3,10.4457,1.1,step,-1
1369,4,10.4912,1.25,step,0

frame,idx,score,alpha,step_norm,z_coarse
1370,0,5.49371,0.65,step,-4
1370,1,7.40993,0.8,step,-3
1370,2,9.68584,0.95,step,-2
1370,3,10.4449,1.1,step,-1
1370,4,10.4915,1.25,step,0

frame,idx,score,alpha,step_norm,z_coarse
1371,0,5.49092,0.65,step,-4
1371,1,7.41006,0.8,step,-3
1371,2,9.68738,0.95,step,-2
1371,3,10.4474,1.1,step,-1
1371,4,10.4959,1.25,step,0

frame,idx,score,alpha,step_norm,z_coarse
1372,0,5.49069,0.65,step,-4
1372,1,7.40567,0.8,step,-3
1372,2,9.6811,0.95,step,-2
1372,3,10.4414,1.1,step,-1
1372,4,10.4909,1.25,step,0

frame,idx,score,alpha,step_norm,z_coarse
1373,0,5.48419,0.65,step,-4
1373,1,7.39616,0.8,step,-3
1373,2,9.66753,0.95,step,-2
1373,3,10.4332,1.1,step,-1
1373,4,10.491,1.25,step,0

frame,idx,score,alpha,step_norm,z_coarse
1374,0,5.48529,0.65,step,-4
1374,1,7.39986,0.8,step,-3
1374,2,9.67139,0.95,step,-2
1374,3,10.4378,1.1,step,-1
1374,4,10.4957,1.25,step,0

frame,idx,score,alpha,step_norm,z_coarse
1375,0,5.48273,0.65,step,-4
1375,1,7.39481,0.8,step,-3
1375,2,9.66396,0.95,step,-2
1375,3,10.4286,1.1,step,-1
1375,4,10.4861,1.25,step,0

frame,idx,score,alpha,step_norm,z_coarse
1376,0,5.48408,0.65,step,-4
1376,1,7.39548,0.8,step,-3
1376,2,9.66244,0.95,step,-2
1376,3,10.4291,1.1,step,-1
1376,4,10.4892,1.25,step,0

frame,idx,score,alpha,step_norm,z_coarse
1377,0,5.4844,0.65,step,-4
1377,1,7.39732,0.8,step,-3
1377,2,9.66584,0.95,step,-2
1377,3,10.4344,1.1,step,-1
1377,4,10.4966,1.25,step,0

frame,idx,score,alpha,step_norm,z_coarse
1378,0,5.48118,0.65,step,-4
1378,1,7.3908,0.8,step,-3
1378,2,9.65963,0.95,step,-2
1378,3,10.4287,1.1,step,-1
1378,4,10.4924,1.25,step,0

frame,idx,score,alpha,step_norm,z_coarse
1379,0,5.48006,0.65,step,-4
1379,1,7.38793,0.8,step,-3
1379,2,9.65931,0.95,step,-2
1379,3,10.4295,1.1,step,-1
1379,4,10.4911,1.25,step,0

frame,idx,score,alpha,step_norm,z_coarse
1380,0,5.48396,0.65,step,-4
1380,1,7.39769,0.8,step,-3
1380,2,9.66463,0.95,step,-2
1380,3,10.4291,1.1,step,-1
1380,4,10.4877,1.25,step,0

frame,idx,score,alpha,step_norm,z_coarse
1381,0,5.48045,0.65,step,-4
1381,1,7.39097,0.8,step,-3
1381,2,9.65752,0.95,step,-2
1381,3,10.4268,1.1,step,-1
1381,4,10.4888,1.25,step,0

frame,idx,score,alpha,step_norm,z_coarse
1382,0,5.48014,0.65,step,-4
1382,1,7.39142,0.8,step,-3
1382,2,9.65653,0.95,step,-2
1382,3,10.4252,1.1,step,-1
1382,4,10.4873,1.25,step,0

frame,idx,score,alpha,step_norm,z_coarse
1383,0,5.47791,0.65,step,-4
1383,1,7.38851,0.8,step,-3
1383,2,9.65463,0.95,step,-2
1383,3,10.4243,1.1,step,-1
1383,4,10.4877,1.25,step,0

frame,idx,score,alpha,step_norm,z_coarse
1384,0,5.48078,0.65,step,-4
1384,1,7.39309,0.8,step,-3
1384,2,9.66269,0.95,step,-2
1384,3,10.4328,1.1,step,-1
1384,4,10.4962,1.25,step,0

frame,idx,score,alpha,step_norm,z_coarse
1385,0,5.47886,0.65,step,-4
1385,1,7.39026,0.8,step,-3
1385,2,9.65864,0.95,step,-2
1385,3,10.4293,1.1,step,-1
1385,4,10.4938,1.25,step,0

frame,idx,score,alpha,step_norm,z_coarse
1386,0,5.47394,0.65,step,-4
1386,1,7.38604,0.8,step,-3
1386,2,9.65255,0.95,step,-2
1386,3,10.4247,1.1,step,-1
1386,4,10.4925,1.25,step,0

frame,idx,score,alpha,step_norm,z_coarse
1387,0,5.47694,0.65,step,-4
1387,1,7.38492,0.8,step,-3
1387,2,9.64903,0.95,step,-2
1387,3,10.4216,1.1,step,-1
1387,4,10.4902,1.25,step,0

frame,idx,score,alpha,step_norm,z_coarse
1388,0,5.47242,0.65,step,-4
1388,1,7.38132,0.8,step,-3
1388,2,9.64593,0.95,step,-2
1388,3,10.4244,1.1,step,-1
1388,4,10.4977,1.25,step,0

frame,idx,score,alpha,step_norm,z_coarse
1389,0,5.47106,0.65,step,-4
1389,1,7.37885,0.8,step,-3
1389,2,9.64053,0.95,step,-2
1389,3,10.4174,1.1,step,-1
1389,4,10.4922,1.25,step,0

frame,idx,score,alpha,step_norm,z_coarse
1390,0,5.46896,0.65,step,-4
1390,1,7.37529,0.8,step,-3
1390,2,9.63553,0.95,step,-2
1390,3,10.4159,1.1,step,-1
1390,4,10.4935,1.25,step,0

frame,idx,score,alpha,step_norm,z_coarse
1391,0,5.46683,0.65,step,-4
1391,1,7.37162,0.8,step,-3
1391,2,9.63074,0.95,step,-2
1391,3,10.4103,1.1,step,-1
1391,4,10.4887,1.25,step,0

frame,idx,score,alpha,step_norm,z_coarse
1392,0,5.46617,0.65,step,-4
1392,1,7.37166,0.8,step,-3
1392,2,9.63175,0.95,step,-2
1392,3,10.4112,1.1,step,-1
1392,4,10.4898,1.25,step,0

frame,idx,score,alpha,step_norm,z_coarse
1393,0,5.46735,0.65,step,-4
1393,1,7.37299,0.8,step,-3
1393,2,9.6337,0.95,step,-2
1393,3,10.4156,1.1,step,-1
1393,4,10.4966,1.25,step,0

frame,idx,score,alpha,step_norm,z_coarse
1394,0,5.47104,0.65,step,-4
1394,1,7.37674,0.8,step,-3
1394,2,9.63993,0.95,step,-2
1394,3,10.4212,1.1,step,-1
1394,4,10.4989,1.25,step,0

frame,idx,score,alpha,step_norm,z_coarse
1395,0,5.47153,0.65,step,-4
1395,1,7.378,0.8,step,-3
1395,2,9.6428,0.95,step,-2
1395,3,10.4226,1.1,step,-1
1395,4,10.4996,1.25,step,0

frame,idx,score,alpha,step_norm,z_coarse
1396,0,5.47731,0.65,step,-4
1396,1,7.38379,0.8,step,-3
1396,2,9.64631,0.95,step,-2
1396,3,10.4222,1.1,step,-1
1396,4,10.4927,1.25,step,0

frame,idx,score,alpha,step_norm,z_coarse
1397,0,5.47403,0.65,step,-4
1397,1,7.3823,0.8,step,-3
1397,2,9.6497,0.95,step,-2
1397,3,10.4263,1.1,step,-1
1397,4,10.4975,1.25,step,0

frame,idx,score,alpha,step_norm,z_coarse
1398,0,5.48156,0.65,step,-4
1398,1,7.39497,0.8,step,-3
1398,2,9.66394,0.95,step,-2
1398,3,10.4327,1.1,step,-1
1398,4,10.4955,1.25,step,0

frame,idx,score,alpha,step_norm,z_coarse
1399,0,5.47541,0.65,step,-4
1399,1,7.38485,0.8,step,-3
1399,2,9.64764,0.95,step,-2
1399,3,10.4193,1.1,step,-1
1399,4,10.4875,1.25,step,0

frame,idx,score,alpha,step_norm,z_coarse
1400,0,5.47466,0.65,step,-4
1400,1,7.38282,0.8,step,-3
1400,2,9.64506,0.95,step,-2
1400,3,10.4187,1.1,step,-1
1400,4,10.488,1.25,step,0

frame,idx,score,alpha,step_norm,z_coarse
1401,0,5.47456,0.65,step,-4
1401,1,7.38329,0.8,step,-3
1401,2,9.64704,0.95,step,-2
1401,3,10.4219,1.1,step,-1
1401,4,10.4911,1.25,step,0

frame,idx,score,alpha,step_norm,z_coarse
1402,0,5.46574,0.65,step,-4
1402,1,7.37036,0.8,step,-3
1402,2,9.63044,0.95,step,-2
1402,3,10.413,1.1,step,-1
1402,4,10.4946,1.25,step,0

frame,idx,score,alpha,step_norm,z_coarse
1403,0,5.46326,0.65,step,-4
1403,1,7.36754,0.8,step,-3
1403,2,9.62646,0.95,step,-2
1403,3,10.408,1.1,step,-1
1403,4,10.4889,1.25,step,0

frame,idx,score,alpha,step_norm,z_coarse
1404,0,5.46164,0.65,step,-4
1404,1,7.36248,0.8,step,-3
1404,2,9.61769,0.95,step,-2
1404,3,10.4073,1.1,step,-1
1404,4,10.4973,1.25,step,0

frame,idx,score,alpha,step_norm,z_coarse
1405,0,5.46079,0.65,step,-4
1405,1,7.36426,0.8,step,-3
1405,2,9.61834,0.95,step,-2
1405,3,10.4033,1.1,step,-1
1405,4,10.4908,1.25,step,0

frame,idx,score,alpha,step_norm,z_coarse
1406,0,5.45912,0.65,step,-4
1406,1,7.36318,0.8,step,-3
1406,2,9.62118,0.95,step,-2
1406,3,10.4088,1.1,step,-1
1406,4,10.4979,1.25,step,0

frame,idx,score,alpha,step_norm,z_coarse
1407,0,5.45888,0.65,step,-4
1407,1,7.3587,0.8,step,-3
1407,2,9.61398,0.95,step,-2
1407,3,10.4012,1.1,step,-1
1407,4,10.4904,1.25,step,0

frame,idx,score,alpha,step_norm,z_coarse
1408,0,5.45961,0.65,step,-4
1408,1,7.35907,0.8,step,-3
1408,2,9.61568,0.95,step,-2
1408,3,10.406,1.1,step,-1
1408,4,10.4973,1.25,step,0

frame,idx,score,alpha,step_norm,z_coarse
1409,0,5.45477,0.65,step,-4
1409,1,7.35546,0.8,step,-3
1409,2,9.60772,0.95,step,-2
1409,3,10.399,1.1,step,-1
1409,4,10.4935,1.25,step,0

frame,idx,score,alpha,step_norm,z_coarse
1410,0,5.46091,0.65,step,-4
1410,1,7.36259,0.8,step,-3
1410,2,9.61651,0.95,step,-2
1410,3,10.4049,1.1,step,-1
1410,4,10.4942,1.25,step,0

frame,idx,score,alpha,step_norm,z_coarse
1411,0,5.45881,0.65,step,-4
1411,1,7.35893,0.8,step,-3
1411,2,9.61003,0.95,step,-2
1411,3,10.3989,1.1,step,-1
1411,4,10.4903,1.25,step,0

frame,idx,score,alpha,step_norm,z_coarse
1412,0,5.45708,0.65,step,-4
1412,1,7.35715,0.8,step,-3
1412,2,9.61125,0.95,step,-2
1412,3,10.3987,1.1,step,-1
1412,4,10.4879,1.25,step,0

frame,idx,score,alpha,step_norm,z_coarse
1413,0,5.45871,0.65,step,-4
1413,1,7.35861,0.8,step,-3
1413,2,9.61053,0.95,step,-2
1413,3,10.4008,1.1,step,-1
1413,4,10.4951,1.25,step,0

frame,idx,score,alpha,step_norm,z_coarse
1414,0,5.45714,0.65,step,-4
1414,1,7.35692,0.8,step,-3
1414,2,9.60755,0.95,step,-2
1414,3,10.3964,1.1,step,-1
1414,4,10.4903,1.25,step,0

frame,idx,score,alpha,step_norm,z_coarse
1415,0,5.45949,0.65,step,-4
1415,1,7.36069,0.8,step,-3
1415,2,9.61473,0.95,step,-2
1415,3,10.4039,1.1,step,-1
1415,4,10.4945,1.25,step,0

frame,idx,score,alpha,step_norm,z_coarse
1416,0,5.4648,0.65,step,-4
1416,1,7.37031,0.8,step,-3
1416,2,9.62694,0.95,step,-2
1416,3,10.4135,1.1,step,-1
1416,4,10.5005,1.25,step,0

frame,idx,score,alpha,step_norm,z_coarse
1417,0,5.46366,0.65,step,-4
1417,1,7.36582,0.8,step,-3
1417,2,9.62102,0.95,step,-2
1417,3,10.4042,1.1,step,-1
1417,4,10.4877,1.25,step,0

frame,idx,score,alpha,step_norm,z_coarse
1418,0,5.46828,0.65,step,-4
1418,1,7.37141,0.8,step,-3
1418,2,9.62634,0.95,step,-2
1418,3,10.409,1.1,step,-1
1418,4,10.4922,1.25,step,0

frame,idx,score,alpha,step_norm,z_coarse
1419,0,5.4655,0.65,step,-4
1419,1,7.37024,0.8,step,-3
1419,2,9.62892,0.95,step,-2
1419,3,10.4134,1.1,step,-1
1419,4,10.4965,1.25,step,0

frame,idx,score,alpha,step_norm,z_coarse
1420,0,5.46618,0.65,step,-4
1420,1,7.37146,0.8,step,-3
1420,2,9.63048,0.95,step,-2
1420,3,10.4103,1.1,step,-1
1420,4,10.4894,1.25,step,0

frame,idx,score,alpha,step_norm,z_coarse
1421,0,5.4731,0.65,step,-4
1421,1,7.38353,0.8,step,-3
1421,2,9.64735,0.95,step,-2
1421,3,10.4211,1.1,step,-1
1421,4,10.4923,1.25,step,0

frame,idx,score,alpha,step_norm,z_coarse
1422,0,5.46944,0.65,step,-4
1422,1,7.37664,0.8,step,-3
1422,2,9.63689,0.95,step,-2
1422,3,10.4154,1.1,step,-1
1422,4,10.4933,1.25,step,0

frame,idx,score,alpha,step_norm,z_coarse
1423,0,5.47222,0.65,step,-4
1423,1,7.3797,0.8,step,-3
1423,2,9.64316,0.95,step,-2
1423,3,10.4198,1.1,step,-1
1423,4,10.4923,1.25,step,0

frame,idx,score,alpha,step_norm,z_coarse
1424,0,5.46586,0.65,step,-4
1424,1,7.36955,0.8,step,-3
1424,2,9.62714,0.95,step,-2
1424,3,10.4111,1.1,step,-1
1424,4,10.4932,1.25,step,0

frame,idx,score,alpha,step_norm,z_coarse
1425,0,5.46556,0.65,step,-4
1425,1,7.36883,0.8,step,-3
1425,2,9.62627,0.95,step,-2
1425,3,10.4093,1.1,step,-1
1425,4,10.4923,1.25,step,0

frame,idx,score,alpha,step_norm,z_coarse
1426,0,5.4662,0.65,step,-4
1426,1,7.36889,0.8,step,-3
1426,2,9.62659,0.95,step,-2
1426,3,10.4107,1.1,step,-1
1426,4,10.4956,1.25,step,0

frame,idx,score,alpha,step_norm,z_coarse
1427,0,5.46383,0.65,step,-4
1427,1,7.36637,0.8,step,-3
1427,2,9.62339,0.95,step,-2
1427,3,10.4078,1.1,step,-1
1427,4,10.4937,1.25,step,0

frame,idx,score,alpha,step_norm,z_coarse
1428,0,5.46022,0.65,step,-4
1428,1,7.36267,0.8,step,-3
1428,2,9.61683,0.95,step,-2
1428,3,10.4032,1.1,step,-1
1428,4,10.4935,1.25,step,0

frame,idx,score,alpha,step_norm,z_coarse
1429,0,5.46288,0.65,step,-4
1429,1,7.36427,0.8,step,-3
1429,2,9.61867,0.95,step,-2
1429,3,10.4044,1.1,step,-1
1429,4,10.4917,1.25,step,0

frame,idx,score,alpha,step_norm,z_coarse
1430,0,5.46488,0.65,step,-4
1430,1,7.36957,0.8,step,-3
1430,2,9.62956,0.95,step,-2
1430,3,10.4146,1.1,step,-1
1430,4,10.4988,1.25,step,0

frame,idx,score,alpha,step_norm,z_coarse
1431,0,5.46198,0.65,step,-4
1431,1,7.36209,0.8,step,-3
1431,2,9.61573,0.95,step,-2
1431,3,10.4037,1.1,step,-1
1431,4,10.4955,1.25,step,0

frame,idx,score,alpha,step_norm,z_coarse
1432,0,5.4658,0.65,step,-4
1432,1,7.37138,0.8,step,-3
1432,2,9.63225,0.95,step,-2
1432,3,10.4147,1.1,step,-1
1432,4,10.4957,1.25,step,0

frame,idx,score,alpha,step_norm,z_coarse
1433,0,5.46259,0.65,step,-4
1433,1,7.3647,0.8,step,-3
1433,2,9.62317,0.95,step,-2
1433,3,10.4097,1.1,step,-1
1433,4,10.4943,1.25,step,0

frame,idx,score,alpha,step_norm,z_coarse
1434,0,5.46257,0.65,step,-4
1434,1,7.36547,0.8,step,-3
1434,2,9.62365,0.95,step,-2
1434,3,10.4093,1.1,step,-1
1434,4,10.4942,1.25,step,0

frame,idx,score,alpha,step_norm,z_coarse
1435,0,5.4633,0.65,step,-4
1435,1,7.36714,0.8,step,-3
1435,2,9.62625,0.95,step,-2
1435,3,10.4099,1.1,step,-1
1435,4,10.4923,1.25,step,0

frame,idx,score,alpha,step_norm,z_coarse
1436,0,5.46653,0.65,step,-4
1436,1,7.37469,0.8,step,-3
1436,2,9.63571,0.95,step,-2
1436,3,10.4137,1.1,step,-1
1436,4,10.4895,1.25,step,0

frame,idx,score,alpha,step_norm,z_coarse
1437,0,5.46991,0.65,step,-4
1437,1,7.37699,0.8,step,-3
1437,2,9.63844,0.95,step,-2
1437,3,10.4164,1.1,step,-1
1437,4,10.4907,1.25,step,0

frame,idx,score,alpha,step_norm,z_coarse
1438,0,5.47232,0.65,step,-4
1438,1,7.37917,0.8,step,-3
1438,2,9.64322,0.95,step,-2
1438,3,10.4171,1.1,step,-1
1438,4,10.4877,1.25,step,0

frame,idx,score,alpha,step_norm,z_coarse
1439,0,5.47319,0.65,step,-4
1439,1,7.38146,0.8,step,-3
1439,2,9.64576,0.95,step,-2
1439,3,10.4233,1.1,step,-1
1439,4,10.4972,1.25,step,0

frame,idx,score,alpha,step_norm,z_coarse
1440,0,5.4689,0.65,step,-4
1440,1,7.37656,0.8,step,-3
1440,2,9.64251,0.95,step,-2
1440,3,10.4198,1.1,step,-1
1440,4,10.4913,1.25,step,0

frame,idx,score,alpha,step_norm,z_coarse
1441,0,5.47474,0.65,step,-4
1441,1,7.38453,0.8,step,-3
1441,2,9.64942,0.95,step,-2
1441,3,10.4263,1.1,step,-1
1441,4,10.4974,1.25,step,0

frame,idx,score,alpha,step_norm,z_coarse
1442,0,5.47371,0.65,step,-4
1442,1,7.38169,0.8,step,-3
1442,2,9.64662,0.95,step,-2
1442,3,10.4238,1.1,step,-1
1442,4,10.4957,1.25,step,0

frame,idx,score,alpha,step_norm,z_coarse
1443,0,5.46607,0.65,step,-4
1443,1,7.37194,0.8,step,-3
1443,2,9.63463,0.95,step,-2
1443,3,10.4129,1.1,step,-1
1443,4,10.489,1.25,step,0

frame,idx,score,alpha,step_norm,z_coarse
1444,0,5.46875,0.65,step,-4
1444,1,7.37357,0.8,step,-3
1444,2,9.6315,0.95,step,-2
1444,3,10.4124,1.1,step,-1
1444,4,10.4923,1.25,step,0

frame,idx,score,alpha,step_norm,z_coarse
1445,0,5.46363,0.65,step,-4
1445,1,7.36804,0.8,step,-3
1445,2,9.62737,0.95,step,-2
1445,3,10.4107,1.1,step,-1
1445,4,10.4931,1.25,step,0

frame,idx,score,alpha,step_norm,z_coarse
1446,0,5.46649,0.65,step,-4
1446,1,7.37176,0.8,step,-3
1446,2,9.62911,0.95,step,-2
1446,3,10.4105,1.1,step,-1
1446,4,10.4917,1.25,step,0

frame,idx,score,alpha,step_norm,z_coarse
1447,0,5.46413,0.65,step,-4
1447,1,7.36635,0.8,step,-3
1447,2,9.62164,0.95,step,-2
1447,3,10.4062,1.1,step,-1
1447,4,10.4907,1.25,step,0

frame,idx,score,alpha,step_norm,z_coarse
1448,0,5.46048,0.65,step,-4
1448,1,7.36293,0.8,step,-3
1448,2,9.62291,0.95,step,-2
1448,3,10.4061,1.1,step,-1
1448,4,10.488,1.25,step,0

frame,idx,score,alpha,step_norm,z_coarse
1449,0,5.46689,0.65,step,-4
1449,1,7.37227,0.8,step,-3
1449,2,9.6307,0.95,step,-2
1449,3,10.4135,1.1,step,-1
1449,4,10.4964,1.25,step,0

frame,idx,score,alpha,step_norm,z_coarse
1450,0,5.46927,0.65,step,-4
1450,1,7.37301,0.8,step,-3
1450,2,9.63427,0.95,step,-2
1450,3,10.4174,1.1,step,-1
1450,4,10.4992,1.25,step,0

frame,idx,score,alpha,step_norm,z_coarse
1451,0,5.46529,0.65,step,-4
1451,1,7.36864,0.8,step,-3
1451,2,9.62966,0.95,step,-2
1451,3,10.4126,1.1,step,-1
1451,4,10.4954,1.25,step,0

frame,idx,score,alpha,step_norm,z_coarse
1452,0,5.4673,0.65,step,-4
1452,1,7.37215,0.8,step,-3
1452,2,9.63173,0.95,step,-2
1452,3,10.4115,1.1,step,-1
1452,4,10.49,1.25,step,0

frame,idx,score,alpha,step_norm,z_coarse
1453,0,5.47238,0.65,step,-4
1453,1,7.37667,0.8,step,-3
1453,2,9.63829,0.95,step,-2
1453,3,10.4185,1.1,step,-1
1453,4,10.4964,1.25,step,0

frame,idx,score,alpha,step_norm,z_coarse
1454,0,5.4673,0.65,step,-4
1454,1,7.3753,0.8,step,-3
1454,2,9.63893,0.95,step,-2
1454,3,10.4155,1.1,step,-1
1454,4,10.4906,1.25,step,0

frame,idx,score,alpha,step_norm,z_coarse
1455,0,5.47237,0.65,step,-4
1455,1,7.37958,0.8,step,-3
1455,2,9.6381,0.95,step,-2
1455,3,10.4161,1.1,step,-1
1455,4,10.4919,1.25,step,0

frame,idx,score,alpha,step_norm,z_coarse
1456,0,5.4744,0.65,step,-4
1456,1,7.37941,0.8,step,-3
1456,2,9.64314,0.95,step,-2
1456,3,10.4198,1.1,step,-1
1456,4,10.4936,1.25,step,0

frame,idx,score,alpha,step_norm,z_coarse
1457,0,5.47029,0.65,step,-4
1457,1,7.37625,0.8,step,-3
1457,2,9.63828,0.95,step,-2
1457,3,10.4178,1.1,step,-1
1457,4,10.4936,1.25,step,0

frame,idx,score,alpha,step_norm,z_coarse
1458,0,5.46996,0.65,step,-4
1458,1,7.37496,0.8,step,-3
1458,2,9.63929,0.95,step,-2
1458,3,10.4175,1.1,step,-1
1458,4,10.4913,1.25,step,0

frame,idx,score,alpha,step_norm,z_coarse
1459,0,5.47411,0.65,step,-4
1459,1,7.3807,0.8,step,-3
1459,2,9.64499,0.95,step,-2
1459,3,10.4229,1.1,step,-1
1459,4,10.4963,1.25,step,0

frame,idx,score,alpha,step_norm,z_coarse
1460,0,5.47174,0.65,step,-4
1460,1,7.37895,0.8,step,-3
1460,2,9.6421,0.95,step,-2
1460,3,10.4183,1.1,step,-1
1460,4,10.4905,1.25,step,0

frame,idx,score,alpha,step_norm,z_coarse
1461,0,5.47405,0.65,step,-4
1461,1,7.38227,0.8,step,-3
1461,2,9.64622,0.95,step,-2
1461,3,10.4225,1.1,step,-1
1461,4,10.493,1.25,step,0

frame,idx,score,alpha,step_norm,z_coarse
1462,0,5.47413,0.65,step,-4
1462,1,7.38171,0.8,step,-3
1462,2,9.64655,0.95,step,-2
1462,3,10.4219,1.1,step,-1
1462,4,10.4904,1.25,step,0

frame,idx,score,alpha,step_norm,z_coarse
1463,0,5.47752,0.65,step,-4
1463,1,7.38514,0.8,step,-3
1463,2,9.64673,0.95,step,-2
1463,3,10.421,1.1,step,-1
1463,4,10.4904,1.25,step,0

frame,idx,score,alpha,step_norm,z_coarse
1464,0,5.47165,0.65,step,-4
1464,1,7.37918,0.8,step,-3
1464,2,9.63921,0.95,step,-2
1464,3,10.4169,1.1,step,-1
1464,4,10.4898,1.25,step,0

frame,idx,score,alpha,step_norm,z_coarse
1465,0,5.46891,0.65,step,-4
1465,1,7.37566,0.8,step,-3
1465,2,9.63944,0.95,step,-2
1465,3,10.4153,1.1,step,-1
1465,4,10.4873,1.25,step,0

frame,idx,score,alpha,step_norm,z_coarse
1466,0,5.47269,0.65,step,-4
1466,1,7.37697,0.8,step,-3
1466,2,9.63767,0.95,step,-2
1466,3,10.416,1.1,step,-1
1466,4,10.4936,1.25,step,0

frame,idx,score,alpha,step_norm,z_coarse
1467,0,5.46741,0.65,step,-4
1467,1,7.37136,0.8,step,-3
1467,2,9.62926,0.95,step,-2
1467,3,10.4109,1.1,step,-1
1467,4,10.4926,1.25,step,0

frame,idx,score,alpha,step_norm,z_coarse
1468,0,5.46597,0.65,step,-4
1468,1,7.37076,0.8,step,-3
1468,2,9.63235,0.95,step,-2
1468,3,10.4142,1.1,step,-1
1468,4,10.4939,1.25,step,0

frame,idx,score,alpha,step_norm,z_coarse
1469,0,5.46696,0.65,step,-4
1469,1,7.37164,0.8,step,-3
1469,2,9.63202,0.95,step,-2
1469,3,10.4123,1.1,step,-1
1469,4,10.492,1.25,step,0

frame,idx,score,alpha,step_norm,z_coarse
1470,0,5.46726,0.65,step,-4
1470,1,7.37022,0.8,step,-3
1470,2,9.62928,0.95,step,-2
1470,3,10.4124,1.1,step,-1
1470,4,10.4941,1.25,step,0

frame,idx,score,alpha,step_norm,z_coarse
1471,0,5.46378,0.65,step,-4
1471,1,7.36773,0.8,step,-3
1471,2,9.62495,0.95,step,-2
1471,3,10.4094,1.1,step,-1
1471,4,10.4946,1.25,step,0

frame,idx,score,alpha,step_norm,z_coarse
1472,0,5.46842,0.65,step,-4
1472,1,7.37539,0.8,step,-3
1472,2,9.6395,0.95,step,-2
1472,3,10.4193,1.1,step,-1
1472,4,10.4956,1.25,step,0

frame,idx,score,alpha,step_norm,z_coarse
1473,0,5.46571,0.65,step,-4
1473,1,7.37093,0.8,step,-3
1473,2,9.6296,0.95,step,-2
1473,3,10.4102,1.1,step,-1
1473,4,10.4885,1.25,step,0

frame,idx,score,alpha,step_norm,z_coarse
1474,0,5.47075,0.65,step,-4
1474,1,7.37814,0.8,step,-3
1474,2,9.63824,0.95,step,-2
1474,3,10.414,1.1,step,-1
1474,4,10.4888,1.25,step,0

frame,idx,score,alpha,step_norm,z_coarse
1475,0,5.46913,0.65,step,-4
1475,1,7.37716,0.8,step,-3
1475,2,9.637,0.95,step,-2
1475,3,10.414,1.1,step,-1
1475,4,10.4887,1.25,step,0

frame,idx,score,alpha,step_norm,z_coarse
1476,0,5.46958,0.65,step,-4
1476,1,7.37517,0.8,step,-3
1476,2,9.63809,0.95,step,-2
1476,3,10.4145,1.1,step,-1
1476,4,10.4881,1.25,step,0

frame,idx,score,alpha,step_norm,z_coarse
1477,0,5.47283,0.65,step,-4
1477,1,7.38075,0.8,step,-3
1477,2,9.64422,0.95,step,-2
1477,3,10.4194,1.1,step,-1
1477,4,10.4908,1.25,step,0

frame,idx,score,alpha,step_norm,z_coarse
1478,0,5.47587,0.65,step,-4
1478,1,7.38322,0.8,step,-3
1478,2,9.6508,0.95,step,-2
1478,3,10.425,1.1,step,-1
1478,4,10.4943,1.25,step,0

frame,idx,score,alpha,step_norm,z_coarse
1479,0,5.4737,0.65,step,-4
1479,1,7.37934,0.8,step,-3
1479,2,9.64277,0.95,step,-2
1479,3,10.4152,1.1,step,-1
1479,4,10.4832,1.25,step,0

frame,idx,score,alpha,step_norm,z_coarse
1480,0,5.46965,0.65,step,-4
1480,1,7.37614,0.8,step,-3
1480,2,9.63813,0.95,step,-2
1480,3,10.4169,1.1,step,-1
1480,4,10.4914,1.25,step,0

frame,idx,score,alpha,step_norm,z_coarse
1481,0,5.47386,0.65,step,-4
1481,1,7.38157,0.8,step,-3
1481,2,9.64484,0.95,step,-2
1481,3,10.4191,1.1,step,-1
1481,4,10.4901,1.25,step,0

frame,idx,score,alpha,step_norm,z_coarse
1482,0,5.47263,0.65,step,-4
1482,1,7.38126,0.8,step,-3
1482,2,9.64701,0.95,step,-2
1482,3,10.4233,1.1,step,-1
1482,4,10.4956,1.25,step,0

frame,idx,score,alpha,step_norm,z_coarse
1483,0,5.47227,0.65,step,-4
1483,1,7.38096,0.8,step,-3
1483,2,9.64726,0.95,step,-2
1483,3,10.4253,1.1,step,-1
1483,4,10.4966,1.25,step,0

frame,idx,score,alpha,step_norm,z_coarse
1484,0,5.46825,0.65,step,-4
1484,1,7.3769,0.8,step,-3
1484,2,9.64051,0.95,step,-2
1484,3,10.4192,1.1,step,-1
1484,4,10.493,1.25,step,0

frame,idx,score,alpha,step_norm,z_coarse
1485,0,5.46675,0.65,step,-4
1485,1,7.37198,0.8,step,-3
1485,2,9.63196,0.95,step,-2
1485,3,10.4116,1.1,step,-1
1485,4,10.4886,1.25,step,0

frame,idx,score,alpha,step_norm,z_coarse
1486,0,5.47003,0.65,step,-4
1486,1,7.37611,0.8,step,-3
1486,2,9.63856,0.95,step,-2
1486,3,10.4155,1.1,step,-1
1486,4,10.4883,1.25,step,0

frame,idx,score,alpha,step_norm,z_coarse
1487,0,5.47114,0.65,step,-4
1487,1,7.37915,0.8,step,-3
1487,2,9.63947,0.95,step,-2
1487,3,10.4141,1.1,step,-1
1487,4,10.4876,1.25,step,0

frame,idx,score,alpha,step_norm,z_coarse
1488,0,5.47018,0.65,step,-4
1488,1,7.37816,0.8,step,-3
1488,2,9.64299,0.95,step,-2
1488,3,10.422,1.1,step,-1
1488,4,10.4967,1.25,step,0

frame,idx,score,alpha,step_norm,z_coarse
1489,0,5.47291,0.65,step,-4
1489,1,7.37859,0.8,step,-3
1489,2,9.6396,0.95,step,-2
1489,3,10.4172,1.1,step,-1
1489,4,10.4917,1.25,step,0

frame,idx,score,alpha,step_norm,z_coarse
1490,0,5.46655,0.65,step,-4
1490,1,7.37278,0.8,step,-3
1490,2,9.63257,0.95,step,-2
1490,3,10.4108,1.1,step,-1
1490,4,10.4866,1.25,step,0

frame,idx,score,alpha,step_norm,z_coarse
1491,0,5.47054,0.65,step,-4
1491,1,7.37723,0.8,step,-3
1491,2,9.63822,0.95,step,-2
1491,3,10.4162,1.1,step,-1
1491,4,10.4915,1.25,step,0

frame,idx,score,alpha,step_norm,z_coarse
1492,0,5.47505,0.65,step,-4
1492,1,7.38351,0.8,step,-3
1492,2,9.64563,0.95,step,-2
1492,3,10.4213,1.1,step,-1
1492,4,10.4932,1.25,step,0

frame,idx,score,alpha,step_norm,z_coarse
1493,0,5.47435,0.65,step,-4
1493,1,7.38546,0.8,step,-3
1493,2,9.65509,0.95,step,-2
1493,3,10.4302,1.1,step,-1
1493,4,10.4992,1.25,step,0

frame,idx,score,alpha,step_norm,z_coarse
1494,0,5.47544,0.65,step,-4
1494,1,7.38758,0.8,step,-3
1494,2,9.65411,0.95,step,-2
1494,3,10.4258,1.1,step,-1
1494,4,10.4932,1.25,step,0

frame,idx,score,alpha,step_norm,z_coarse
1495,0,5.47603,0.65,step,-4
1495,1,7.38735,0.8,step,-3
1495,2,9.65428,0.95,step,-2
1495,3,10.4264,1.1,step,-1
1495,4,10.4921,1.25,step,0

frame,idx,score,alpha,step_norm,z_coarse
1496,0,5.4751,0.65,step,-4
1496,1,7.38533,0.8,step,-3
1496,2,9.65023,0.95,step,-2
1496,3,10.4218,1.1,step,-1
1496,4,10.4902,1.25,step,0

frame,idx,score,alpha,step_norm,z_coarse
1497,0,5.47505,0.65,step,-4
1497,1,7.38357,0.8,step,-3
1497,2,9.64807,0.95,step,-2
1497,3,10.4211,1.1,step,-1
1497,4,10.4893,1.25,step,0

frame,idx,score,alpha,step_norm,z_coarse
1498,0,5.47146,0.65,step,-4
1498,1,7.38085,0.8,step,-3
1498,2,9.6415,0.95,step,-2
1498,3,10.4136,1.1,step,-1
1498,4,10.4818,1.25,step,0

frame,idx,score,alpha,step_norm,z_coarse
1499,0,5.47663,0.65,step,-4
1499,1,7.38715,0.8,step,-3
1499,2,9.65165,0.95,step,-2
1499,3,10.4235,1.1,step,-1
1499,4,10.4891,1.25,step,0

frame,idx,score,alpha,step_norm,z_coarse
1500,0,5.4803,0.65,step,-4
1500,1,7.39003,0.8,step,-3
1500,2,9.65662,0.95,step,-2
1500,3,10.4251,1.1,step,-1
1500,4,10.4865,1.25,step,0

frame,idx,score,alpha,step_norm,z_coarse
1501,0,5.47801,0.65,step,-4
1501,1,7.39152,0.8,step,-3
1501,2,9.65815,0.95,step,-2
1501,3,10.4282,1.1,step,-1
1501,4,10.4931,1.25,step,0

frame,idx,score,alpha,step_norm,z_coarse
1502,0,5.47706,0.65,step,-4
1502,1,7.3855,0.8,step,-3
1502,2,9.65138,0.95,step,-2
1502,3,10.4217,1.1,step,-1
1502,4,10.4881,1.25,step,0

frame,idx,score,alpha,step_norm,z_coarse
1503,0,5.47397,0.65,step,-4
1503,1,7.38163,0.8,step,-3
1503,2,9.64639,0.95,step,-2
1503,3,10.42,1.1,step,-1
1503,4,10.4899,1.25,step,0

frame,idx,score,alpha,step_norm,z_coarse
1504,0,5.478,0.65,step,-4
1504,1,7.38788,0.8,step,-3
1504,2,9.65174,0.95,step,-2
1504,3,10.4248,1.1,step,-1
1504,4,10.493,1.25,step,0

frame,idx,score,alpha,step_norm,z_coarse
1505,0,5.47753,0.65,step,-4
1505,1,7.38636,0.8,step,-3
1505,2,9.65422,0.95,step,-2
1505,3,10.4267,1.1,step,-1
1505,4,10.4936,1.25,step,0

frame,idx,score,alpha,step_norm,z_coarse
1506,0,5.47715,0.65,step,-4
1506,1,7.38772,0.8,step,-3
1506,2,9.65522,0.95,step,-2
1506,3,10.4259,1.1,step,-1
1506,4,10.4895,1.25,step,0

frame,idx,score,alpha,step_norm,z_coarse
1507,0,5.47681,0.65,step,-4
1507,1,7.38694,0.8,step,-3
1507,2,9.65534,0.95,step,-2
1507,3,10.428,1.1,step,-1
1507,4,10.494,1.25,step,0

frame,idx,score,alpha,step_norm,z_coarse
1508,0,5.46847,0.65,step,-4
1508,1,7.37557,0.8,step,-3
1508,2,9.63877,0.95,step,-2
1508,3,10.4147,1.1,step,-1
1508,4,10.486,1.25,step,0

frame,idx,score,alpha,step_norm,z_coarse
1509,0,5.47789,0.65,step,-4
1509,1,7.3885,0.8,step,-3
1509,2,9.65347,0.95,step,-2
1509,3,10.4247,1.1,step,-1
1509,4,10.4911,1.25,step,0

frame,idx,score,alpha,step_norm,z_coarse
1510,0,5.47167,0.65,step,-4
1510,1,7.38079,0.8,step,-3
1510,2,9.6489,0.95,step,-2
1510,3,10.4238,1.1,step,-1
1510,4,10.4923,1.25,step,0

frame,idx,score,alpha,step_norm,z_coarse
1511,0,5.47128,0.65,step,-4
1511,1,7.37752,0.8,step,-3
1511,2,9.6375,0.95,step,-2
1511,3,10.4161,1.1,step,-1
1511,4,10.4926,1.25,step,0

frame,idx,score,alpha,step_norm,z_coarse
1512,0,5.46698,0.65,step,-4
1512,1,7.37392,0.8,step,-3
1512,2,9.63259,0.95,step,-2
1512,3,10.4118,1.1,step,-1
1512,4,10.4904,1.25,step,0

frame,idx,score,alpha,step_norm,z_coarse
1513,0,5.46452,0.65,step,-4
1513,1,7.36877,0.8,step,-3
1513,2,9.63042,0.95,step,-2
1513,3,10.4128,1.1,step,-1
1513,4,10.4926,1.25,step,0

frame,idx,score,alpha,step_norm,z_coarse
1514,0,5.47037,0.65,step,-4
1514,1,7.37847,0.8,step,-3
1514,2,9.63942,0.95,step,-2
1514,3,10.4186,1.1,step,-1
1514,4,10.4951,1.25,step,0

frame,idx,score,alpha,step_norm,z_coarse
1515,0,5.47239,0.65,step,-4
1515,1,7.37971,0.8,step,-3
1515,2,9.64134,0.95,step,-2
1515,3,10.4185,1.1,step,-1
1515,4,10.492,1.25,step,0

frame,idx,score,alpha,step_norm,z_coarse
1516,0,5.46899,0.65,step,-4
1516,1,7.37637,0.8,step,-3
1516,2,9.63856,0.95,step,-2
1516,3,10.4165,1.1,step,-1
1516,4,10.4916,1.25,step,0

frame,idx,score,alpha,step_norm,z_coarse
1517,0,5.46299,0.65,step,-4
1517,1,7.36918,0.8,step,-3
1517,2,9.63051,0.95,step,-2
1517,3,10.4107,1.1,step,-1
1517,4,10.4881,1.25,step,0

frame,idx,score,alpha,step_norm,z_coarse
1518,0,5.4659,0.65,step,-4
1518,1,7.37057,0.8,step,-3
1518,2,9.62933,0.95,step,-2
1518,3,10.4097,1.1,step,-1
1518,4,10.4888,1.25,step,0

frame,idx,score,alpha,step_norm,z_coarse
1519,0,5.46932,0.65,step,-4
1519,1,7.37729,0.8,step,-3
1519,2,9.63398,0.95,step,-2
1519,3,10.4135,1.1,step,-1
1519,4,10.4913,1.25,step,0

frame,idx,score,alpha,step_norm,z_coarse
1520,0,5.46982,0.65,step,-4
1520,1,7.37864,0.8,step,-3
1520,2,9.64207,0.95,step,-2
1520,3,10.419,1.1,step,-1
1520,4,10.4929,1.25,step,0

frame,idx,score,alpha,step_norm,z_coarse
1521,0,5.46705,0.65,step,-4
1521,1,7.37434,0.8,step,-3
1521,2,9.63705,0.95,step,-2
1521,3,10.4118,1.1,step,-1
1521,4,10.4836,1.25,step,0

frame,idx,score,alpha,step_norm,z_coarse
1522,0,5.46795,0.65,step,-4
1522,1,7.37265,0.8,step,-3
1522,2,9.63543,0.95,step,-2
1522,3,10.4167,1.1,step,-1
1522,4,10.494,1.25,step,0

frame,idx,score,alpha,step_norm,z_coarse
1523,0,5.46648,0.65,step,-4
1523,1,7.37176,0.8,step,-3
1523,2,9.63123,0.95,step,-2
1523,3,10.4098,1.1,step,-1
1523,4,10.486,1.25,step,0

frame,idx,score,alpha,step_norm,z_coarse
1524,0,5.46886,0.65,step,-4
1524,1,7.3733,0.8,step,-3
1524,2,9.63301,0.95,step,-2
1524,3,10.4104,1.1,step,-1
1524,4,10.4862,1.25,step,0

frame,idx,score,alpha,step_norm,z_coarse
1525,0,5.47211,0.65,step,-4
1525,1,7.37912,0.8,step,-3
1525,2,9.64336,0.95,step,-2
1525,3,10.4188,1.1,step,-1
1525,4,10.4898,1.25,step,0

frame,idx,score,alpha,step_norm,z_coarse
1526,0,5.47034,0.65,step,-4
1526,1,7.37603,0.8,step,-3
1526,2,9.63932,0.95,step,-2
1526,3,10.4132,1.1,step,-1
1526,4,10.4827,1.25,step,0

frame,idx,score,alpha,step_norm,z_coarse
1527,0,5.47075,0.65,step,-4
1527,1,7.37821,0.8,step,-3
1527,2,9.64345,0.95,step,-2
1527,3,10.4201,1.1,step,-1
1527,4,10.4931,1.25,step,0

frame,idx,score,alpha,step_norm,z_coarse
1528,0,5.47059,0.65,step,-4
1528,1,7.37357,0.8,step,-3
1528,2,9.63338,0.95,step,-2
1528,3,10.4104,1.1,step,-1
1528,4,10.4857,1.25,step,0

frame,idx,score,alpha,step_norm,z_coarse
1529,0,5.46668,0.65,step,-4
1529,1,7.37254,0.8,step,-3
1529,2,9.63431,0.95,step,-2
1529,3,10.4115,1.1,step,-1
1529,4,10.4863,1.25,step,0

frame,idx,score,alpha,step_norm,z_coarse
1530,0,5.47557,0.65,step,-4
1530,1,7.38854,0.8,step,-3
1530,2,9.65344,0.95,step,-2
1530,3,10.4255,1.1,step,-1
1530,4,10.4923,1.25,step,0

frame,idx,score,alpha,step_norm,z_coarse
1531,0,5.47463,0.65,step,-4
1531,1,7.38141,0.8,step,-3
1531,2,9.64673,0.95,step,-2
1531,3,10.4233,1.1,step,-1
1531,4,10.4959,1.25,step,0

frame,idx,score,alpha,step_norm,z_coarse
1532,0,5.47118,0.65,step,-4
1532,1,7.37853,0.8,step,-3
1532,2,9.64097,0.95,step,-2
1532,3,10.4174,1.1,step,-1
1532,4,10.4912,1.25,step,0

frame,idx,score,alpha,step_norm,z_coarse
1533,0,5.47236,0.65,step,-4
1533,1,7.38204,0.8,step,-3
1533,2,9.64531,0.95,step,-2
1533,3,10.4182,1.1,step,-1
1533,4,10.4883,1.25,step,0

frame,idx,score,alpha,step_norm,z_coarse
1534,0,5.47493,0.65,step,-4
1534,1,7.38262,0.8,step,-3
1534,2,9.64604,0.95,step,-2
1534,3,10.4196,1.1,step,-1
1534,4,10.488,1.25,step,0

frame,idx,score,alpha,step_norm,z_coarse
1535,0,5.47536,0.65,step,-4
1535,1,7.3822,0.8,step,-3
1535,2,9.64664,0.95,step,-2
1535,3,10.4238,1.1,step,-1
1535,4,10.497,1.25,step,0

frame,idx,score,alpha,step_norm,z_coarse
1536,0,5.4703,0.65,step,-4
1536,1,7.37648,0.8,step,-3
1536,2,9.63919,0.95,step,-2
1536,3,10.4162,1.1,step,-1
1536,4,10.4892,1.25,step,0

frame,idx,score,alpha,step_norm,z_coarse
1537,0,5.46584,0.65,step,-4
1537,1,7.37386,0.8,step,-3
1537,2,9.63526,0.95,step,-2
1537,3,10.4134,1.1,step,-1
1537,4,10.4886,1.25,step,0

frame,idx,score,alpha,step_norm,z_coarse
1538,0,5.47107,0.65,step,-4
1538,1,7.37805,0.8,step,-3
1538,2,9.64068,0.95,step,-2
1538,3,10.4156,1.1,step,-1
1538,4,10.4864,1.25,step,0

frame,idx,score,alpha,step_norm,z_coarse
1539,0,5.47385,0.65,step,-4
1539,1,7.38248,0.8,step,-3
1539,2,9.64644,0.95,step,-2
1539,3,10.4224,1.1,step,-1
1539,4,10.4934,1.25,step,0

frame,idx,score,alpha,step_norm,z_coarse
1540,0,5.47166,0.65,step,-4
1540,1,7.37787,0.8,step,-3
1540,2,9.64293,0.95,step,-2
1540,3,10.4226,1.1,step,-1
1540,4,10.4971,1.25,step,0

frame,idx,score,alpha,step_norm,z_coarse
1541,0,5.47348,0.65,step,-4
1541,1,7.38399,0.8,step,-3
1541,2,9.65344,0.95,step,-2
1541,3,10.4268,1.1,step,-1
1541,4,10.4948,1.25,step,0

frame,idx,score,alpha,step_norm,z_coarse
1542,0,5.47676,0.65,step,-4
1542,1,7.3877,0.8,step,-3
1542,2,9.65288,0.95,step,-2
1542,3,10.4241,1.1,step,-1
1542,4,10.4905,1.25,step,0

frame,idx,score,alpha,step_norm,z_coarse
1543,0,5.47822,0.65,step,-4
1543,1,7.38713,0.8,step,-3
1543,2,9.65402,0.95,step,-2
1543,3,10.4295,1.1,step,-1
1543,4,10.4969,1.25,step,0

frame,idx,score,alpha,step_norm,z_coarse
1544,0,5.47668,0.65,step,-4
1544,1,7.38883,0.8,step,-3
1544,2,9.65697,0.95,step,-2
1544,3,10.4266,1.1,step,-1
1544,4,10.4899,1.25,step,0

frame,idx,score,alpha,step_norm,z_coarse
1545,0,5.47881,0.65,step,-4
1545,1,7.39111,0.8,step,-3
1545,2,9.66144,0.95,step,-2
1545,3,10.4322,1.1,step,-1
1545,4,10.4944,1.25,step,0

frame,idx,score,alpha,step_norm,z_coarse
1546,0,5.47507,0.65,step,-4
1546,1,7.38407,0.8,step,-3
1546,2,9.64571,0.95,step,-2
1546,3,10.4167,1.1,step,-1
1546,4,10.484,1.25,step,0

frame,idx,score,alpha,step_norm,z_coarse
1547,0,5.47856,0.65,step,-4
1547,1,7.3903,0.8,step,-3
1547,2,9.65687,0.95,step,-2
1547,3,10.4276,1.1,step,-1
1547,4,10.4917,1.25,step,0

frame,idx,score,alpha,step_norm,z_coarse
1548,0,5.47771,0.65,step,-4
1548,1,7.38849,0.8,step,-3
1548,2,9.6575,0.95,step,-2
1548,3,10.4308,1.1,step,-1
1548,4,10.4968,1.25,step,0

frame,idx,score,alpha,step_norm,z_coarse
1549,0,5.4736,0.65,step,-4
1549,1,7.38019,0.8,step,-3
1549,2,9.64629,0.95,step,-2
1549,3,10.4211,1.1,step,-1
1549,4,10.4903,1.25,step,0

frame,idx,score,alpha,step_norm,z_coarse
1550,0,5.47864,0.65,step,-4
1550,1,7.38809,0.8,step,-3
1550,2,9.65547,0.95,step,-2
1550,3,10.4297,1.1,step,-1
1550,4,10.4964,1.25,step,0

frame,idx,score,alpha,step_norm,z_coarse
1551,0,5.47725,0.65,step,-4
1551,1,7.38806,0.8,step,-3
1551,2,9.65265,0.95,step,-2
1551,3,10.4238,1.1,step,-1
1551,4,10.49,1.25,step,0

frame,idx,score,alpha,step_norm,z_coarse
1552,0,5.47531,0.65,step,-4
1552,1,7.38654,0.8,step,-3
1552,2,9.65311,0.95,step,-2
1552,3,10.4253,1.1,step,-1
1552,4,10.4919,1.25,step,0

frame,idx,score,alpha,step_norm,z_coarse
1553,0,5.47761,0.65,step,-4
1553,1,7.38872,0.8,step,-3
1553,2,9.65588,0.95,step,-2
1553,3,10.4286,1.1,step,-1
1553,4,10.4946,1.25,step,0

frame,idx,score,alpha,step_norm,z_coarse
1554,0,5.4736,0.65,step,-4
1554,1,7.38314,0.8,step,-3
1554,2,9.6529,0.95,step,-2
1554,3,10.4278,1.1,step,-1
1554,4,10.4951,1.25,step,0

frame,idx,score,alpha,step_norm,z_coarse
1555,0,5.47665,0.65,step,-4
1555,1,7.38575,0.8,step,-3
1555,2,9.65136,0.95,step,-2
1555,3,10.427,1.1,step,-1
1555,4,10.495,1.25,step,0

frame,idx,score,alpha,step_norm,z_coarse
1556,0,5.47631,0.65,step,-4
1556,1,7.38609,0.8,step,-3
1556,2,9.65339,0.95,step,-2
1556,3,10.4246,1.1,step,-1
1556,4,10.4898,1.25,step,0

frame,idx,score,alpha,step_norm,z_coarse
1557,0,5.47753,0.65,step,-4
1557,1,7.38998,0.8,step,-3
1557,2,9.65708,0.95,step,-2
1557,3,10.4253,1.1,step,-1
1557,4,10.4878,1.25,step,0

frame,idx,score,alpha,step_norm,z_coarse
1558,0,5.479,0.65,step,-4
1558,1,7.39014,0.8,step,-3
1558,2,9.6596,0.95,step,-2
1558,3,10.4316,1.1,step,-1
1558,4,10.4956,1.25,step,0

frame,idx,score,alpha,step_norm,z_coarse
1559,0,5.47217,0.65,step,-4
1559,1,7.38107,0.8,step,-3
1559,2,9.64627,0.95,step,-2
1559,3,10.4211,1.1,step,-1
1559,4,10.4906,1.25,step,0

frame,idx,score,alpha,step_norm,z_coarse
1560,0,5.47173,0.65,step,-4
1560,1,7.38292,0.8,step,-3
1560,2,9.64941,0.95,step,-2
1560,3,10.4236,1.1,step,-1
1560,4,10.4925,1.25,step,0

frame,idx,score,alpha,step_norm,z_coarse
1561,0,5.48132,0.65,step,-4
1561,1,7.38973,0.8,step,-3
1561,2,9.6569,0.95,step,-2
1561,3,10.4298,1.1,step,-1
1561,4,10.4961,1.25,step,0

frame,idx,score,alpha,step_norm,z_coarse
1562,0,5.48187,0.65,step,-4
1562,1,7.39262,0.8,step,-3
1562,2,9.65734,0.95,step,-2
1562,3,10.4262,1.1,step,-1
1562,4,10.4896,1.25,step,0

frame,idx,score,alpha,step_norm,z_coarse
1563,0,5.48005,0.65,step,-4
1563,1,7.39305,0.8,step,-3
1563,2,9.6646,0.95,step,-2
1563,3,10.436,1.1,step,-1
1563,4,10.4974,1.25,step,0

frame,idx,score,alpha,step_norm,z_coarse
1564,0,5.47765,0.65,step,-4
1564,1,7.38695,0.8,step,-3
1564,2,9.65595,0.95,step,-2
1564,3,10.4279,1.1,step,-1
1564,4,10.4922,1.25,step,0

frame,idx,score,alpha,step_norm,z_coarse
1565,0,5.47547,0.65,step,-4
1565,1,7.385,0.8,step,-3
1565,2,9.65077,0.95,step,-2
1565,3,10.4231,1.1,step,-1
1565,4,10.4895,1.25,step,0

frame,idx,score,alpha,step_norm,z_coarse
1566,0,5.48536,0.65,step,-4
1566,1,7.39871,0.8,step,-3
1566,2,9.67093,0.95,step,-2
1566,3,10.4393,1.1,step,-1
1566,4,10.4978,1.25,step,0

frame,idx,score,alpha,step_norm,z_coarse
1567,0,5.48136,0.65,step,-4
1567,1,7.39471,0.8,step,-3
1567,2,9.66714,0.95,step,-2
1567,3,10.4371,1.1,step,-1
1567,4,10.4978,1.25,step,0

frame,idx,score,alpha,step_norm,z_coarse
1568,0,5.48328,0.65,step,-4
1568,1,7.39785,0.8,step,-3
1568,2,9.6721,0.95,step,-2
1568,3,10.4392,1.1,step,-1
1568,4,10.4943,1.25,step,0

frame,idx,score,alpha,step_norm,z_coarse
1569,0,5.48663,0.65,step,-4
1569,1,7.40396,0.8,step,-3
1569,2,9.68102,0.95,step,-2
1569,3,10.4437,1.1,step,-1
1569,4,10.4952,1.25,step,0

frame,idx,score,alpha,step_norm,z_coarse
1570,0,5.48496,0.65,step,-4
1570,1,7.39996,0.8,step,-3
1570,2,9.67155,0.95,step,-2
1570,3,10.437,1.1,step,-1
1570,4,10.4939,1.25,step,0

frame,idx,score,alpha,step_norm,z_coarse
1571,0,5.48272,0.65,step,-4
1571,1,7.39727,0.8,step,-3
1571,2,9.66723,0.95,step,-2
1571,3,10.4337,1.1,step,-1
1571,4,10.4916,1.25,step,0

frame,idx,score,alpha,step_norm,z_coarse
1572,0,5.47876,0.65,step,-4
1572,1,7.39044,0.8,step,-3
1572,2,9.66016,0.95,step,-2
1572,3,10.4296,1.1,step,-1
1572,4,10.4912,1.25,step,0

frame,idx,score,alpha,step_norm,z_coarse
1573,0,5.47895,0.65,step,-4
1573,1,7.39134,0.8,step,-3
1573,2,9.66261,0.95,step,-2
1573,3,10.431,1.1,step,-1
1573,4,10.4914,1.25,step,0

frame,idx,score,alpha,step_norm,z_coarse
1574,0,5.4818,0.65,step,-4
1574,1,7.3975,0.8,step,-3
1574,2,9.67202,0.95,step,-2
1574,3,10.4373,1.1,step,-1
1574,4,10.4918,1.25,step,0

frame,idx,score,alpha,step_norm,z_coarse
1575,0,5.48393,0.65,step,-4
1575,1,7.39952,0.8,step,-3
1575,2,9.6751,0.95,step,-2
1575,3,10.4401,1.1,step,-1
1575,4,10.4944,1.25,step,0

frame,idx,score,alpha,step_norm,z_coarse
1576,0,5.48354,0.65,step,-4
1576,1,7.39647,0.8,step,-3
1576,2,9.6676,0.95,step,-2
1576,3,10.4369,1.1,step,-1
1576,4,10.498,1.25,step,0

frame,idx,score,alpha,step_norm,z_coarse
1577,0,5.48181,0.65,step,-4
1577,1,7.39061,0.8,step,-3
1577,2,9.65776,0.95,step,-2
1577,3,10.4246,1.1,step,-1
1577,4,10.485,1.25,step,0

frame,idx,score,alpha,step_norm,z_coarse
1578,0,5.48533,0.65,step,-4
1578,1,7.40132,0.8,step,-3
1578,2,9.67481,0.95,step,-2
1578,3,10.4396,1.1,step,-1
1578,4,10.4932,1.25,step,0

frame,idx,score,alpha,step_norm,z_coarse
1579,0,5.4875,0.65,step,-4
1579,1,7.40346,0.8,step,-3
1579,2,9.6788,0.95,step,-2
1579,3,10.4434,1.1,step,-1
1579,4,10.4953,1.25,step,0

frame,idx,score,alpha,step_norm,z_coarse
1580,0,5.48197,0.65,step,-4
1580,1,7.39623,0.8,step,-3
1580,2,9.66575,0.95,step,-2
1580,3,10.432,1.1,step,-1
1580,4,10.4899,1.25,step,0

frame,idx,score,alpha,step_norm,z_coarse
1581,0,5.48604,0.65,step,-4
1581,1,7.40402,0.8,step,-3
1581,2,9.67883,0.95,step,-2
1581,3,10.4415,1.1,step,-1
1581,4,10.4928,1.25,step,0

frame,idx,score,alpha,step_norm,z_coarse
1582,0,5.48848,0.65,step,-4
1582,1,7.40535,0.8,step,-3
1582,2,9.68234,0.95,step,-2
1582,3,10.4443,1.1,step,-1
1582,4,10.4948,1.25,step,0

frame,idx,score,alpha,step_norm,z_coarse
1583,0,5.48961,0.65,step,-4
1583,1,7.40719,0.8,step,-3
1583,2,9.68935,0.95,step,-2
1583,3,10.4517,1.1,step,-1
1583,4,10.5023,1.25,step,0

frame,idx,score,alpha,step_norm,z_coarse
1584,0,5.49024,0.65,step,-4
1584,1,7.40785,0.8,step,-3
1584,2,9.68419,0.95,step,-2
1584,3,10.4466,1.1,step,-1
1584,4,10.4945,1.25,step,0

frame,idx,score,alpha,step_norm,z_coarse
1585,0,5.48861,0.65,step,-4
1585,1,7.40444,0.8,step,-3
1585,2,9.68108,0.95,step,-2
1585,3,10.4399,1.1,step,-1
1585,4,10.4872,1.25,step,0

frame,idx,score,alpha,step_norm,z_coarse
1586,0,5.48791,0.65,step,-4
1586,1,7.40505,0.8,step,-3
1586,2,9.68462,0.95,step,-2
1586,3,10.4465,1.1,step,-1
1586,4,10.4959,1.25,step,0

frame,idx,score,alpha,step_norm,z_coarse
1587,0,5.48906,0.65,step,-4
1587,1,7.40463,0.8,step,-3
1587,2,9.67949,0.95,step,-2
1587,3,10.4405,1.1,step,-1
1587,4,10.4905,1.25,step,0

frame,idx,score,alpha,step_norm,z_coarse
1588,0,5.49099,0.65,step,-4
1588,1,7.40703,0.8,step,-3
1588,2,9.68388,0.95,step,-2
1588,3,10.4429,1.1,step,-1
1588,4,10.4901,1.25,step,0

frame,idx,score,alpha,step_norm,z_coarse
1589,0,5.49415,0.65,step,-4
1589,1,7.41374,0.8,step,-3
1589,2,9.69114,0.95,step,-2
1589,3,10.4495,1.1,step,-1
1589,4,10.4936,1.25,step,0

frame,idx,score,alpha,step_norm,z_coarse
1590,0,5.49426,0.65,step,-4
1590,1,7.41341,0.8,step,-3
1590,2,9.69308,0.95,step,-2
1590,3,10.4519,1.1,step,-1
1590,4,10.4957,1.25,step,0

frame,idx,score,alpha,step_norm,z_coarse
1591,0,5.49538,0.65,step,-4
1591,1,7.41637,0.8,step,-3
1591,2,9.69567,0.95,step,-2
1591,3,10.4541,1.1,step,-1
1591,4,10.4983,1.25,step,0

frame,idx,score,alpha,step_norm,z_coarse
1592,0,5.49404,0.65,step,-4
1592,1,7.41224,0.8,step,-3
1592,2,9.691,0.95,step,-2
1592,3,10.4478,1.1,step,-1
1592,4,10.492,1.25,step,0

frame,idx,score,alpha,step_norm,z_coarse
1593,0,5.4902,0.65,step,-4
1593,1,7.41015,0.8,step,-3
1593,2,9.68411,0.95,step,-2
1593,3,10.4407,1.1,step,-1
1593,4,10.4856,1.25,step,0

frame,idx,score,alpha,step_norm,z_coarse
1594,0,5.49862,0.65,step,-4
1594,1,7.41951,0.8,step,-3
1594,2,9.70266,0.95,step,-2
1594,3,10.4579,1.1,step,-1
1594,4,10.4954,1.25,step,0

frame,idx,score,alpha,step_norm,z_coarse
1595,0,5.4935,0.65,step,-4
1595,1,7.4138,0.8,step,-3
1595,2,9.69163,0.95,step,-2
1595,3,10.4496,1.1,step,-1
1595,4,10.4949,1.25,step,0

frame,idx,score,alpha,step_norm,z_coarse
1596,0,5.49637,0.65,step,-4
1596,1,7.41493,0.8,step,-3
1596,2,9.68983,0.95,step,-2
1596,3,10.4468,1.1,step,-1
1596,4,10.4912,1.25,step,0

frame,idx,score,alpha,step_norm,z_coarse
1597,0,5.49587,0.65,step,-4
1597,1,7.41676,0.8,step,-3
1597,2,9.6974,0.95,step,-2
1597,3,10.4524,1.1,step,-1
1597,4,10.4937,1.25,step,0

frame,idx,score,alpha,step_norm,z_coarse
1598,0,5.49399,0.65,step,-4
1598,1,7.41527,0.8,step,-3
1598,2,9.69869,0.95,step,-2
1598,3,10.4553,1.1,step,-1
1598,4,10.4967,1.25,step,0

frame,idx,score,alpha,step_norm,z_coarse
1599,0,5.49247,0.65,step,-4
1599,1,7.41251,0.8,step,-3
1599,2,9.69266,0.95,step,-2
1599,3,10.4509,1.1,step,-1
1599,4,10.4961,1.25,step,0

frame,idx,score,alpha,step_norm,z_coarse
1600,0,5.49551,0.65,step,-4
1600,1,7.41543,0.8,step,-3
1600,2,9.69501,0.95,step,-2
1600,3,10.4543,1.1,step,-1
1600,4,10.4985,1.25,step,0

frame,idx,score,alpha,step_norm,z_coarse
1601,0,5.49559,0.65,step,-4
1601,1,7.41771,0.8,step,-3
1601,2,9.69945,0.95,step,-2
1601,3,10.4553,1.1,step,-1
1601,4,10.4962,1.25,step,0

frame,idx,score,alpha,step_norm,z_coarse
1602,0,5.49278,0.65,step,-4
1602,1,7.41147,0.8,step,-3
1602,2,9.68917,0.95,step,-2
1602,3,10.4475,1.1,step,-1
1602,4,10.4924,1.25,step,0

frame,idx,score,alpha,step_norm,z_coarse
1603,0,5.49367,0.65,step,-4
1603,1,7.41323,0.8,step,-3
1603,2,9.69295,0.95,step,-2
1603,3,10.4493,1.1,step,-1
1603,4,10.4923,1.25,step,0

frame,idx,score,alpha,step_norm,z_coarse
1604,0,5.49572,0.65,step,-4
1604,1,7.41756,0.8,step,-3
1604,2,9.7013,0.95,step,-2
1604,3,10.4538,1.1,step,-1
1604,4,10.491,1.25,step,0

frame,idx,score,alpha,step_norm,z_coarse
1605,0,5.49289,0.65,step,-4
1605,1,7.41139,0.8,step,-3
1605,2,9.69118,0.95,step,-2
1605,3,10.448,1.1,step,-1
1605,4,10.4903,1.25,step,0

frame,idx,score,alpha,step_norm,z_coarse
1606,0,5.49728,0.65,step,-4
1606,1,7.41782,0.8,step,-3
1606,2,9.69905,0.95,step,-2
1606,3,10.4555,1.1,step,-1
1606,4,10.4973,1.25,step,0

frame,idx,score,alpha,step_norm,z_coarse
1607,0,5.50128,0.65,step,-4
1607,1,7.42295,0.8,step,-3
1607,2,9.70559,0.95,step,-2
1607,3,10.4581,1.1,step,-1
1607,4,10.495,1.25,step,0

frame,idx,score,alpha,step_norm,z_coarse
1608,0,5.5016,0.65,step,-4
1608,1,7.42512,0.8,step,-3
1608,2,9.70996,0.95,step,-2
1608,3,10.4627,1.1,step,-1
1608,4,10.4992,1.25,step,0

frame,idx,score,alpha,step_norm,z_coarse
1609,0,5.4957,0.65,step,-4
1609,1,7.41555,0.8,step,-3
1609,2,9.6958,0.95,step,-2
1609,3,10.4531,1.1,step,-1
1609,4,10.4949,1.25,step,0

frame,idx,score,alpha,step_norm,z_coarse
1610,0,5.50106,0.65,step,-4
1610,1,7.42427,0.8,step,-3
1610,2,9.70963,0.95,step,-2
1610,3,10.4601,1.1,step,-1
1610,4,10.4932,1.25,step,0

frame,idx,score,alpha,step_norm,z_coarse
1611,0,5.50188,0.65,step,-4
1611,1,7.42781,0.8,step,-3
1611,2,9.71419,0.95,step,-2
1611,3,10.4654,1.1,step,-1
1611,4,10.4981,1.25,step,0

frame,idx,score,alpha,step_norm,z_coarse
1612,0,5.503,0.65,step,-4
1612,1,7.42637,0.8,step,-3
1612,2,9.71177,0.95,step,-2
1612,3,10.4638,1.1,step,-1
1612,4,10.4992,1.25,step,0

frame,idx,score,alpha,step_norm,z_coarse
1613,0,5.50534,0.65,step,-4
1613,1,7.42875,0.8,step,-3
1613,2,9.71101,0.95,step,-2
1613,3,10.4605,1.1,step,-1
1613,4,10.4934,1.25,step,0

frame,idx,score,alpha,step_norm,z_coarse
1614,0,5.50235,0.65,step,-4
1614,1,7.42478,0.8,step,-3
1614,2,9.70904,0.95,step,-2
1614,3,10.4607,1.1,step,-1
1614,4,10.4944,1.25,step,0

frame,idx,score,alpha,step_norm,z_coarse
1615,0,5.50668,0.65,step,-4
1615,1,7.4302,0.8,step,-3
1615,2,9.71505,0.95,step,-2
1615,3,10.4639,1.1,step,-1
1615,4,10.4955,1.25,step,0

frame,idx,score,alpha,step_norm,z_coarse
1616,0,5.5044,0.65,step,-4
1616,1,7.42993,0.8,step,-3
1616,2,9.71573,0.95,step,-2
1616,3,10.4628,1.1,step,-1
1616,4,10.4917,1.25,step,0

frame,idx,score,alpha,step_norm,z_coarse
1617,0,5.50835,0.65,step,-4
1617,1,7.43793,0.8,step,-3
1617,2,9.72644,0.95,step,-2
1617,3,10.4726,1.1,step,-1
1617,4,10.4997,1.25,step,0

frame,idx,score,alpha,step_norm,z_coarse
1618,0,5.5075,0.65,step,-4
1618,1,7.43289,0.8,step,-3
1618,2,9.72047,0.95,step,-2
1618,3,10.4669,1.1,step,-1
1618,4,10.4948,1.25,step,0

frame,idx,score,alpha,step_norm,z_coarse
1619,0,5.51272,0.65,step,-4
1619,1,7.44534,0.8,step,-3
1619,2,9.73653,0.95,step,-2
1619,3,10.4765,1.1,step,-1
1619,4,10.4959,1.25,step,0

frame,idx,score,alpha,step_norm,z_coarse
1620,0,5.50811,0.65,step,-4
1620,1,7.43563,0.8,step,-3
1620,2,9.72544,0.95,step,-2
1620,3,10.4698,1.1,step,-1
1620,4,10.494,1.25,step,0

frame,idx,score,alpha,step_norm,z_coarse
1621,0,5.51249,0.65,step,-4
1621,1,7.44099,0.8,step,-3
1621,2,9.73236,0.95,step,-2
1621,3,10.4729,1.1,step,-1
1621,4,10.4936,1.25,step,0

frame,idx,score,alpha,step_norm,z_coarse
1622,0,5.5134,0.65,step,-4
1622,1,7.43963,0.8,step,-3
1622,2,9.72405,0.95,step,-2
1622,3,10.4655,1.1,step,-1
1622,4,10.4897,1.25,step,0

frame,idx,score,alpha,step_norm,z_coarse
1623,0,5.51595,0.65,step,-4
1623,1,7.44717,0.8,step,-3
1623,2,9.7379,0.95,step,-2
1623,3,10.4771,1.1,step,-1
1623,4,10.496,1.25,step,0

frame,idx,score,alpha,step_norm,z_coarse
1624,0,5.514,0.65,step,-4
1624,1,7.44045,0.8,step,-3
1624,2,9.73026,0.95,step,-2
1624,3,10.4717,1.1,step,-1
1624,4,10.4935,1.25,step,0

frame,idx,score,alpha,step_norm,z_coarse
1625,0,5.50717,0.65,step,-4
1625,1,7.43288,0.8,step,-3
1625,2,9.7233,0.95,step,-2
1625,3,10.4683,1.1,step,-1
1625,4,10.4936,1.25,step,0

frame,idx,score,alpha,step_norm,z_coarse
1626,0,5.511,0.65,step,-4
1626,1,7.43843,0.8,step,-3
1626,2,9.72535,0.95,step,-2
1626,3,10.4677,1.1,step,-1
1626,4,10.4911,1.25,step,0

frame,idx,score,alpha,step_norm,z_coarse
1627,0,5.51132,0.65,step,-4
1627,1,7.43968,0.8,step,-3
1627,2,9.73178,0.95,step,-2
1627,3,10.4759,1.1,step,-1
1627,4,10.4981,1.25,step,0

frame,idx,score,alpha,step_norm,z_coarse
1628,0,5.51335,0.65,step,-4
1628,1,7.44317,0.8,step,-3
1628,2,9.73634,0.95,step,-2
1628,3,10.477,1.1,step,-1
1628,4,10.494,1.25,step,0

frame,idx,score,alpha,step_norm,z_coarse
1629,0,5.51558,0.65,step,-4
1629,1,7.44775,0.8,step,-3
1629,2,9.74141,0.95,step,-2
1629,3,10.4798,1.1,step,-1
1629,4,10.4954,1.25,step,0

frame,idx,score,alpha,step_norm,z_coarse
1630,0,5.51229,0.65,step,-4
1630,1,7.44334,0.8,step,-3
1630,2,9.73537,0.95,step,-2
1630,3,10.4761,1.1,step,-1
1630,4,10.4959,1.25,step,0

frame,idx,score,alpha,step_norm,z_coarse
1631,0,5.5199,0.65,step,-4
1631,1,7.45468,0.8,step,-3
1631,2,9.75465,0.95,step,-2
1631,3,10.4899,1.1,step,-1
1631,4,10.5008,1.25,step,0

frame,idx,score,alpha,step_norm,z_coarse
1632,0,5.51789,0.65,step,-4
1632,1,7.44816,0.8,step,-3
1632,2,9.74065,0.95,step,-2
1632,3,10.4777,1.1,step,-1
1632,4,10.4925,1.25,step,0

frame,idx,score,alpha,step_norm,z_coarse
1633,0,5.52052,0.65,step,-4
1633,1,7.45289,0.8,step,-3
1633,2,9.75146,0.95,step,-2
1633,3,10.4861,1.1,step,-1
1633,4,10.4947,1.25,step,0

frame,idx,score,alpha,step_norm,z_coarse
1634,0,5.52525,0.65,step,-4
1634,1,7.46064,0.8,step,-3
1634,2,9.75844,0.95,step,-2
1634,3,10.4926,1.1,step,-1
1634,4,10.5015,1.25,step,0

frame,idx,score,alpha,step_norm,z_coarse
1635,0,5.52365,0.65,step,-4
1635,1,7.45647,0.8,step,-3
1635,2,9.75516,0.95,step,-2
1635,3,10.4894,1.1,step,-1
1635,4,10.4983,1.25,step,0

frame,idx,score,alpha,step_norm,z_coarse
1636,0,5.52251,0.65,step,-4
1636,1,7.45868,0.8,step,-3
1636,2,9.75561,0.95,step,-2
1636,3,10.4876,1.1,step,-1
1636,4,10.4959,1.25,step,0

frame,idx,score,alpha,step_norm,z_coarse
1637,0,5.51835,0.65,step,-4
1637,1,7.45068,0.8,step,-3
1637,2,9.74491,0.95,step,-2
1637,3,10.4796,1.1,step,-1
1637,4,10.4912,1.25,step,0

frame,idx,score,alpha,step_norm,z_coarse
1638,0,5.52034,0.65,step,-4
1638,1,7.45163,0.8,step,-3
1638,2,9.74709,0.95,step,-2
1638,3,10.4826,1.1,step,-1
1638,4,10.495,1.25,step,0

frame,idx,score,alpha,step_norm,z_coarse
1639,0,5.51894,0.65,step,-4
1639,1,7.45121,0.8,step,-3
1639,2,9.74916,0.95,step,-2
1639,3,10.4837,1.1,step,-1
1639,4,10.4943,1.25,step,0

frame,idx,score,alpha,step_norm,z_coarse
1640,0,5.52576,0.65,step,-4
1640,1,7.46056,0.8,step,-3
1640,2,9.75619,0.95,step,-2
1640,3,10.4871,1.1,step,-1
1640,4,10.4933,1.25,step,0

frame,idx,score,alpha,step_norm,z_coarse
1641,0,5.52171,0.65,step,-4
1641,1,7.45648,0.8,step,-3
1641,2,9.75221,0.95,step,-2
1641,3,10.4824,1.1,step,-1
1641,4,10.4896,1.25,step,0

frame,idx,score,alpha,step_norm,z_coarse
1642,0,5.52995,0.65,step,-4
1642,1,7.46622,0.8,step,-3
1642,2,9.76697,0.95,step,-2
1642,3,10.4929,1.1,step,-1
1642,4,10.4932,1.25,step,0

frame,idx,score,alpha,step_norm,z_coarse
1643,0,5.52337,0.65,step,-4
1643,1,7.45852,0.8,step,-3
1643,2,9.75889,0.95,step,-2
1643,3,10.4918,1.1,step,-1
1643,4,10.4978,1.25,step,0

frame,idx,score,alpha,step_norm,z_coarse
1644,0,5.52202,0.65,step,-4
1644,1,7.45709,0.8,step,-3
1644,2,9.75658,0.95,step,-2
1644,3,10.491,1.1,step,-1
1644,4,10.5,1.25,step,0

frame,idx,score,alpha,step_norm,z_coarse
1645,0,5.53531,0.65,step,-3
1645,1,7.47586,0.8,step,-2
1645,2,9.78292,0.95,step,-1
1645,3,10.5075,1.1,step,0
1645,4,10.5013,1.25,step,1

frame,idx,score,alpha,step_norm,z_coarse
1646,0,5.53222,0.65,step,-3
1646,1,7.47129,0.8,step,-2
1646,2,9.771,0.95,step,-1
1646,3,10.4957,1.1,step,0
1646,4,10.4939,1.25,step,1

frame,idx,score,alpha,step_norm,z_coarse
1647,0,5.52894,0.65,step,-3
1647,1,7.4664,0.8,step,-2
1647,2,9.76589,0.95,step,-1
1647,3,10.4917,1.1,step,0
1647,4,10.4914,1.25,step,1

frame,idx,score,alpha,step_norm,z_coarse
1648,0,5.54087,0.65,step,-3
1648,1,7.48441,0.8,step,-2
1648,2,9.79535,0.95,step,-1
1648,3,10.5163,1.1,step,0
1648,4,10.5048,1.25,step,1

frame,idx,score,alpha,step_norm,z_coarse
1649,0,5.53363,0.65,step,-3
1649,1,7.4736,0.8,step,-2
1649,2,9.77736,0.95,step,-1
1649,3,10.5031,1.1,step,0
1649,4,10.4997,1.25,step,1

frame,idx,score,alpha,step_norm,z_coarse
1650,0,5.53138,0.65,step,-4
1650,1,7.46815,0.8,step,-3
1650,2,9.76864,0.95,step,-2
1650,3,10.4964,1.1,step,-1
1650,4,10.4981,1.25,step,0

frame,idx,score,alpha,step_norm,z_coarse
1651,0,5.52879,0.65,step,-3
1651,1,7.46808,0.8,step,-2
1651,2,9.77075,0.95,step,-1
1651,3,10.4966,1.1,step,0
1651,4,10.4942,1.25,step,1

frame,idx,score,alpha,step_norm,z_coarse
1652,0,5.53278,0.65,step,-3
1652,1,7.47115,0.8,step,-2
1652,2,9.77603,0.95,step,-1
1652,3,10.502,1.1,step,0
1652,4,10.498,1.25,step,1

frame,idx,score,alpha,step_norm,z_coarse
1653,0,5.53857,0.65,step,-3
1653,1,7.47805,0.8,step,-2
1653,2,9.78378,0.95,step,-1
1653,3,10.5049,1.1,step,0
1653,4,10.4964,1.25,step,1

frame,idx,score,alpha,step_norm,z_coarse
1654,0,5.53378,0.65,step,-3
1654,1,7.47303,0.8,step,-2
1654,2,9.77837,0.95,step,-1
1654,3,10.5033,1.1,step,0
1654,4,10.4983,1.25,step,1

frame,idx,score,alpha,step_norm,z_coarse
1655,0,5.52943,0.65,step,-4
1655,1,7.46456,0.8,step,-3
1655,2,9.76524,0.95,step,-2
1655,3,10.4925,1.1,step,-1
1655,4,10.4937,1.25,step,0

frame,idx,score,alpha,step_norm,z_coarse
1656,0,5.52391,0.65,step,-4
1656,1,7.45882,0.8,step,-3
1656,2,9.75871,0.95,step,-2
1656,3,10.49,1.1,step,-1
1656,4,10.4956,1.25,step,0

frame,idx,score,alpha,step_norm,z_coarse
1657,0,5.53335,0.65,step,-3
1657,1,7.47187,0.8,step,-2
1657,2,9.77531,0.95,step,-1
1657,3,10.5027,1.1,step,0
1657,4,10.5021,1.25,step,1

frame,idx,score,alpha,step_norm,z_coarse
1658,0,5.52487,0.65,step,-4
1658,1,7.45955,0.8,step,-3
1658,2,9.75878,0.95,step,-2
1658,3,10.489,1.1,step,-1
1658,4,10.4948,1.25,step,0

frame,idx,score,alpha,step_norm,z_coarse
1659,0,5.52643,0.65,step,-4
1659,1,7.46065,0.8,step,-3
1659,2,9.7573,0.95,step,-2
1659,3,10.4905,1.1,step,-1
1659,4,10.4997,1.25,step,0

frame,idx,score,alpha,step_norm,z_coarse
1660,0,5.52651,0.65,step,-4
1660,1,7.46209,0.8,step,-3
1660,2,9.76082,0.95,step,-2
1660,3,10.4912,1.1,step,-1
1660,4,10.4945,1.25,step,0

frame,idx,score,alpha,step_norm,z_coarse
1661,0,5.5284,0.65,step,-4
1661,1,7.46372,0.8,step,-3
1661,2,9.76429,0.95,step,-2
1661,3,10.493,1.1,step,-1
1661,4,10.4959,1.25,step,0

frame,idx,score,alpha,step_norm,z_coarse
1662,0,5.5275,0.65,step,-4
1662,1,7.46274,0.8,step,-3
1662,2,9.76313,0.95,step,-2
1662,3,10.4959,1.1,step,-1
1662,4,10.5022,1.25,step,0

frame,idx,score,alpha,step_norm,z_coarse
1663,0,5.5272,0.65,step,-4
1663,1,7.46218,0.8,step,-3
1663,2,9.76184,0.95,step,-2
1663,3,10.4899,1.1,step,-1
1663,4,10.492,1.25,step,0

frame,idx,score,alpha,step_norm,z_coarse
1664,0,5.53372,0.65,step,-3
1664,1,7.46971,0.8,step,-2
1664,2,9.77416,0.95,step,-1
1664,3,10.5006,1.1,step,0
1664,4,10.499,1.25,step,1

frame,idx,score,alpha,step_norm,z_coarse
1665,0,5.53233,0.65,step,-3
1665,1,7.46902,0.8,step,-2
1665,2,9.76925,0.95,step,-1
1665,3,10.4962,1.1,step,0
1665,4,10.4956,1.25,step,1

frame,idx,score,alpha,step_norm,z_coarse
1666,0,5.52452,0.65,step,-4
1666,1,7.45947,0.8,step,-3
1666,2,9.76116,0.95,step,-2
1666,3,10.4921,1.1,step,-1
1666,4,10.496,1.25,step,0

frame,idx,score,alpha,step_norm,z_coarse
1667,0,5.52308,0.65,step,-4
1667,1,7.45616,0.8,step,-3
1667,2,9.75701,0.95,step,-2
1667,3,10.4896,1.1,step,-1
1667,4,10.4974,1.25,step,0

frame,idx,score,alpha,step_norm,z_coarse
1668,0,5.52632,0.65,step,-4
1668,1,7.46109,0.8,step,-3
1668,2,9.76215,0.95,step,-2
1668,3,10.4926,1.1,step,-1
1668,4,10.4969,1.25,step,0

frame,idx,score,alpha,step_norm,z_coarse
1669,0,5.52849,0.65,step,-4
1669,1,7.46565,0.8,step,-3
1669,2,9.76666,0.95,step,-2
1669,3,10.4953,1.1,step,-1
1669,4,10.4977,1.25,step,0

frame,idx,score,alpha,step_norm,z_coarse
1670,0,5.5315,0.65,step,-4
1670,1,7.47066,0.8,step,-3
1670,2,9.77295,0.95,step,-2
1670,3,10.5007,1.1,step,-1
1670,4,10.5016,1.25,step,0

frame,idx,score,alpha,step_norm,z_coarse
1671,0,5.5277,0.65,step,-4
1671,1,7.46316,0.8,step,-3
1671,2,9.76094,0.95,step,-2
1671,3,10.4902,1.1,step,-1
1671,4,10.4943,1.25,step,0

frame,idx,score,alpha,step_norm,z_coarse
1672,0,5.53294,0.65,step,-4
1672,1,7.47091,0.8,step,-3
1672,2,9.77072,0.95,step,-2
1672,3,10.4965,1.1,step,-1
1672,4,10.4967,1.25,step,0

frame,idx,score,alpha,step_norm,z_coarse
1673,0,5.53184,0.65,step,-4
1673,1,7.46732,0.8,step,-3
1673,2,9.76719,0.95,step,-2
1673,3,10.4945,1.1,step,-1
1673,4,10.4959,1.25,step,0

frame,idx,score,alpha,step_norm,z_coarse
1674,0,5.53188,0.65,step,-4
1674,1,7.46784,0.8,step,-3
1674,2,9.76628,0.95,step,-2
1674,3,10.4945,1.1,step,-1
1674,4,10.4979,1.25,step,0

frame,idx,score,alpha,step_norm,z_coarse
1675,0,5.52892,0.65,step,-4
1675,1,7.46473,0.8,step,-3
1675,2,9.76066,0.95,step,-2
1675,3,10.4891,1.1,step,-1
1675,4,10.4927,1.25,step,0

frame,idx,score,alpha,step_norm,z_coarse
1676,0,5.53673,0.65,step,-3
1676,1,7.47857,0.8,step,-2
1676,2,9.78674,0.95,step,-1
1676,3,10.5105,1.1,step,0
1676,4,10.5027,1.25,step,1

frame,idx,score,alpha,step_norm,z_coarse
1677,0,5.52843,0.65,step,-4
1677,1,7.46487,0.8,step,-3
1677,2,9.76399,0.95,step,-2
1677,3,10.494,1.1,step,-1
1677,4,10.499,1.25,step,0

frame,idx,score,alpha,step_norm,z_coarse
1678,0,5.53309,0.65,step,-4
1678,1,7.46823,0.8,step,-3
1678,2,9.77118,0.95,step,-2
1678,3,10.499,1.1,step,-1
1678,4,10.4992,1.25,step,0

frame,idx,score,alpha,step_norm,z_coarse
1679,0,5.52906,0.65,step,-4
1679,1,7.46345,0.8,step,-3
1679,2,9.76375,0.95,step,-2
1679,3,10.4946,1.1,step,-1
1679,4,10.4991,1.25,step,0

frame,idx,score,alpha,step_norm,z_coarse
1680,0,5.53211,0.65,step,-3
1680,1,7.47302,0.8,step,-2
1680,2,9.77286,0.95,step,-1
1680,3,10.4988,1.1,step,0
1680,4,10.4974,1.25,step,1

frame,idx,score,alpha,step_norm,z_coarse
1681,0,5.52812,0.65,step,-4
1681,1,7.46239,0.8,step,-3
1681,2,9.75957,0.95,step,-2
1681,3,10.4902,1.1,step,-1
1681,4,10.4968,1.25,step,0

frame,idx,score,alpha,step_norm,z_coarse
1682,0,5.53002,0.65,step,-4
1682,1,7.46407,0.8,step,-3
1682,2,9.76417,0.95,step,-2
1682,3,10.4945,1.1,step,-1
1682,4,10.4968,1.25,step,0

frame,idx,score,alpha,step_norm,z_coarse
1683,0,5.53536,0.65,step,-3
1683,1,7.47432,0.8,step,-2
1683,2,9.77535,0.95,step,-1
1683,3,10.4991,1.1,step,0
1683,4,10.4961,1.25,step,1

frame,idx,score,alpha,step_norm,z_coarse
1684,0,5.5279,0.65,step,-4
1684,1,7.46296,0.8,step,-3
1684,2,9.76305,0.95,step,-2
1684,3,10.4918,1.1,step,-1
1684,4,10.4945,1.25,step,0

frame,idx,score,alpha,step_norm,z_coarse
1685,0,5.53366,0.65,step,-3
1685,1,7.47302,0.8,step,-2
1685,2,9.78158,0.95,step,-1
1685,3,10.5073,1.1,step,0
1685,4,10.5033,1.25,step,1

frame,idx,score,alpha,step_norm,z_coarse
1686,0,5.53748,0.65,step,-3
1686,1,7.47692,0.8,step,-2
1686,2,9.77974,0.95,step,-1
1686,3,10.5043,1.1,step,0
1686,4,10.4989,1.25,step,1

frame,idx,score,alpha,step_norm,z_coarse
1687,0,5.53803,0.65,step,-3
1687,1,7.47944,0.8,step,-2
1687,2,9.78548,0.95,step,-1
1687,3,10.5075,1.1,step,0
1687,4,10.4996,1.25,step,1

frame,idx,score,alpha,step_norm,z_coarse
1688,0,5.54002,0.65,step,-3
1688,1,7.4837,0.8,step,-2
1688,2,9.79271,0.95,step,-1
1688,3,10.5117,1.1,step,0
1688,4,10.5005,1.25,step,1

frame,idx,score,alpha,step_norm,z_coarse
1689,0,5.53706,0.65,step,-3
1689,1,7.48271,0.8,step,-2
1689,2,9.78998,0.95,step,-1
1689,3,10.5086,1.1,step,0
1689,4,10.4965,1.25,step,1

frame,idx,score,alpha,step_norm,z_coarse
1690,0,5.53691,0.65,step,-3
1690,1,7.47939,0.8,step,-2
1690,2,9.78746,0.95,step,-1
1690,3,10.5086,1.1,step,0
1690,4,10.4995,1.25,step,1

frame,idx,score,alpha,step_norm,z_coarse
1691,0,5.53697,0.65,step,-3
1691,1,7.48044,0.8,step,-2
1691,2,9.78987,0.95,step,-1
1691,3,10.5084,1.1,step,0
1691,4,10.4968,1.25,step,1

frame,idx,score,alpha,step_norm,z_coarse
1692,0,5.52981,0.65,step,-3
1692,1,7.46988,0.8,step,-2
1692,2,9.77197,0.95,step,-1
1692,3,10.4954,1.1,step,0
1692,4,10.4911,1.25,step,1

frame,idx,score,alpha,step_norm,z_coarse
1693,0,5.54256,0.65,step,-3
1693,1,7.48684,0.8,step,-2
1693,2,9.79464,0.95,step,-1
1693,3,10.5119,1.1,step,0
1693,4,10.4987,1.25,step,1

frame,idx,score,alpha,step_norm,z_coarse
1694,0,5.54454,0.65,step,-3
1694,1,7.48825,0.8,step,-2
1694,2,9.8,0.95,step,-1
1694,3,10.5161,1.1,step,0
1694,4,10.4982,1.25,step,1

frame,idx,score,alpha,step_norm,z_coarse
1695,0,5.54346,0.65,step,-3
1695,1,7.49079,0.8,step,-2
1695,2,9.80642,0.95,step,-1
1695,3,10.5195,1.1,step,0
1695,4,10.4998,1.25,step,1

frame,idx,score,alpha,step_norm,z_coarse
1696,0,5.54329,0.65,step,-3
1696,1,7.4887,0.8,step,-2
1696,2,9.80122,0.95,step,-1
1696,3,10.5171,1.1,step,0
1696,4,10.5001,1.25,step,1

frame,idx,score,alpha,step_norm,z_coarse
1697,0,5.53883,0.65,step,-3
1697,1,7.47738,0.8,step,-2
1697,2,9.78276,0.95,step,-1
1697,3,10.5051,1.1,step,0
1697,4,10.4978,1.25,step,1

frame,idx,score,alpha,step_norm,z_coarse
1698,0,5.54405,0.65,step,-3
1698,1,7.48844,0.8,step,-2
1698,2,9.79887,0.95,step,-1
1698,3,10.5156,1.1,step,0
1698,4,10.5014,1.25,step,1

frame,idx,score,alpha,step_norm,z_coarse
1699,0,5.53922,0.65,step,-3
1699,1,7.48425,0.8,step,-2
1699,2,9.79372,0.95,step,-1
1699,3,10.5102,1.1,step,0
1699,4,10.4956,1.25,step,1

frame,idx,score,alpha,step_norm,z_coarse
1700,0,5.53884,0.65,step,-3
1700,1,7.48298,0.8,step,-2
1700,2,9.791,0.95,step,-1
1700,3,10.5102,1.1,step,0
1700,4,10.4991,1.25,step,1

frame,idx,score,alpha,step_norm,z_coarse
1701,0,5.53615,0.65,step,-3
1701,1,7.48016,0.8,step,-2
1701,2,9.78654,0.95,step,-1
1701,3,10.5079,1.1,step,0
1701,4,10.4983,1.25,step,1

frame,idx,score,alpha,step_norm,z_coarse
1702,0,5.54299,0.65,step,-3
1702,1,7.48895,0.8,step,-2
1702,2,9.80234,0.95,step,-1
1702,3,10.5138,1.1,step,0
1702,4,10.4935,1.25,step,1

frame,idx,score,alpha,step_norm,z_coarse
1703,0,5.54324,0.65,step,-3
1703,1,7.48519,0.8,step,-2
1703,2,9.79429,0.95,step,-1
1703,3,10.5108,1.1,step,0
1703,4,10.4964,1.25,step,1

frame,idx,score,alpha,step_norm,z_coarse
1704,0,5.53868,0.65,step,-3
1704,1,7.481,0.8,step,-2
1704,2,9.79115,0.95,step,-1
1704,3,10.5092,1.1,step,0
1704,4,10.4968,1.25,step,1

frame,idx,score,alpha,step_norm,z_coarse
1705,0,5.54139,0.65,step,-3
1705,1,7.48568,0.8,step,-2
1705,2,9.79149,0.95,step,-1
1705,3,10.5109,1.1,step,0
1705,4,10.4996,1.25,step,1

frame,idx,score,alpha,step_norm,z_coarse
1706,0,5.54749,0.65,step,-3
1706,1,7.49159,0.8,step,-2
1706,2,9.80213,0.95,step,-1
1706,3,10.5159,1.1,step,0
1706,4,10.4968,1.25,step,1

frame,idx,score,alpha,step_norm,z_coarse
1707,0,5.54505,0.65,step,-3
1707,1,7.49341,0.8,step,-2
1707,2,9.8094,0.95,step,-1
1707,3,10.5196,1.1,step,0
1707,4,10.4962,1.25,step,1

frame,idx,score,alpha,step_norm,z_coarse
1708,0,5.54282,0.65,step,-3
1708,1,7.48675,0.8,step,-2
1708,2,9.79803,0.95,step,-1
1708,3,10.5139,1.1,step,0
1708,4,10.4974,1.25,step,1

frame,idx,score,alpha,step_norm,z_coarse
1709,0,5.54171,0.65,step,-3
1709,1,7.48384,0.8,step,-2
1709,2,9.79251,0.95,step,-1
1709,3,10.5097,1.1,step,0
1709,4,10.4948,1.25,step,1

frame,idx,score,alpha,step_norm,z_coarse
1710,0,5.54308,0.65,step,-3
1710,1,7.48782,0.8,step,-2
1710,2,9.7993,0.95,step,-1
1710,3,10.517,1.1,step,0
1710,4,10.5023,1.25,step,1

frame,idx,score,alpha,step_norm,z_coarse
1711,0,5.54542,0.65,step,-3
1711,1,7.48975,0.8,step,-2
1711,2,9.80198,0.95,step,-1
1711,3,10.5177,1.1,step,0
1711,4,10.5005,1.25,step,1

frame,idx,score,alpha,step_norm,z_coarse
1712,0,5.54335,0.65,step,-3
1712,1,7.49225,0.8,step,-2
1712,2,9.80398,0.95,step,-1
1712,3,10.5147,1.1,step,0
1712,4,10.4928,1.25,step,1

frame,idx,score,alpha,step_norm,z_coarse
1713,0,5.5466,0.65,step,-3
1713,1,7.49337,0.8,step,-2
1713,2,9.80498,0.95,step,-1
1713,3,10.5183,1.1,step,0
1713,4,10.5008,1.25,step,1

frame,idx,score,alpha,step_norm,z_coarse
1714,0,5.5401,0.65,step,-3
1714,1,7.48237,0.8,step,-2
1714,2,9.79328,0.95,step,-1
1714,3,10.5133,1.1,step,0
1714,4,10.4996,1.25,step,1

frame,idx,score,alpha,step_norm,z_coarse
1715,0,5.5487,0.65,step,-3
1715,1,7.49691,0.8,step,-2
1715,2,9.8083,0.95,step,-1
1715,3,10.5207,1.1,step,0
1715,4,10.4994,1.25,step,1

frame,idx,score,alpha,step_norm,z_coarse
1716,0,5.54636,0.65,step,-3
1716,1,7.49354,0.8,step,-2
1716,2,9.80489,0.95,step,-1
1716,3,10.5156,1.1,step,0
1716,4,10.4936,1.25,step,1

frame,idx,score,alpha,step_norm,z_coarse
1717,0,5.54456,0.65,step,-3
1717,1,7.48799,0.8,step,-2
1717,2,9.80065,0.95,step,-1
1717,3,10.514,1.1,step,0
1717,4,10.4935,1.25,step,1

frame,idx,score,alpha,step_norm,z_coarse
1718,0,5.54579,0.65,step,-3
1718,1,7.48809,0.8,step,-2
1718,2,9.79801,0.95,step,-1
1718,3,10.5149,1.1,step,0
1718,4,10.499,1.25,step,1

frame,idx,score,alpha,step_norm,z_coarse
1719,0,5.5309,0.65,step,-3
1719,1,7.46895,0.8,step,-2
1719,2,9.76951,0.95,step,-1
1719,3,10.4956,1.1,step,0
1719,4,10.4937,1.25,step,1

frame,idx,score,alpha,step_norm,z_coarse
1720,0,5.53287,0.65,step,-4
1720,1,7.46914,0.8,step,-3
1720,2,9.77279,0.95,step,-2
1720,3,10.4998,1.1,step,-1
1720,4,10.5001,1.25,step,0

frame,idx,score,alpha,step_norm,z_coarse
1721,0,5.53174,0.65,step,-4
1721,1,7.46949,0.8,step,-3
1721,2,9.76992,0.95,step,-2
1721,3,10.4952,1.1,step,-1
1721,4,10.4953,1.25,step,0

frame,idx,score,alpha,step_norm,z_coarse
1722,0,5.52999,0.65,step,-4
1722,1,7.46765,0.8,step,-3
1722,2,9.77273,0.95,step,-2
1722,3,10.5029,1.1,step,-1
1722,4,10.5045,1.25,step,0

frame,idx,score,alpha,step_norm,z_coarse
1723,0,5.51595,0.65,step,-4
1723,1,7.44165,0.8,step,-3
1723,2,9.73392,0.95,step,-2
1723,3,10.4794,1.1,step,-1
1723,4,10.5032,1.25,step,0

frame,idx,score,alpha,step_norm,z_coarse
1724,0,5.50484,0.65,step,-4
1724,1,7.42602,0.8,step,-3
1724,2,9.70744,0.95,step,-2
1724,3,10.4576,1.1,step,-1
1724,4,10.4914,1.25,step,0

frame,idx,score,alpha,step_norm,z_coarse
1725,0,5.50481,0.65,step,-4
1725,1,7.42453,0.8,step,-3
1725,2,9.70715,0.95,step,-2
1725,3,10.4595,1.1,step,-1
1725,4,10.4966,1.25,step,0

frame,idx,score,alpha,step_norm,z_coarse
1726,0,5.50181,0.65,step,-4
1726,1,7.42273,0.8,step,-3
1726,2,9.70467,0.95,step,-2
1726,3,10.4614,1.1,step,-1
1726,4,10.5035,1.25,step,0

frame,idx,score,alpha,step_norm,z_coarse
1727,0,5.49397,0.65,step,-4
1727,1,7.41173,0.8,step,-3
1727,2,9.68674,0.95,step,-2
1727,3,10.4504,1.1,step,-1
1727,4,10.5026,1.25,step,0

frame,idx,score,alpha,step_norm,z_coarse
1728,0,5.48275,0.65,step,-4
1728,1,7.39034,0.8,step,-3
1728,2,9.65963,0.95,step,-2
1728,3,10.4342,1.1,step,-1
1728,4,10.5017,1.25,step,0

frame,idx,score,alpha,step_norm,z_coarse
1729,0,5.47115,0.65,step,-4
1729,1,7.3744,0.8,step,-3
1729,2,9.63278,0.95,step,-2
1729,3,10.416,1.1,step,-1
1729,4,10.4987,1.25,step,0

frame,idx,score,alpha,step_norm,z_coarse
1730,0,5.4686,0.65,step,-4
1730,1,7.37025,0.8,step,-3
1730,2,9.62859,0.95,step,-2
1730,3,10.4149,1.1,step,-1
1730,4,10.5005,1.25,step,0

frame,idx,score,alpha,step_norm,z_coarse
1731,0,5.46544,0.65,step,-4
1731,1,7.3663,0.8,step,-3
1731,2,9.62151,0.95,step,-2
1731,3,10.41,1.1,step,-1
1731,4,10.5,1.25,step,0

frame,idx,score,alpha,step_norm,z_coarse
1732,0,5.45699,0.65,step,-4
1732,1,7.3519,0.8,step,-3
1732,2,9.5955,0.95,step,-2
1732,3,10.3945,1.1,step,-1
1732,4,10.5014,1.25,step,0

frame,idx,score,alpha,step_norm,z_coarse
1733,0,5.45022,0.65,step,-4
1733,1,7.34068,0.8,step,-3
1733,2,9.58395,0.95,step,-2
1733,3,10.3874,1.1,step,-1
1733,4,10.4996,1.25,step,0

frame,idx,score,alpha,step_norm,z_coarse
1734,0,5.4425,0.65,step,-4
1734,1,7.33022,0.8,step,-3
1734,2,9.56782,0.95,step,-2
1734,3,10.3761,1.1,step,-1
1734,4,10.4972,1.25,step,0

frame,idx,score,alpha,step_norm,z_coarse
1735,0,5.43945,0.65,step,-4
1735,1,7.32393,0.8,step,-3
1735,2,9.55826,0.95,step,-2
1735,3,10.3699,1.1,step,-1
1735,4,10.4961,1.25,step,0

frame,idx,score,alpha,step_norm,z_coarse
1736,0,5.43615,0.65,step,-4
1736,1,7.32049,0.8,step,-3
1736,2,9.55387,0.95,step,-2
1736,3,10.3695,1.1,step,-1
1736,4,10.5018,1.25,step,0

frame,idx,score,alpha,step_norm,z_coarse
1737,0,5.4287,0.65,step,-4
1737,1,7.30423,0.8,step,-3
1737,2,9.52725,0.95,step,-2
1737,3,10.3531,1.1,step,-1
1737,4,10.5014,1.25,step,0

frame,idx,score,alpha,step_norm,z_coarse
1738,0,5.40762,0.65,step,-4
1738,1,7.27761,0.8,step,-3
1738,2,9.49224,0.95,step,-2
1738,3,10.3334,1.1,step,-1
1738,4,10.5051,1.25,step,0

frame,idx,score,alpha,step_norm,z_coarse
1739,0,5.40439,0.65,step,-4
1739,1,7.2685,0.8,step,-3
1739,2,9.47599,0.95,step,-2
1739,3,10.3194,1.1,step,-1
1739,4,10.4967,1.25,step,0

frame,idx,score,alpha,step_norm,z_coarse
1740,0,5.39755,0.65,step,-4
1740,1,7.26143,0.8,step,-3
1740,2,9.4653,0.95,step,-2
1740,3,10.3179,1.1,step,-1
1740,4,10.5061,1.25,step,0

frame,idx,score,alpha,step_norm,z_coarse
1741,0,5.39022,0.65,step,-4
1741,1,7.24567,0.8,step,-3
1741,2,9.43897,0.95,step,-2
1741,3,10.2994,1.1,step,-1
1741,4,10.5042,1.25,step,0

frame,idx,score,alpha,step_norm,z_coarse
1742,0,5.38298,0.65,step,-4
1742,1,7.23572,0.8,step,-3
1742,2,9.42709,0.95,step,-2
1742,3,10.2911,1.1,step,-1
1742,4,10.501,1.25,step,0

frame,idx,score,alpha,step_norm,z_coarse
1743,0,5.38291,0.65,step,-4
1743,1,7.23668,0.8,step,-3
1743,2,9.42747,0.95,step,-2
1743,3,10.2973,1.1,step,-1
1743,4,10.5117,1.25,step,0

frame,idx,score,alpha,step_norm,z_coarse
1744,0,5.37463,0.65,step,-4
1744,1,7.22506,0.8,step,-3
1744,2,9.41264,0.95,step,-2
1744,3,10.2845,1.1,step,-1
1744,4,10.5053,1.25,step,0

frame,idx,score,alpha,step_norm,z_coarse
1745,0,5.37195,0.65,step,-4
1745,1,7.22167,0.8,step,-3
1745,2,9.4047,0.95,step,-2
1745,3,10.2831,1.1,step,-1
1745,4,10.5117,1.25,step,0

frame,idx,score,alpha,step_norm,z_coarse
1746,0,5.36636,0.65,step,-4
1746,1,7.21234,0.8,step,-3
1746,2,9.39414,0.95,step,-2
1746,3,10.2784,1.1,step,-1
1746,4,10.5152,1.25,step,0

frame,idx,score,alpha,step_norm,z_coarse
1747,0,5.36749,0.65,step,-4
1747,1,7.21531,0.8,step,-3
1747,2,9.39421,0.95,step,-2
1747,3,10.2754,1.1,step,-1
1747,4,10.5124,1.25,step,0

frame,idx,score,alpha,step_norm,z_coarse
1748,0,5.36656,0.65,step,-4
1748,1,7.21415,0.8,step,-3
1748,2,9.39528,0.95,step,-2
1748,3,10.2769,1.1,step,-1
1748,4,10.5128,1.25,step,0

frame,idx,score,alpha,step_norm,z_coarse
1749,0,5.36594,0.65,step,-4
1749,1,7.21214,0.8,step,-3
1749,2,9.39251,0.95,step,-2
1749,3,10.2771,1.1,step,-1
1749,4,10.5153,1.25,step,0

frame,idx,score,alpha,step_norm,z_coarse
1750,0,5.36163,0.65,step,-4
1750,1,7.20318,0.8,step,-3
1750,2,9.37994,0.95,step,-2
1750,3,10.2674,1.1,step,-1
1750,4,10.512,1.25,step,0

frame,idx,score,alpha,step_norm,z_coarse
1751,0,5.35925,0.65,step,-4
1751,1,7.20468,0.8,step,-3
1751,2,9.38043,0.95,step,-2
1751,3,10.2691,1.1,step,-1
1751,4,10.5158,1.25,step,0

frame,idx,score,alpha,step_norm,z_coarse
1752,0,5.35983,0.65,step,-4
1752,1,7.20459,0.8,step,-3
1752,2,9.38437,0.95,step,-2
1752,3,10.2729,1.1,step,-1
1752,4,10.5173,1.25,step,0

frame,idx,score,alpha,step_norm,z_coarse
1753,0,5.36165,0.65,step,-4
1753,1,7.2005,0.8,step,-3
1753,2,9.37676,0.95,step,-2
1753,3,10.2658,1.1,step,-1
1753,4,10.5128,1.25,step,0

frame,idx,score,alpha,step_norm,z_coarse
1754,0,5.35698,0.65,step,-4
1754,1,7.20036,0.8,step,-3
1754,2,9.37275,0.95,step,-2
1754,3,10.2655,1.1,step,-1
1754,4,10.5194,1.25,step,0

frame,idx,score,alpha,step_norm,z_coarse
1755,0,5.35491,0.65,step,-4
1755,1,7.1928,0.8,step,-3
1755,2,9.3633,0.95,step,-2
1755,3,10.2573,1.1,step,-1
1755,4,10.5125,1.25,step,0

frame,idx,score,alpha,step_norm,z_coarse
1756,0,5.35121,0.65,step,-4
1756,1,7.19253,0.8,step,-3
1756,2,9.36192,0.95,step,-2
1756,3,10.2549,1.1,step,-1
1756,4,10.5093,1.25,step,0

frame,idx,score,alpha,step_norm,z_coarse
1757,0,5.35519,0.65,step,-4
1757,1,7.19604,0.8,step,-3
1757,2,9.3625,0.95,step,-2
1757,3,10.2582,1.1,step,-1
1757,4,10.517,1.25,step,0

frame,idx,score,alpha,step_norm,z_coarse
1758,0,5.34406,0.65,step,-4
1758,1,7.18111,0.8,step,-3
1758,2,9.3444,0.95,step,-2
1758,3,10.2455,1.1,step,-1
1758,4,10.513,1.25,step,0

frame,idx,score,alpha,step_norm,z_coarse
1759,0,5.3452,0.65,step,-4
1759,1,7.1794,0.8,step,-3
1759,2,9.34197,0.95,step,-2
1759,3,10.2459,1.1,step,-1
1759,4,10.5177,1.25,step,0

frame,idx,score,alpha,step_norm,z_coarse
1760,0,5.34597,0.65,step,-4
1760,1,7.18241,0.8,step,-3
1760,2,9.34703,0.95,step,-2
1760,3,10.2519,1.1,step,-1
1760,4,10.5229,1.25,step,0

frame,idx,score,alpha,step_norm,z_coarse
1761,0,5.34614,0.65,step,-4
1761,1,7.18327,0.8,step,-3
1761,2,9.34574,0.95,step,-2
1761,3,10.2479,1.1,step,-1
1761,4,10.5167,1.25,step,0

frame,idx,score,alpha,step_norm,z_coarse
1762,0,5.33464,0.65,step,-4
1762,1,7.16761,0.8,step,-3
1762,2,9.32356,0.95,step,-2
1762,3,10.234,1.1,step,-1
1762,4,10.5163,1.25,step,0

frame,idx,score,alpha,step_norm,z_coarse
1763,0,5.33561,0.65,step,-4
1763,1,7.16486,0.8,step,-3
1763,2,9.31842,0.95,step,-2
1763,3,10.2316,1.1,step,-1
1763,4,10.5193,1.25,step,0

frame,idx,score,alpha,step_norm,z_coarse
1764,0,5.33697,0.65,step,-4
1764,1,7.16827,0.8,step,-3
1764,2,9.32287,0.95,step,-2
1764,3,10.2367,1.1,step,-1
1764,4,10.5233,1.25,step,0

frame,idx,score,alpha,step_norm,z_coarse
1765,0,5.32135,0.65,step,-4
1765,1,7.14443,0.8,step,-3
1765,2,9.28455,0.95,step,-2
1765,3,10.2084,1.1,step,-1
1765,4,10.5155,1.25,step,0

frame,idx,score,alpha,step_norm,z_coarse
1766,0,5.31938,0.65,step,-4
1766,1,7.14419,0.8,step,-3
1766,2,9.28697,0.95,step,-2
1766,3,10.2121,1.1,step,-1
1766,4,10.5222,1.25,step,0

frame,idx,score,alpha,step_norm,z_coarse
1767,0,5.31885,0.65,step,-4
1767,1,7.14342,0.8,step,-3
1767,2,9.28452,0.95,step,-2
1767,3,10.2124,1.1,step,-1
1767,4,10.5243,1.25,step,0

frame,idx,score,alpha,step_norm,z_coarse
1768,0,5.31387,0.65,step,-4
1768,1,7.13334,0.8,step,-3
1768,2,9.26957,0.95,step,-2
1768,3,10.2005,1.1,step,-1
1768,4,10.5197,1.25,step,0

frame,idx,score,alpha,step_norm,z_coarse
1769,0,5.30696,0.65,step,-4
1769,1,7.12286,0.8,step,-3
1769,2,9.25037,0.95,step,-2
1769,3,10.1899,1.1,step,-1
1769,4,10.5227,1.25,step,0

frame,idx,score,alpha,step_norm,z_coarse
1770,0,5.30055,0.65,step,-4
1770,1,7.11536,0.8,step,-3
1770,2,9.24212,0.95,step,-2
1770,3,10.186,1.1,step,-1
1770,4,10.5267,1.25,step,0

frame,idx,score,alpha,step_norm,z_coarse
1771,0,5.29846,0.65,step,-4
1771,1,7.1129,0.8,step,-3
1771,2,9.23728,0.95,step,-2
1771,3,10.1809,1.1,step,-1
1771,4,10.5243,1.25,step,0

frame,idx,score,alpha,step_norm,z_coarse
1772,0,5.29732,0.65,step,-4
1772,1,7.11132,0.8,step,-3
1772,2,9.23303,0.95,step,-2
1772,3,10.1799,1.1,step,-1
1772,4,10.5271,1.25,step,0

frame,idx,score,alpha,step_norm,z_coarse
1773,0,5.29894,0.65,step,-4
1773,1,7.11069,0.8,step,-3
1773,2,9.23158,0.95,step,-2
1773,3,10.1767,1.1,step,-1
1773,4,10.5213,1.25,step,0

frame,idx,score,alpha,step_norm,z_coarse
1774,0,5.29261,0.65,step,-4
1774,1,7.1006,0.8,step,-3
1774,2,9.21543,0.95,step,-2
1774,3,10.1668,1.1,step,-1
1774,4,10.5251,1.25,step,0

frame,idx,score,alpha,step_norm,z_coarse
1775,0,5.28997,0.65,step,-4
1775,1,7.09691,0.8,step,-3
1775,2,9.20865,0.95,step,-2
1775,3,10.1632,1.1,step,-1
1775,4,10.5264,1.25,step,0

frame,idx,score,alpha,step_norm,z_coarse
1776,0,5.29133,0.65,step,-4
1776,1,7.09754,0.8,step,-3
1776,2,9.20853,0.95,step,-2
1776,3,10.1615,1.1,step,-1
1776,4,10.5248,1.25,step,0

frame,idx,score,alpha,step_norm,z_coarse
1777,0,5.29096,0.65,step,-4
1777,1,7.09872,0.8,step,-3
1777,2,9.20926,0.95,step,-2
1777,3,10.1641,1.1,step,-1
1777,4,10.5275,1.25,step,0

frame,idx,score,alpha,step_norm,z_coarse
1778,0,5.28822,0.65,step,-4
1778,1,7.09752,0.8,step,-3
1778,2,9.21181,0.95,step,-2
1778,3,10.1653,1.1,step,-1
1778,4,10.5256,1.25,step,0

frame,idx,score,alpha,step_norm,z_coarse
1779,0,5.29192,0.65,step,-4
1779,1,7.09846,0.8,step,-3
1779,2,9.20664,0.95,step,-2
1779,3,10.1591,1.1,step,-1
1779,4,10.5211,1.25,step,0

frame,idx,score,alpha,step_norm,z_coarse
1780,0,5.28258,0.65,step,-4
1780,1,7.08368,0.8,step,-3
1780,2,9.18613,0.95,step,-2
1780,3,10.1456,1.1,step,-1
1780,4,10.5202,1.25,step,0

frame,idx,score,alpha,step_norm,z_coarse
1781,0,5.27902,0.65,step,-4
1781,1,7.08141,0.8,step,-3
1781,2,9.18275,0.95,step,-2
1781,3,10.1446,1.1,step,-1
1781,4,10.5244,1.25,step,0

frame,idx,score,alpha,step_norm,z_coarse
1782,0,5.2812,0.65,step,-4
1782,1,7.0799,0.8,step,-3
1782,2,9.17874,0.95,step,-2
1782,3,10.1424,1.1,step,-1
1782,4,10.5258,1.25,step,0

frame,idx,score,alpha,step_norm,z_coarse
1783,0,5.27568,0.65,step,-4
1783,1,7.07445,0.8,step,-3
1783,2,9.16387,0.95,step,-2
1783,3,10.1308,1.1,step,-1
1783,4,10.5241,1.25,step,0

frame,idx,score,alpha,step_norm,z_coarse
1784,0,5.27248,0.65,step,-4
1784,1,7.06968,0.8,step,-3
1784,2,9.16151,0.95,step,-2
1784,3,10.1319,1.1,step,-1
1784,4,10.5294,1.25,step,0

frame,idx,score,alpha,step_norm,z_coarse
1785,0,5.27473,0.65,step,-4
1785,1,7.07139,0.8,step,-3
1785,2,9.1576,0.95,step,-2
1785,3,10.1263,1.1,step,-1
1785,4,10.5249,1.25,step,0

frame,idx,score,alpha,step_norm,z_coarse
1786,0,5.26767,0.65,step,-4
1786,1,7.06307,0.8,step,-3
1786,2,9.14904,0.95,step,-2
1786,3,10.1235,1.1,step,-1
1786,4,10.5299,1.25,step,0

frame,idx,score,alpha,step_norm,z_coarse
1787,0,5.26381,0.65,step,-4
1787,1,7.05495,0.8,step,-3
1787,2,9.1327,0.95,step,-2
1787,3,10.1071,1.1,step,-1
1787,4,10.52,1.25,step,0

frame,idx,score,alpha,step_norm,z_coarse
1788,0,5.26249,0.65,step,-4
1788,1,7.05405,0.8,step,-3
1788,2,9.13265,0.95,step,-2
1788,3,10.1076,1.1,step,-1
1788,4,10.5218,1.25,step,0

frame,idx,score,alpha,step_norm,z_coarse
1789,0,5.26199,0.65,step,-4
1789,1,7.0562,0.8,step,-3
1789,2,9.13728,0.95,step,-2
1789,3,10.1122,1.1,step,-1
1789,4,10.5243,1.25,step,0

frame,idx,score,alpha,step_norm,z_coarse
1790,0,5.2632,0.65,step,-4
1790,1,7.05813,0.8,step,-3
1790,2,9.1402,0.95,step,-2
1790,3,10.1157,1.1,step,-1
1790,4,10.5268,1.25,step,0

frame,idx,score,alpha,step_norm,z_coarse
1791,0,5.26573,0.65,step,-4
1791,1,7.05779,0.8,step,-3
1791,2,9.13836,0.95,step,-2
1791,3,10.1142,1.1,step,-1
1791,4,10.5266,1.25,step,0

frame,idx,score,alpha,step_norm,z_coarse
1792,0,5.25989,0.65,step,-4
1792,1,7.04997,0.8,step,-3
1792,2,9.1225,0.95,step,-2
1792,3,10.0983,1.1,step,-1
1792,4,10.5177,1.25,step,0

frame,idx,score,alpha,step_norm,z_coarse
1793,0,5.25996,0.65,step,-4
1793,1,7.04715,0.8,step,-3
1793,2,9.1214,0.95,step,-2
1793,3,10.099,1.1,step,-1
1793,4,10.5191,1.25,step,0

frame,idx,score,alpha,step_norm,z_coarse
1794,0,5.26359,0.65,step,-4
1794,1,7.05399,0.8,step,-3
1794,2,9.12536,0.95,step,-2
1794,3,10.1048,1.1,step,-1
1794,4,10.5269,1.25,step,0

frame,idx,score,alpha,step_norm,z_coarse
1795,0,5.25692,0.65,step,-4
1795,1,7.041,0.8,step,-3
1795,2,9.11114,0.95,step,-2
1795,3,10.0933,1.1,step,-1
1795,4,10.5204,1.25,step,0

frame,idx,score,alpha,step_norm,z_coarse
1796,0,5.25585,0.65,step,-4
1796,1,7.04271,0.8,step,-3
1796,2,9.10781,0.95,step,-2
1796,3,10.0881,1.1,step,-1
1796,4,10.5185,1.25,step,0

frame,idx,score,alpha,step_norm,z_coarse
1797,0,5.25551,0.65,step,-4
1797,1,7.04282,0.8,step,-3
1797,2,9.11345,0.95,step,-2
1797,3,10.0953,1.1,step,-1
1797,4,10.5227,1.25,step,0

frame,idx,score,alpha,step_norm,z_coarse
1798,0,5.26078,0.65,step,-4
1798,1,7.04829,0.8,step,-3
1798,2,9.12133,0.95,step,-2
1798,3,10.1002,1.1,step,-1
1798,4,10.5242,1.25,step,0

frame,idx,score,alpha,step_norm,z_coarse
1799,0,5.25596,0.65,step,-4
1799,1,7.04357,0.8,step,-3
1799,2,9.1129,0.95,step,-2
1799,3,10.0957,1.1,step,-1
1799,4,10.5261,1.25,step,0

frame,idx,score,alpha,step_norm,z_coarse
1800,0,5.25455,0.65,step,-4
1800,1,7.03877,0.8,step,-3
1800,2,9.10531,0.95,step,-2
1800,3,10.0882,1.1,step,-1
1800,4,10.52,1.25,step,0

frame,idx,score,alpha,step_norm,z_coarse
1801,0,5.25455,0.65,step,-4
1801,1,7.03994,0.8,step,-3
1801,2,9.10578,0.95,step,-2
1801,3,10.0895,1.1,step,-1
1801,4,10.5239,1.25,step,0

frame,idx,score,alpha,step_norm,z_coarse
1802,0,5.25808,0.65,step,-4
1802,1,7.04588,0.8,step,-3
1802,2,9.10913,0.95,step,-2
1802,3,10.0921,1.1,step,-1
1802,4,10.5261,1.25,step,0

frame,idx,score,alpha,step_norm,z_coarse
1803,0,5.25649,0.65,step,-4
1803,1,7.04145,0.8,step,-3
1803,2,9.10977,0.95,step,-2
1803,3,10.0915,1.1,step,-1
1803,4,10.5199,1.25,step,0

frame,idx,score,alpha,step_norm,z_coarse
1804,0,5.25864,0.65,step,-4
1804,1,7.04668,0.8,step,-3
1804,2,9.11668,0.95,step,-2
1804,3,10.0977,1.1,step,-1
1804,4,10.5241,1.25,step,0

frame,idx,score,alpha,step_norm,z_coarse
1805,0,5.2588,0.65,step,-4
1805,1,7.04707,0.8,step,-3
1805,2,9.11541,0.95,step,-2
1805,3,10.0987,1.1,step,-1
1805,4,10.5297,1.25,step,0

frame,idx,score,alpha,step_norm,z_coarse
1806,0,5.25335,0.65,step,-4
1806,1,7.03763,0.8,step,-3
1806,2,9.105,0.95,step,-2
1806,3,10.089,1.1,step,-1
1806,4,10.5234,1.25,step,0

frame,idx,score,alpha,step_norm,z_coarse
1807,0,5.25668,0.65,step,-4
1807,1,7.04299,0.8,step,-3
1807,2,9.10796,0.95,step,-2
1807,3,10.0913,1.1,step,-1
1807,4,10.5253,1.25,step,0

frame,idx,score,alpha,step_norm,z_coarse
1808,0,5.2556,0.65,step,-4
1808,1,7.04161,0.8,step,-3
1808,2,9.10829,0.95,step,-2
1808,3,10.0927,1.1,step,-1
1808,4,10.5252,1.25,step,0

frame,idx,score,alpha,step_norm,z_coarse
1809,0,5.25755,0.65,step,-4
1809,1,7.04251,0.8,step,-3
1809,2,9.11071,0.95,step,-2
1809,3,10.0956,1.1,step,-1
1809,4,10.5279,1.25,step,0

frame,idx,score,alpha,step_norm,z_coarse
1810,0,5.25728,0.65,step,-4
1810,1,7.04234,0.8,step,-3
1810,2,9.10673,0.95,step,-2
1810,3,10.0911,1.1,step,-1
1810,4,10.5251,1.25,step,0

frame,idx,score,alpha,step_norm,z_coarse
1811,0,5.2544,0.65,step,-4
1811,1,7.03929,0.8,step,-3
1811,2,9.10348,0.95,step,-2
1811,3,10.0893,1.1,step,-1
1811,4,10.5258,1.25,step,0

frame,idx,score,alpha,step_norm,z_coarse
1812,0,5.2529,0.65,step,-4
1812,1,7.03818,0.8,step,-3
1812,2,9.09927,0.95,step,-2
1812,3,10.0856,1.1,step,-1
1812,4,10.5234,1.25,step,0

frame,idx,score,alpha,step_norm,z_coarse
1813,0,5.25657,0.65,step,-4
1813,1,7.04466,0.8,step,-3
1813,2,9.11538,0.95,step,-2
1813,3,10.1003,1.1,step,-1
1813,4,10.5314,1.25,step,0

frame,idx,score,alpha,step_norm,z_coarse
1814,0,5.25459,0.65,step,-4
1814,1,7.04219,0.8,step,-3
1814,2,9.10917,0.95,step,-2
1814,3,10.092,1.1,step,-1
1814,4,10.5236,1.25,step,0

frame,idx,score,alpha,step_norm,z_coarse
1815,0,5.25281,0.65,step,-4
1815,1,7.03495,0.8,step,-3
1815,2,9.09813,0.95,step,-2
1815,3,10.0832,1.1,step,-1
1815,4,10.5196,1.25,step,0

frame,idx,score,alpha,step_norm,z_coarse
1816,0,5.25755,0.65,step,-4
1816,1,7.0447,0.8,step,-3
1816,2,9.11478,0.95,step,-2
1816,3,10.0957,1.1,step,-1
1816,4,10.5234,1.25,step,0

frame,idx,score,alpha,step_norm,z_coarse
1817,0,5.25904,0.65,step,-4
1817,1,7.04782,0.8,step,-3
1817,2,9.11899,0.95,step,-2
1817,3,10.1015,1.1,step,-1
1817,4,10.5299,1.25,step,0

frame,idx,score,alpha,step_norm,z_coarse
1818,0,5.25959,0.65,step,-4
1818,1,7.04561,0.8,step,-3
1818,2,9.11487,0.95,step,-2
1818,3,10.097,1.1,step,-1
1818,4,10.5252,1.25,step,0

frame,idx,score,alpha,step_norm,z_coarse
1819,0,5.25618,0.65,step,-4
1819,1,7.04159,0.8,step,-3
1819,2,9.1063,0.95,step,-2
1819,3,10.0903,1.1,step,-1
1819,4,10.5232,1.25,step,0

frame,idx,score,alpha,step_norm,z_coarse
1820,0,5.25498,0.65,step,-4
1820,1,7.04176,0.8,step,-3
1820,2,9.11105,0.95,step,-2
1820,3,10.0957,1.1,step,-1
1820,4,10.5294,1.25,step,0

frame,idx,score,alpha,step_norm,z_coarse
1821,0,5.25769,0.65,step,-4
1821,1,7.04634,0.8,step,-3
1821,2,9.12048,0.95,step,-2
1821,3,10.1019,1.1,step,-1
1821,4,10.5284,1.25,step,0

frame,idx,score,alpha,step_norm,z_coarse
1822,0,5.25868,0.65,step,-4
1822,1,7.04716,0.8,step,-3
1822,2,9.11819,0.95,step,-2
1822,3,10.0999,1.1,step,-1
1822,4,10.5275,1.25,step,0

frame,idx,score,alpha,step_norm,z_coarse
1823,0,5.25948,0.65,step,-4
1823,1,7.04937,0.8,step,-3
1823,2,9.12,0.95,step,-2
1823,3,10.1032,1.1,step,-1
1823,4,10.5322,1.25,step,0

frame,idx,score,alpha,step_norm,z_coarse
1824,0,5.25754,0.65,step,-4
1824,1,7.04395,0.8,step,-3
1824,2,9.11186,0.95,step,-2
1824,3,10.0956,1.1,step,-1
1824,4,10.5259,1.25,step,0

frame,idx,score,alpha,step_norm,z_coarse
1825,0,5.25486,0.65,step,-4
1825,1,7.04145,0.8,step,-3
1825,2,9.10976,0.95,step,-2
1825,3,10.0931,1.1,step,-1
1825,4,10.524,1.25,step,0

frame,idx,score,alpha,step_norm,z_coarse
1826,0,5.25483,0.65,step,-4
1826,1,7.04216,0.8,step,-3
1826,2,9.10814,0.95,step,-2
1826,3,10.0903,1.1,step,-1
1826,4,10.522,1.25,step,0

frame,idx,score,alpha,step_norm,z_coarse
1827,0,5.25552,0.65,step,-4
1827,1,7.04139,0.8,step,-3
1827,2,9.10696,0.95,step,-2
1827,3,10.0913,1.1,step,-1
1827,4,10.5258,1.25,step,0

frame,idx,score,alpha,step_norm,z_coarse
1828,0,5.26129,0.65,step,-4
1828,1,7.04858,0.8,step,-3
1828,2,9.11884,0.95,step,-2
1828,3,10.0987,1.1,step,-1
1828,4,10.5252,1.25,step,0

frame,idx,score,alpha,step_norm,z_coarse
1829,0,5.25933,0.65,step,-4
1829,1,7.04913,0.8,step,-3
1829,2,9.11979,0.95,step,-2
1829,3,10.1014,1.1,step,-1
1829,4,10.5297,1.25,step,0

frame,idx,score,alpha,step_norm,z_coarse
1830,0,5.25794,0.65,step,-4
1830,1,7.04192,0.8,step,-3
1830,2,9.10912,0.95,step,-2
1830,3,10.0912,1.1,step,-1
1830,4,10.5229,1.25,step,0

frame,idx,score,alpha,step_norm,z_coarse
1831,0,5.25697,0.65,step,-4
1831,1,7.04323,0.8,step,-3
1831,2,9.11071,0.95,step,-2
1831,3,10.0949,1.1,step,-1
1831,4,10.5274,1.25,step,0

frame,idx,score,alpha,step_norm,z_coarse
1832,0,5.25474,0.65,step,-4
1832,1,7.04114,0.8,step,-3
1832,2,9.10668,0.95,step,-2
1832,3,10.0903,1.1,step,-1
1832,4,10.5238,1.25,step,0

frame,idx,score,alpha,step_norm,z_coarse
1833,0,5.25943,0.65,step,-4
1833,1,7.04754,0.8,step,-3
1833,2,9.1188,0.95,step,-2
1833,3,10.0996,1.1,step,-1
1833,4,10.5261,1.25,step,0

frame,idx,score,alpha,step_norm,z_coarse
1834,0,5.25999,0.65,step,-4
1834,1,7.04805,0.8,step,-3
1834,2,9.12114,0.95,step,-2
1834,3,10.1029,1.1,step,-1
1834,4,10.5304,1.25,step,0

frame,idx,score,alpha,step_norm,z_coarse
1835,0,5.25608,0.65,step,-4
1835,1,7.04236,0.8,step,-3
1835,2,9.11091,0.95,step,-2
1835,3,10.0945,1.1,step,-1
1835,4,10.5257,1.25,step,0

frame,idx,score,alpha,step_norm,z_coarse
1836,0,5.25602,0.65,step,-4
1836,1,7.0389,0.8,step,-3
1836,2,9.1045,0.95,step,-2
1836,3,10.0896,1.1,step,-1
1836,4,10.5233,1.25,step,0

frame,idx,score,alpha,step_norm,z_coarse
1837,0,5.25655,0.65,step,-4
1837,1,7.04383,0.8,step,-3
1837,2,9.10875,0.95,step,-2
1837,3,10.0901,1.1,step,-1
1837,4,10.5206,1.25,step,0

frame,idx,score,alpha,step_norm,z_coarse
1838,0,5.25727,0.65,step,-4
1838,1,7.0427,0.8,step,-3
1838,2,9.11122,0.95,step,-2
1838,3,10.0921,1.1,step,-1
1838,4,10.5184,1.25,step,0

frame,idx,score,alpha,step_norm,z_coarse
1839,0,5.25888,0.65,step,-4
1839,1,7.0467,0.8,step,-3
1839,2,9.11605,0.95,step,-2
1839,3,10.0974,1.1,step,-1
1839,4,10.5256,1.25,step,0

frame,idx,score,alpha,step_norm,z_coarse
1840,0,5.25267,0.65,step,-4
1840,1,7.03941,0.8,step,-3
1840,2,9.10899,0.95,step,-2
1840,3,10.091,1.1,step,-1
1840,4,10.5196,1.25,step,0

frame,idx,score,alpha,step_norm,z_coarse
1841,0,5.25303,0.65,step,-4
1841,1,7.04066,0.8,step,-3
1841,2,9.11036,0.95,step,-2
1841,3,10.094,1.1,step,-1
1841,4,10.5257,1.25,step,0

frame,idx,score,alpha,step_norm,z_coarse
1842,0,5.25821,0.65,step,-4
1842,1,7.04468,0.8,step,-3
1842,2,9.10944,0.95,step,-2
1842,3,10.0926,1.1,step,-1
1842,4,10.5269,1.25,step,0

frame,idx,score,alpha,step_norm,z_coarse
1843,0,5.25599,0.65,step,-4
1843,1,7.04277,0.8,step,-3
1843,2,9.11098,0.95,step,-2
1843,3,10.0934,1.1,step,-1
1843,4,10.5232,1.25,step,0

frame,idx,score,alpha,step_norm,z_coarse
1844,0,5.26092,0.65,step,-4
1844,1,7.04783,0.8,step,-3
1844,2,9.11675,0.95,step,-2
1844,3,10.0993,1.1,step,-1
1844,4,10.5286,1.25,step,0

frame,idx,score,alpha,step_norm,z_coarse
1845,0,5.25334,0.65,step,-4
1845,1,7.0375,0.8,step,-3
1845,2,9.10578,0.95,step,-2
1845,3,10.0899,1.1,step,-1
1845,4,10.5207,1.25,step,0

frame,idx,score,alpha,step_norm,z_coarse
1846,0,5.25739,0.65,step,-4
1846,1,7.04719,0.8,step,-3
1846,2,9.11496,0.95,step,-2
1846,3,10.0981,1.1,step,-1
1846,4,10.5311,1.25,step,0

frame,idx,score,alpha,step_norm,z_coarse
1847,0,5.257,0.65,step,-4
1847,1,7.04135,0.8,step,-3
1847,2,9.10802,0.95,step,-2
1847,3,10.0912,1.1,step,-1
1847,4,10.5223,1.25,step,0

frame,idx,score,alpha,step_norm,z_coarse
1848,0,5.25682,0.65,step,-4
1848,1,7.04319,0.8,step,-3
1848,2,9.11235,0.95,step,-2
1848,3,10.0947,1.1,step,-1
1848,4,10.5231,1.25,step,0

frame,idx,score,alpha,step_norm,z_coarse
1849,0,5.25756,0.65,step,-4
1849,1,7.04665,0.8,step,-3
1849,2,9.11974,0.95,step,-2
1849,3,10.101,1.1,step,-1
1849,4,10.5263,1.25,step,0

frame,idx,score,alpha,step_norm,z_coarse
1850,0,5.25894,0.65,step,-4
1850,1,7.04805,0.8,step,-3
1850,2,9.11759,0.95,step,-2
1850,3,10.0978,1.1,step,-1
1850,4,10.525,1.25,step,0

frame,idx,score,alpha,step_norm,z_coarse
1851,0,5.25767,0.65,step,-4
1851,1,7.0443,0.8,step,-3
1851,2,9.11134,0.95,step,-2
1851,3,10.0933,1.1,step,-1
1851,4,10.5244,1.25,step,0

frame,idx,score,alpha,step_norm,z_coarse
1852,0,5.25556,0.65,step,-4
1852,1,7.04194,0.8,step,-3
1852,2,9.11185,0.95,step,-2
1852,3,10.0947,1.1,step,-1
1852,4,10.524,1.25,step,0

frame,idx,score,alpha,step_norm,z_coarse
1853,0,5.25531,0.65,step,-4
1853,1,7.0406,0.8,step,-3
1853,2,9.11045,0.95,step,-2
1853,3,10.0933,1.1,step,-1
1853,4,10.521,1.25,step,0

frame,idx,score,alpha,step_norm,z_coarse
1854,0,5.25998,0.65,step,-4
1854,1,7.04584,0.8,step,-3
1854,2,9.11674,0.95,step,-2
1854,3,10.0976,1.1,step,-1
1854,4,10.5228,1.25,step,0

frame,idx,score,alpha,step_norm,z_coarse
1855,0,5.25269,0.65,step,-4
1855,1,7.03926,0.8,step,-3
1855,2,9.10669,0.95,step,-2
1855,3,10.09,1.1,step,-1
1855,4,10.5212,1.25,step,0

frame,idx,score,alpha,step_norm,z_coarse
1856,0,5.25871,0.65,step,-4
1856,1,7.04579,0.8,step,-3
1856,2,9.11607,0.95,step,-2
1856,3,10.0981,1.1,step,-1
1856,4,10.5248,1.25,step,0

frame,idx,score,alpha,step_norm,z_coarse
1857,0,5.25952,0.65,step,-4
1857,1,7.04815,0.8,step,-3
1857,2,9.11873,0.95,step,-2
1857,3,10.0989,1.1,step,-1
1857,4,10.5234,1.25,step,0

frame,idx,score,alpha,step_norm,z_coarse
1858,0,5.25295,0.65,step,-4
1858,1,7.03799,0.8,step,-3
1858,2,9.10344,0.95,step,-2
1858,3,10.0858,1.1,step,-1
1858,4,10.5178,1.25,step,0

frame,idx,score,alpha,step_norm,z_coarse
1859,0,5.25777,0.65,step,-4
1859,1,7.04301,0.8,step,-3
1859,2,9.11188,0.95,step,-2
1859,3,10.0952,1.1,step,-1
1859,4,10.5248,1.25,step,0

frame,idx,score,alpha,step_norm,z_coarse
1860,0,5.25737,0.65,step,-4
1860,1,7.04698,0.8,step,-3
1860,2,9.11846,0.95,step,-2
1860,3,10.0994,1.1,step,-1
1860,4,10.5268,1.25,step,0

frame,idx,score,alpha,step_norm,z_coarse
1861,0,5.25538,0.65,step,-4
1861,1,7.04319,0.8,step,-3
1861,2,9.11476,0.95,step,-2
1861,3,10.0963,1.1,step,-1
1861,4,10.5235,1.25,step,0

frame,idx,score,alpha,step_norm,z_coarse
1862,0,5.25718,0.65,step,-4
1862,1,7.04322,0.8,step,-3
1862,2,9.11185,0.95,step,-2
1862,3,10.0957,1.1,step,-1
1862,4,10.526,1.25,step,0

frame,idx,score,alpha,step_norm,z_coarse
1863,0,5.25736,0.65,step,-4
1863,1,7.04199,0.8,step,-3
1863,2,9.10618,0.95,step,-2
1863,3,10.0891,1.1,step,-1
1863,4,10.5209,1.25,step,0

frame,idx,score,alpha,step_norm,z_coarse
1864,0,5.25394,0.65,step,-4
1864,1,7.04008,0.8,step,-3
1864,2,9.10617,0.95,step,-2
1864,3,10.0883,1.1,step,-1
1864,4,10.5185,1.25,step,0

frame,idx,score,alpha,step_norm,z_coarse
1865,0,5.26003,0.65,step,-4
1865,1,7.04783,0.8,step,-3
1865,2,9.11513,0.95,step,-2
1865,3,10.0949,1.1,step,-1
1865,4,10.5199,1.25,step,0

frame,idx,score,alpha,step_norm,z_coarse
1866,0,5.25349,0.65,step,-4
1866,1,7.03926,0.8,step,-3
1866,2,9.10366,0.95,step,-2
1866,3,10.0887,1.1,step,-1
1866,4,10.5235,1.25,step,0

frame,idx,score,alpha,step_norm,z_coarse
1867,0,5.25795,0.65,step,-4
1867,1,7.04575,0.8,step,-3
1867,2,9.1158,0.95,step,-2
1867,3,10.0976,1.1,step,-1
1867,4,10.5258,1.25,step,0

frame,idx,score,alpha,step_norm,z_coarse
1868,0,5.2536,0.65,step,-4
1868,1,7.03931,0.8,step,-3
1868,2,9.10643,0.95,step,-2
1868,3,10.0924,1.1,step,-1
1868,4,10.5259,1.25,step,0

frame,idx,score,alpha,step_norm,z_coarse
1869,0,5.25581,0.65,step,-4
1869,1,7.04329,0.8,step,-3
1869,2,9.11633,0.95,step,-2
1869,3,10.0982,1.1,step,-1
1869,4,10.5229,1.25,step,0

frame,idx,score,alpha,step_norm,z_coarse
1870,0,5.2552,0.65,step,-4
1870,1,7.04169,0.8,step,-3
1870,2,9.1125,0.95,step,-2
1870,3,10.0958,1.1,step,-1
1870,4,10.5265,1.25,step,0

frame,idx,score,alpha,step_norm,z_coarse
1871,0,5.25609,0.65,step,-4
1871,1,7.04542,0.8,step,-3
1871,2,9.11766,0.95,step,-2
1871,3,10.1,1.1,step,-1
1871,4,10.5258,1.25,step,0

frame,idx,score,alpha,step_norm,z_coarse
1872,0,5.25962,0.65,step,-4
1872,1,7.04861,0.8,step,-3
1872,2,9.11898,0.95,step,-2
1872,3,10.1003,1.1,step,-1
1872,4,10.5269,1.25,step,0

frame,idx,score,alpha,step_norm,z_coarse
1873,0,5.25816,0.65,step,-4
1873,1,7.04824,0.8,step,-3
1873,2,9.12181,0.95,step,-2
1873,3,10.1028,1.1,step,-1
1873,4,10.5272,1.25,step,0

frame,idx,score,alpha,step_norm,z_coarse
1874,0,5.2586,0.65,step,-4
1874,1,7.04937,0.8,step,-3
1874,2,9.12272,0.95,step,-2
1874,3,10.1025,1.1,step,-1
1874,4,10.526,1.25,step,0

frame,idx,score,alpha,step_norm,z_coarse
1875,0,5.25934,0.65,step,-4
1875,1,7.04775,0.8,step,-3
1875,2,9.11958,0.95,step,-2
1875,3,10.1016,1.1,step,-1
1875,4,10.528,1.25,step,0

frame,idx,score,alpha,step_norm,z_coarse
1876,0,5.25667,0.65,step,-4
1876,1,7.04165,0.8,step,-3
1876,2,9.10689,0.95,step,-2
1876,3,10.0902,1.1,step,-1
1876,4,10.5232,1.25,step,0

frame,idx,score,alpha,step_norm,z_coarse
1877,0,5.2578,0.65,step,-4
1877,1,7.04586,0.8,step,-3
1877,2,9.11412,0.95,step,-2
1877,3,10.0978,1.1,step,-1
1877,4,10.5283,1.25,step,0

frame,idx,score,alpha,step_norm,z_coarse
1878,0,5.26231,0.65,step,-4
1878,1,7.05333,0.8,step,-3
1878,2,9.1285,0.95,step,-2
1878,3,10.1117,1.1,step,-1
1878,4,10.5366,1.25,step,0

frame,idx,score,alpha,step_norm,z_coarse
1879,0,5.25807,0.65,step,-4
1879,1,7.04678,0.8,step,-3
1879,2,9.11659,0.95,step,-2
1879,3,10.0982,1.1,step,-1
1879,4,10.5237,1.25,step,0

frame,idx,score,alpha,step_norm,z_coarse
1880,0,5.25759,0.65,step,-4
1880,1,7.04497,0.8,step,-3
1880,2,9.11448,0.95,step,-2
1880,3,10.0965,1.1,step,-1
1880,4,10.5247,1.25,step,0

frame,idx,score,alpha,step_norm,z_coarse
1881,0,5.25809,0.65,step,-4
1881,1,7.04395,0.8,step,-3
1881,2,9.11543,0.95,step,-2
1881,3,10.0961,1.1,step,-1
1881,4,10.5228,1.25,step,0

frame,idx,score,alpha,step_norm,z_coarse
1882,0,5.26069,0.65,step,-4
1882,1,7.05219,0.8,step,-3
1882,2,9.12962,0.95,step,-2
1882,3,10.1093,1.1,step,-1
1882,4,10.5288,1.25,step,0

frame,idx,score,alpha,step_norm,z_coarse
1883,0,5.26094,0.65,step,-4
1883,1,7.05303,0.8,step,-3
1883,2,9.12455,0.95,step,-2
1883,3,10.105,1.1,step,-1
1883,4,10.5297,1.25,step,0

frame,idx,score,alpha,step_norm,z_coarse
1884,0,5.25757,0.65,step,-4
1884,1,7.04539,0.8,step,-3
1884,2,9.11566,0.95,step,-2
1884,3,10.0983,1.1,step,-1
1884,4,10.5275,1.25,step,0

frame,idx,score,alpha,step_norm,z_coarse
1885,0,5.26269,0.65,step,-4
1885,1,7.05196,0.8,step,-3
1885,2,9.12458,0.95,step,-2
1885,3,10.1053,1.1,step,-1
1885,4,10.528,1.25,step,0

frame,idx,score,alpha,step_norm,z_coarse
1886,0,5.26175,0.65,step,-4
1886,1,7.05366,0.8,step,-3
1886,2,9.13253,0.95,step,-2
1886,3,10.1128,1.1,step,-1
1886,4,10.5329,1.25,step,0

frame,idx,score,alpha,step_norm,z_coarse
1887,0,5.26009,0.65,step,-4
1887,1,7.04802,0.8,step,-3
1887,2,9.12119,0.95,step,-2
1887,3,10.1029,1.1,step,-1
1887,4,10.5297,1.25,step,0

frame,idx,score,alpha,step_norm,z_coarse
1888,0,5.2563,0.65,step,-4
1888,1,7.0441,0.8,step,-3
1888,2,9.11235,0.95,step,-2
1888,3,10.0918,1.1,step,-1
1888,4,10.5181,1.25,step,0

frame,idx,score,alpha,step_norm,z_coarse
1889,0,5.26329,0.65,step,-4
1889,1,7.05407,0.8,step,-3
1889,2,9.1268,0.95,step,-2
1889,3,10.1081,1.1,step,-1
1889,4,10.5329,1.25,step,0

frame,idx,score,alpha,step_norm,z_coarse
1890,0,5.25958,0.65,step,-4
1890,1,7.0472,0.8,step,-3
1890,2,9.11983,0.95,step,-2
1890,3,10.0982,1.1,step,-1
1890,4,10.5202,1.25,step,0

frame,idx,score,alpha,step_norm,z_coarse
1891,0,5.26185,0.65,step,-4
1891,1,7.05193,0.8,step,-3
1891,2,9.12738,0.95,step,-2
1891,3,10.1093,1.1,step,-1
1891,4,10.5344,1.25,step,0

frame,idx,score,alpha,step_norm,z_coarse
1892,0,5.25719,0.65,step,-4
1892,1,7.04545,0.8,step,-3
1892,2,9.11943,0.95,step,-2
1892,3,10.1009,1.1,step,-1
1892,4,10.5259,1.25,step,0

frame,idx,score,alpha,step_norm,z_coarse
1893,0,5.26074,0.65,step,-4
1893,1,7.05209,0.8,step,-3
1893,2,9.12902,0.95,step,-2
1893,3,10.1069,1.1,step,-1
1893,4,10.5268,1.25,step,0

frame,idx,score,alpha,step_norm,z_coarse
1894,0,5.26209,0.65,step,-4
1894,1,7.04866,0.8,step,-3
1894,2,9.11964,0.95,step,-2
1894,3,10.1019,1.1,step,-1
1894,4,10.5267,1.25,step,0

frame,idx,score,alpha,step_norm,z_coarse
1895,0,5.26242,0.65,step,-4
1895,1,7.0545,0.8,step,-3
1895,2,9.13147,0.95,step,-2
1895,3,10.1102,1.1,step,-1
1895,4,10.5313,1.25,step,0

frame,idx,score,alpha,step_norm,z_coarse
1896,0,5.26133,0.65,step,-4
1896,1,7.05125,0.8,step,-3
1896,2,9.12714,0.95,step,-2
1896,3,10.1046,1.1,step,-1
1896,4,10.524,1.25,step,0

frame,idx,score,alpha,step_norm,z_coarse
1897,0,5.2601,0.65,step,-4
1897,1,7.04873,0.8,step,-3
1897,2,9.12457,0.95,step,-2
1897,3,10.1048,1.1,step,-1
1897,4,10.5277,1.25,step,0

frame,idx,score,alpha,step_norm,z_coarse
1898,0,5.26263,0.65,step,-4
1898,1,7.05202,0.8,step,-3
1898,2,9.12783,0.95,step,-2
1898,3,10.108,1.1,step,-1
1898,4,10.5298,1.25,step,0

frame,idx,score,alpha,step_norm,z_coarse
1899,0,5.26516,0.65,step,-4
1899,1,7.05693,0.8,step,-3
1899,2,9.13348,0.95,step,-2
1899,3,10.1121,1.1,step,-1
1899,4,10.5311,1.25,step,0

frame,idx,score,alpha,step_norm,z_coarse
1900,0,5.26418,0.65,step,-4
1900,1,7.05372,0.8,step,-3
1900,2,9.12853,0.95,step,-2
1900,3,10.1096,1.1,step,-1
1900,4,10.5327,1.25,step,0

frame,idx,score,alpha,step_norm,z_coarse
1901,0,5.26308,0.65,step,-4
1901,1,7.05071,0.8,step,-3
1901,2,9.12441,0.95,step,-2
1901,3,10.1053,1.1,step,-1
1901,4,10.5274,1.25,step,0

frame,idx,score,alpha,step_norm,z_coarse
1902,0,5.26126,0.65,step,-4
1902,1,7.05243,0.8,step,-3
1902,2,9.13103,0.95,step,-2
1902,3,10.1093,1.1,step,-1
1902,4,10.5294,1.25,step,0

frame,idx,score,alpha,step_norm,z_coarse
1903,0,5.26009,0.65,step,-4
1903,1,7.05147,0.8,step,-3
1903,2,9.12759,0.95,step,-2
1903,3,10.1061,1.1,step,-1
1903,4,10.5266,1.25,step,0

frame,idx,score,alpha,step_norm,z_coarse
1904,0,5.25726,0.65,step,-4
1904,1,7.04642,0.8,step,-3
1904,2,9.1181,0.95,step,-2
1904,3,10.1007,1.1,step,-1
1904,4,10.5278,1.25,step,0

frame,idx,score,alpha,step_norm,z_coarse
1905,0,5.25898,0.65,step,-4
1905,1,7.05017,0.8,step,-3
1905,2,9.12877,0.95,step,-2
1905,3,10.1091,1.1,step,-1
1905,4,10.5311,1.25,step,0

frame,idx,score,alpha,step_norm,z_coarse
1906,0,5.25952,0.65,step,-4
1906,1,7.05144,0.8,step,-3
1906,2,9.12679,0.95,step,-2
1906,3,10.1065,1.1,step,-1
1906,4,10.5281,1.25,step,0

frame,idx,score,alpha,step_norm,z_coarse
1907,0,5.26102,0.65,step,-4
1907,1,7.05302,0.8,step,-3
1907,2,9.12792,0.95,step,-2
1907,3,10.1076,1.1,step,-1
1907,4,10.5277,1.25,step,0

frame,idx,score,alpha,step_norm,z_coarse
1908,0,5.2586,0.65,step,-4
1908,1,7.04598,0.8,step,-3
1908,2,9.11752,0.95,step,-2
1908,3,10.0999,1.1,step,-1
1908,4,10.5255,1.25,step,0

frame,idx,score,alpha,step_norm,z_coarse
1909,0,5.26238,0.65,step,-4
1909,1,7.05103,0.8,step,-3
1909,2,9.12236,0.95,step,-2
1909,3,10.1017,1.1,step,-1
1909,4,10.5258,1.25,step,0

frame,idx,score,alpha,step_norm,z_coarse
1910,0,5.26255,0.65,step,-4
1910,1,7.05363,0.8,step,-3
1910,2,9.13107,0.95,step,-2
1910,3,10.1077,1.1,step,-1
1910,4,10.525,1.25,step,0

frame,idx,score,alpha,step_norm,z_coarse
1911,0,5.263,0.65,step,-4
1911,1,7.05412,0.8,step,-3
1911,2,9.1277,0.95,step,-2
1911,3,10.1091,1.1,step,-1
1911,4,10.5328,1.25,step,0

frame,idx,score,alpha,step_norm,z_coarse
1912,0,5.26327,0.65,step,-4
1912,1,7.05375,0.8,step,-3
1912,2,9.13312,0.95,step,-2
1912,3,10.1121,1.1,step,-1
1912,4,10.5283,1.25,step,0

frame,idx,score,alpha,step_norm,z_coarse
1913,0,5.26564,0.65,step,-4
1913,1,7.05807,0.8,step,-3
1913,2,9.13507,0.95,step,-2
1913,3,10.113,1.1,step,-1
1913,4,10.5305,1.25,step,0

frame,idx,score,alpha,step_norm,z_coarse
1914,0,5.26338,0.65,step,-4
1914,1,7.05492,0.8,step,-3
1914,2,9.13409,0.95,step,-2
1914,3,10.1122,1.1,step,-1
1914,4,10.5311,1.25,step,0

frame,idx,score,alpha,step_norm,z_coarse
1915,0,5.26027,0.65,step,-4
1915,1,7.05249,0.8,step,-3
1915,2,9.12469,0.95,step,-2
1915,3,10.1031,1.1,step,-1
1915,4,10.5242,1.25,step,0

frame,idx,score,alpha,step_norm,z_coarse
1916,0,5.2647,0.65,step,-4
1916,1,7.05655,0.8,step,-3
1916,2,9.13218,0.95,step,-2
1916,3,10.1111,1.1,step,-1
1916,4,10.5292,1.25,step,0

frame,idx,score,alpha,step_norm,z_coarse
1917,0,5.26232,0.65,step,-4
1917,1,7.05469,0.8,step,-3
1917,2,9.13365,0.95,step,-2
1917,3,10.11,1.1,step,-1
1917,4,10.5243,1.25,step,0

frame,idx,score,alpha,step_norm,z_coarse
1918,0,5.26616,0.65,step,-4
1918,1,7.05886,0.8,step,-3
1918,2,9.1394,0.95,step,-2
1918,3,10.1168,1.1,step,-1
1918,4,10.5319,1.25,step,0

frame,idx,score,alpha,step_norm,z_coarse
1919,0,5.2608,0.65,step,-4
1919,1,7.05359,0.8,step,-3
1919,2,9.12928,0.95,step,-2
1919,3,10.1067,1.1,step,-1
1919,4,10.5249,1.25,step,0

frame,idx,score,alpha,step_norm,z_coarse
1920,0,5.26156,0.65,step,-4
1920,1,7.05232,0.8,step,-3
1920,2,9.12858,0.95,step,-2
1920,3,10.1078,1.1,step,-1
1920,4,10.5275,1.25,step,0

frame,idx,score,alpha,step_norm,z_coarse
1921,0,5.2649,0.65,step,-4
1921,1,7.05628,0.8,step,-3
1921,2,9.13213,0.95,step,-2
1921,3,10.1067,1.1,step,-1
1921,4,10.5198,1.25,step,0

frame,idx,score,alpha,step_norm,z_coarse
1922,0,5.26971,0.65,step,-4
1922,1,7.06106,0.8,step,-3
1922,2,9.14144,0.95,step,-2
1922,3,10.1188,1.1,step,-1
1922,4,10.5343,1.25,step,0

frame,idx,score,alpha,step_norm,z_coarse
1923,0,5.26242,0.65,step,-4
1923,1,7.04767,0.8,step,-3
1923,2,9.11921,0.95,step,-2
1923,3,10.0985,1.1,step,-1
1923,4,10.5188,1.25,step,0

frame,idx,score,alpha,step_norm,z_coarse
1924,0,5.26448,0.65,step,-4
1924,1,7.05775,0.8,step,-3
1924,2,9.13657,0.95,step,-2
1924,3,10.1115,1.1,step,-1
1924,4,10.5244,1.25,step,0

frame,idx,score,alpha,step_norm,z_coarse
1925,0,5.2642,0.65,step,-4
1925,1,7.05528,0.8,step,-3
1925,2,9.13038,0.95,step,-2
1925,3,10.108,1.1,step,-1
1925,4,10.5271,1.25,step,0

frame,idx,score,alpha,step_norm,z_coarse
1926,0,5.26549,0.65,step,-4
1926,1,7.05896,0.8,step,-3
1926,2,9.1394,0.95,step,-2
1926,3,10.1144,1.1,step,-1
1926,4,10.5265,1.25,step,0

frame,idx,score,alpha,step_norm,z_coarse
1927,0,5.26729,0.65,step,-4
1927,1,7.06049,0.8,step,-3
1927,2,9.14071,0.95,step,-2
1927,3,10.1155,1.1,step,-1
1927,4,10.5268,1.25,step,0

frame,idx,score,alpha,step_norm,z_coarse
1928,0,5.26442,0.65,step,-4
1928,1,7.05795,0.8,step,-3
1928,2,9.13696,0.95,step,-2
1928,3,10.1141,1.1,step,-1
1928,4,10.53,1.25,step,0

frame,idx,score,alpha,step_norm,z_coarse
1929,0,5.26624,0.65,step,-4
1929,1,7.0579,0.8,step,-3
1929,2,9.14191,0.95,step,-2
1929,3,10.1172,1.1,step,-1
1929,4,10.5275,1.25,step,0

frame,idx,score,alpha,step_norm,z_coarse
1930,0,5.26181,0.65,step,-4
1930,1,7.05148,0.8,step,-3
1930,2,9.12771,0.95,step,-2
1930,3,10.1084,1.1,step,-1
1930,4,10.5317,1.25,step,0

frame,idx,score,alpha,step_norm,z_coarse
1931,0,5.26408,0.65,step,-4
1931,1,7.0545,0.8,step,-3
1931,2,9.13098,0.95,step,-2
1931,3,10.109,1.1,step,-1
1931,4,10.5241,1.25,step,0

frame,idx,score,alpha,step_norm,z_coarse
1932,0,5.26524,0.65,step,-4
1932,1,7.05861,0.8,step,-3
1932,2,9.13697,0.95,step,-2
1932,3,10.1142,1.1,step,-1
1932,4,10.531,1.25,step,0

frame,idx,score,alpha,step_norm,z_coarse
1933,0,5.26269,0.65,step,-4
1933,1,7.05297,0.8,step,-3
1933,2,9.12972,0.95,step,-2
1933,3,10.1104,1.1,step,-1
1933,4,10.5304,1.25,step,0

frame,idx,score,alpha,step_norm,z_coarse
1934,0,5.26022,0.65,step,-4
1934,1,7.0498,0.8,step,-3
1934,2,9.12164,0.95,step,-2
1934,3,10.1001,1.1,step,-1
1934,4,10.5223,1.25,step,0

frame,idx,score,alpha,step_norm,z_coarse
1935,0,5.26347,0.65,step,-4
1935,1,7.0558,0.8,step,-3
1935,2,9.13024,0.95,step,-2
1935,3,10.1072,1.1,step,-1
1935,4,10.5262,1.25,step,0

frame,idx,score,alpha,step_norm,z_coarse
1936,0,5.26365,0.65,step,-4
1936,1,7.05589,0.8,step,-3
1936,2,9.13337,0.95,step,-2
1936,3,10.1103,1.1,step,-1
1936,4,10.5248,1.25,step,0

frame,idx,score,alpha,step_norm,z_coarse
1937,0,5.26216,0.65,step,-4
1937,1,7.05191,0.8,step,-3
1937,2,9.12737,0.95,step,-2
1937,3,10.1048,1.1,step,-1
1937,4,10.5217,1.25,step,0

frame,idx,score,alpha,step_norm,z_coarse
1938,0,5.2642,0.65,step,-4
1938,1,7.05573,0.8,step,-3
1938,2,9.13607,0.95,step,-2
1938,3,10.1141,1.1,step,-1
1938,4,10.5322,1.25,step,0

frame,idx,score,alpha,step_norm,z_coarse
1939,0,5.26432,0.65,step,-4
1939,1,7.05659,0.8,step,-3
1939,2,9.13735,0.95,step,-2
1939,3,10.1144,1.1,step,-1
1939,4,10.5293,1.25,step,0

frame,idx,score,alpha,step_norm,z_coarse
1940,0,5.26771,0.65,step,-4
1940,1,7.06148,0.8,step,-3
1940,2,9.1428,0.95,step,-2
1940,3,10.1178,1.1,step,-1
1940,4,10.5291,1.25,step,0

frame,idx,score,alpha,step_norm,z_coarse
1941,0,5.26613,0.65,step,-4
1941,1,7.05647,0.8,step,-3
1941,2,9.13873,0.95,step,-2
1941,3,10.1171,1.1,step,-1
1941,4,10.533,1.25,step,0

frame,idx,score,alpha,step_norm,z_coarse
1942,0,5.26282,0.65,step,-4
1942,1,7.05243,0.8,step,-3
1942,2,9.1318,0.95,step,-2
1942,3,10.1099,1.1,step,-1
1942,4,10.5235,1.25,step,0

frame,idx,score,alpha,step_norm,z_coarse
1943,0,5.26539,0.65,step,-4
1943,1,7.05703,0.8,step,-3
1943,2,9.13129,0.95,step,-2
1943,3,10.1071,1.1,step,-1
1943,4,10.5232,1.25,step,0

frame,idx,score,alpha,step_norm,z_coarse
1944,0,5.26873,0.65,step,-4
1944,1,7.06056,0.8,step,-3
1944,2,9.13887,0.95,step,-2
1944,3,10.1174,1.1,step,-1
1944,4,10.5313,1.25,step,0

frame,idx,score,alpha,step_norm,z_coarse
1945,0,5.26974,0.65,step,-4
1945,1,7.06251,0.8,step,-3
1945,2,9.13965,0.95,step,-2
1945,3,10.1158,1.1,step,-1
1945,4,10.529,1.25,step,0

frame,idx,score,alpha,step_norm,z_coarse
1946,0,5.26706,0.65,step,-4
1946,1,7.05843,0.8,step,-3
1946,2,9.13634,0.95,step,-2
1946,3,10.1135,1.1,step,-1
1946,4,10.5296,1.25,step,0

frame,idx,score,alpha,step_norm,z_coarse
1947,0,5.26787,0.65,step,-4
1947,1,7.06002,0.8,step,-3
1947,2,9.14298,0.95,step,-2
1947,3,10.1174,1.1,step,-1
1947,4,10.5279,1.25,step,0

frame,idx,score,alpha,step_norm,z_coarse
1948,0,5.26422,0.65,step,-4
1948,1,7.05523,0.8,step,-3
1948,2,9.12964,0.95,step,-2
1948,3,10.1064,1.1,step,-1
1948,4,10.5228,1.25,step,0

frame,idx,score,alpha,step_norm,z_coarse
1949,0,5.26458,0.65,step,-4
1949,1,7.0527,0.8,step,-3
1949,2,9.12648,0.95,step,-2
1949,3,10.1048,1.1,step,-1
1949,4,10.5233,1.25,step,0

frame,idx,score,alpha,step_norm,z_coarse
1950,0,5.26267,0.65,step,-4
1950,1,7.05343,0.8,step,-3
1950,2,9.12854,0.95,step,-2
1950,3,10.1065,1.1,step,-1
1950,4,10.5275,1.25,step,0

frame,idx,score,alpha,step_norm,z_coarse
1951,0,5.26251,0.65,step,-4
1951,1,7.05452,0.8,step,-3
1951,2,9.13283,0.95,step,-2
1951,3,10.1125,1.1,step,-1
1951,4,10.5321,1.25,step,0

frame,idx,score,alpha,step_norm,z_coarse
1952,0,5.26157,0.65,step,-4
1952,1,7.05174,0.8,step,-3
1952,2,9.13044,0.95,step,-2
1952,3,10.1075,1.1,step,-1
1952,4,10.5236,1.25,step,0

frame,idx,score,alpha,step_norm,z_coarse
1953,0,5.2599,0.65,step,-4
1953,1,7.05064,0.8,step,-3
1953,2,9.12715,0.95,step,-2
1953,3,10.1064,1.1,step,-1
1953,4,10.5257,1.25,step,0

frame,idx,score,alpha,step_norm,z_coarse
1954,0,5.26605,0.65,step,-4
1954,1,7.05441,0.8,step,-3
1954,2,9.13174,0.95,step,-2
1954,3,10.1135,1.1,step,-1
1954,4,10.5348,1.25,step,0

frame,idx,score,alpha,step_norm,z_coarse
1955,0,5.26161,0.65,step,-4
1955,1,7.05292,0.8,step,-3
1955,2,9.12931,0.95,step,-2
1955,3,10.1071,1.1,step,-1
1955,4,10.5261,1.25,step,0

frame,idx,score,alpha,step_norm,z_coarse
1956,0,5.26155,0.65,step,-4
1956,1,7.05481,0.8,step,-3
1956,2,9.13476,0.95,step,-2
1956,3,10.1119,1.1,step,-1
1956,4,10.525,1.25,step,0

frame,idx,score,alpha,step_norm,z_coarse
1957,0,5.26701,0.65,step,-4
1957,1,7.05909,0.8,step,-3
1957,2,9.14066,0.95,step,-2
1957,3,10.117,1.1,step,-1
1957,4,10.5289,1.25,step,0

frame,idx,score,alpha,step_norm,z_coarse
1958,0,5.26782,0.65,step,-4
1958,1,7.05828,0.8,step,-3
1958,2,9.13749,0.95,step,-2
1958,3,10.1153,1.1,step,-1
1958,4,10.5309,1.25,step,0

frame,idx,score,alpha,step_norm,z_coarse
1959,0,5.26413,0.65,step,-4
1959,1,7.05531,0.8,step,-3
1959,2,9.13722,0.95,step,-2
1959,3,10.113,1.1,step,-1
1959,4,10.5234,1.25,step,0

frame,idx,score,alpha,step_norm,z_coarse
1960,0,5.26611,0.65,step,-4
1960,1,7.05654,0.8,step,-3
1960,2,9.13181,0.95,step,-2
1960,3,10.1085,1.1,step,-1
1960,4,10.5251,1.25,step,0

frame,idx,score,alpha,step_norm,z_coarse
1961,0,5.2654,0.65,step,-4
1961,1,7.05473,0.8,step,-3
1961,2,9.13098,0.95,step,-2
1961,3,10.1093,1.1,step,-1
1961,4,10.5269,1.25,step,0

frame,idx,score,alpha,step_norm,z_coarse
1962,0,5.26886,0.65,step,-4
1962,1,7.06188,0.8,step,-3
1962,2,9.14072,0.95,step,-2
1962,3,10.1168,1.1,step,-1
1962,4,10.5287,1.25,step,0

frame,idx,score,alpha,step_norm,z_coarse
1963,0,5.26484,0.65,step,-4
1963,1,7.05545,0.8,step,-3
1963,2,9.13481,0.95,step,-2
1963,3,10.1123,1.1,step,-1
1963,4,10.5282,1.25,step,0

frame,idx,score,alpha,step_norm,z_coarse
1964,0,5.26759,0.65,step,-4
1964,1,7.05965,0.8,step,-3
1964,2,9.14122,0.95,step,-2
1964,3,10.1164,1.1,step,-1
1964,4,10.527,1.25,step,0

frame,idx,score,alpha,step_norm,z_coarse
1965,0,5.26563,0.65,step,-4
1965,1,7.05893,0.8,step,-3
1965,2,9.13942,0.95,step,-2
1965,3,10.1144,1.1,step,-1
1965,4,10.5266,1.25,step,0

frame,idx,score,alpha,step_norm,z_coarse
1966,0,5.26321,0.65,step,-4
1966,1,7.057,0.8,step,-3
1966,2,9.13936,0.95,step,-2
1966,3,10.114,1.1,step,-1
1966,4,10.5238,1.25,step,0

frame,idx,score,alpha,step_norm,z_coarse
1967,0,5.27092,0.65,step,-4
1967,1,7.06409,0.8,step,-3
1967,2,9.14649,0.95,step,-2
1967,3,10.1195,1.1,step,-1
1967,4,10.5267,1.25,step,0

frame,idx,score,alpha,step_norm,z_coarse
1968,0,5.27025,0.65,step,-4
1968,1,7.06484,0.8,step,-3
1968,2,9.14748,0.95,step,-2
1968,3,10.121,1.1,step,-1
1968,4,10.528,1.25,step,0

frame,idx,score,alpha,step_norm,z_coarse
1969,0,5.26694,0.65,step,-4
1969,1,7.06049,0.8,step,-3
1969,2,9.14283,0.95,step,-2
1969,3,10.1189,1.1,step,-1
1969,4,10.528,1.25,step,0

frame,idx,score,alpha,step_norm,z_coarse
1970,0,5.26625,0.65,step,-4
1970,1,7.05907,0.8,step,-3
1970,2,9.13989,0.95,step,-2
1970,3,10.1151,1.1,step,-1
1970,4,10.5254,1.25,step,0

frame,idx,score,alpha,step_norm,z_coarse
1971,0,5.27171,0.65,step,-4
1971,1,7.06796,0.8,step,-3
1971,2,9.15076,0.95,step,-2
1971,3,10.1222,1.1,step,-1
1971,4,10.5271,1.25,step,0

frame,idx,score,alpha,step_norm,z_coarse
1972,0,5.26785,0.65,step,-4
1972,1,7.06193,0.8,step,-3
1972,2,9.14032,0.95,step,-2
1972,3,10.1152,1.1,step,-1
1972,4,10.5267,1.25,step,0

frame,idx,score,alpha,step_norm,z_coarse
1973,0,5.26567,0.65,step,-4
1973,1,7.05769,0.8,step,-3
1973,2,9.1346,0.95,step,-2
1973,3,10.1091,1.1,step,-1
1973,4,10.522,1.25,step,0

frame,idx,score,alpha,step_norm,z_coarse
1974,0,5.26816,0.65,step,-4
1974,1,7.06141,0.8,step,-3
1974,2,9.1404,0.95,step,-2
1974,3,10.1133,1.1,step,-1
1974,4,10.5231,1.25,step,0

frame,idx,score,alpha,step_norm,z_coarse
1975,0,5.26959,0.65,step,-4
1975,1,7.06169,0.8,step,-3
1975,2,9.14493,0.95,step,-2
1975,3,10.121,1.1,step,-1
1975,4,10.5315,1.25,step,0

frame,idx,score,alpha,step_norm,z_coarse
1976,0,5.26478,0.65,step,-4
1976,1,7.05822,0.8,step,-3
1976,2,9.14112,0.95,step,-2
1976,3,10.1175,1.1,step,-1
1976,4,10.5296,1.25,step,0

frame,idx,score,alpha,step_norm,z_coarse
1977,0,5.26905,0.65,step,-4
1977,1,7.06148,0.8,step,-3
1977,2,9.14626,0.95,step,-2
1977,3,10.1208,1.1,step,-1
1977,4,10.5276,1.25,step,0

frame,idx,score,alpha,step_norm,z_coarse
1978,0,5.26811,0.65,step,-4
1978,1,7.06004,0.8,step,-3
1978,2,9.14147,0.95,step,-2
1978,3,10.1149,1.1,step,-1
1978,4,10.5232,1.25,step,0

frame,idx,score,alpha,step_norm,z_coarse
1979,0,5.26737,0.65,step,-4
1979,1,7.0634,0.8,step,-3
1979,2,9.15244,0.95,step,-2
1979,3,10.1267,1.1,step,-1
1979,4,10.5312,1.25,step,0

frame,idx,score,alpha,step_norm,z_coarse
1980,0,5.26719,0.65,step,-4
1980,1,7.06089,0.8,step,-3
1980,2,9.14201,0.95,step,-2
1980,3,10.1175,1.1,step,-1
1980,4,10.529,1.25,step,0

frame,idx,score,alpha,step_norm,z_coarse
1981,0,5.26577,0.65,step,-4
1981,1,7.05769,0.8,step,-3
1981,2,9.1392,0.95,step,-2
1981,3,10.1142,1.1,step,-1
1981,4,10.526,1.25,step,0

frame,idx,score,alpha,step_norm,z_coarse
1982,0,5.27035,0.65,step,-4
1982,1,7.0639,0.8,step,-3
1982,2,9.15013,0.95,step,-2
1982,3,10.1235,1.1,step,-1
1982,4,10.5297,1.25,step,0

frame,idx,score,alpha,step_norm,z_coarse
1983,0,5.27047,0.65,step,-4
1983,1,7.06734,0.8,step,-3
1983,2,9.15197,0.95,step,-2
1983,3,10.1236,1.1,step,-1
1983,4,10.5275,1.25,step,0

frame,idx,score,alpha,step_norm,z_coarse
1984,0,5.26488,0.65,step,-4
1984,1,7.05783,0.8,step,-3
1984,2,9.14277,0.95,step,-2
1984,3,10.1174,1.1,step,-1
1984,4,10.5249,1.25,step,0

frame,idx,score,alpha,step_norm,z_coarse
1985,0,5.26615,0.65,step,-4
1985,1,7.06116,0.8,step,-3
1985,2,9.14232,0.95,step,-2
1985,3,10.1155,1.1,step,-1
1985,4,10.5245,1.25,step,0

frame,idx,score,alpha,step_norm,z_coarse
1986,0,5.26833,0.65,step,-4
1986,1,7.06344,0.8,step,-3
1986,2,9.14845,0.95,step,-2
1986,3,10.1212,1.1,step,-1
1986,4,10.5276,1.25,step,0

frame,idx,score,alpha,step_norm,z_coarse
1987,0,5.27253,0.65,step,-4
1987,1,7.06973,0.8,step,-3
1987,2,9.15802,0.95,step,-2
1987,3,10.1298,1.1,step,-1
1987,4,10.5314,1.25,step,0

frame,idx,score,alpha,step_norm,z_coarse
1988,0,5.26824,0.65,step,-4
1988,1,7.06403,0.8,step,-3
1988,2,9.151,0.95,step,-2
1988,3,10.1225,1.1,step,-1
1988,4,10.5255,1.25,step,0

frame,idx,score,alpha,step_norm,z_coarse
1989,0,5.26924,0.65,step,-4
1989,1,7.06422,0.8,step,-3
1989,2,9.14759,0.95,step,-2
1989,3,10.1201,1.1,step,-1
1989,4,10.5266,1.25,step,0

frame,idx,score,alpha,step_norm,z_coarse
1990,0,5.26777,0.65,step,-4
1990,1,7.06302,0.8,step,-3
1990,2,9.14527,0.95,step,-2
1990,3,10.1176,1.1,step,-1
1990,4,10.5248,1.25,step,0

frame,idx,score,alpha,step_norm,z_coarse
1991,0,5.27027,0.65,step,-4
1991,1,7.06287,0.8,step,-3
1991,2,9.14722,0.95,step,-2
1991,3,10.1206,1.1,step,-1
1991,4,10.5253,1.25,step,0

frame,idx,score,alpha,step_norm,z_coarse
1992,0,5.2702,0.65,step,-4
1992,1,7.06288,0.8,step,-3
1992,2,9.1452,0.95,step,-2
1992,3,10.1179,1.1,step,-1
1992,4,10.5233,1.25,step,0

frame,idx,score,alpha,step_norm,z_coarse
1993,0,5.26547,0.65,step,-4
1993,1,7.05793,0.8,step,-3
1993,2,9.13647,0.95,step,-2
1993,3,10.113,1.1,step,-1
1993,4,10.5269,1.25,step,0

frame,idx,score,alpha,step_norm,z_coarse
1994,0,5.26088,0.65,step,-4
1994,1,7.05184,0.8,step,-3
1994,2,9.12344,0.95,step,-2
1994,3,10.1033,1.1,step,-1
1994,4,10.5251,1.25,step,0

frame,idx,score,alpha,step_norm,z_coarse
1995,0,5.26088,0.65,step,-4
1995,1,7.04481,0.8,step,-3
1995,2,9.11091,0.95,step,-2
1995,3,10.0931,1.1,step,-1
1995,4,10.524,1.25,step,0

frame,idx,score,alpha,step_norm,z_coarse
1996,0,5.25507,0.65,step,-4
1996,1,7.03895,0.8,step,-3
1996,2,9.10315,0.95,step,-2
1996,3,10.089,1.1,step,-1
1996,4,10.5257,1.25,step,0

frame,idx,score,alpha,step_norm,z_coarse
1997,0,5.24862,0.65,step,-4
1997,1,7.02737,0.8,step,-3
1997,2,9.08569,0.95,step,-2
1997,3,10.0749,1.1,step,-1
1997,4,10.5223,1.25,step,0

frame,idx,score,alpha,step_norm,z_coarse
1998,0,5.24172,0.65,step,-4
1998,1,7.0173,0.8,step,-3
1998,2,9.0666,0.95,step,-2
1998,3,10.0616,1.1,step,-1
1998,4,10.5224,1.25,step,0

frame,idx,score,alpha,step_norm,z_coarse
1999,0,5.23821,0.65,step,-4
1999,1,7.01325,0.8,step,-3
1999,2,9.05282,0.95,step,-2
1999,3,10.0486,1.1,step,-1
1999,4,10.517,1.25,step,0

frame,idx,score,alpha,step_norm,z_coarse
2000,0,5.22456,0.65,step,-4
2000,1,6.99137,0.8,step,-3
2000,2,9.01224,0.95,step,-2
2000,3,10.0155,1.1,step,-1
2000,4,10.5105,1.25,step,0

frame,idx,score,alpha,step_norm,z_coarse
2001,0,5.21965,0.65,step,-4
2001,1,6.98391,0.8,step,-3
2001,2,8.99944,0.95,step,-2
2001,3,10.0069,1.1,step,-1
2001,4,10.5113,1.25,step,0

frame,idx,score,alpha,step_norm,z_coarse
2002,0,5.21924,0.65,step,-4
2002,1,6.98308,0.8,step,-3
2002,2,8.99246,0.95,step,-2
2002,3,9.99869,1.1,step,-1
2002,4,10.5075,1.25,step,0

frame,idx,score,alpha,step_norm,z_coarse
2003,0,5.21364,0.65,step,-4
2003,1,6.97175,0.8,step,-3
2003,2,8.97424,0.95,step,-2
2003,3,9.9872,1.1,step,-1
2003,4,10.5086,1.25,step,0

frame,idx,score,alpha,step_norm,z_coarse
2004,0,5.20691,0.65,step,-4
2004,1,6.96199,0.8,step,-3
2004,2,8.95421,0.95,step,-2
2004,3,9.96603,1.1,step,-1
2004,4,10.4965,1.25,step,0

frame,idx,score,alpha,step_norm,z_coarse
2005,0,5.20334,0.65,step,-4
2005,1,6.95541,0.8,step,-3
2005,2,8.94407,0.95,step,-2
2005,3,9.96109,1.1,step,-1
2005,4,10.4984,1.25,step,0

frame,idx,score,alpha,step_norm,z_coarse
2006,0,5.20537,0.65,step,-4
2006,1,6.95609,0.8,step,-3
2006,2,8.94142,0.95,step,-2
2006,3,9.9601,1.1,step,-1
2006,4,10.5006,1.25,step,0

frame,idx,score,alpha,step_norm,z_coarse
2007,0,5.19309,0.65,step,-4
2007,1,6.93534,0.8,step,-3
2007,2,8.90221,0.95,step,-2
2007,3,9.9237,1.1,step,-1
2007,4,10.4864,1.25,step,0

frame,idx,score,alpha,step_norm,z_coarse
2008,0,5.18671,0.65,step,-4
2008,1,6.92563,0.8,step,-3
2008,2,8.88877,0.95,step,-2
2008,3,9.9129,1.1,step,-1
2008,4,10.4807,1.25,step,0

frame,idx,score,alpha,step_norm,z_coarse
2009,0,5.18267,0.65,step,-4
2009,1,6.92135,0.8,step,-3
2009,2,8.87596,0.95,step,-2
2009,3,9.89851,1.1,step,-1
2009,4,10.4756,1.25,step,0

frame,idx,score,alpha,step_norm,z_coarse
2010,0,5.17886,0.65,step,-4
2010,1,6.91527,0.8,step,-3
2010,2,8.86478,0.95,step,-2
2010,3,9.88956,1.1,step,-1
2010,4,10.4723,1.25,step,0

frame,idx,score,alpha,step_norm,z_coarse
2011,0,5.17621,0.65,step,-4
2011,1,6.90974,0.8,step,-3
2011,2,8.85449,0.95,step,-2
2011,3,9.88176,1.1,step,-1
2011,4,10.47,1.25,step,0

frame,idx,score,alpha,step_norm,z_coarse
2012,0,5.17447,0.65,step,-4
2012,1,6.90821,0.8,step,-3
2012,2,8.85026,0.95,step,-2
2012,3,9.87522,1.1,step,-1
2012,4,10.4629,1.25,step,0

frame,idx,score,alpha,step_norm,z_coarse
2013,0,5.17607,0.65,step,-4
2013,1,6.90573,0.8,step,-3
2013,2,8.84829,0.95,step,-2
2013,3,9.87639,1.1,step,-1
2013,4,10.4693,1.25,step,0

frame,idx,score,alpha,step_norm,z_coarse
2014,0,5.17705,0.65,step,-4
2014,1,6.90679,0.8,step,-3
2014,2,8.84891,0.95,step,-2
2014,3,9.87677,1.1,step,-1
2014,4,10.4691,1.25,step,0

frame,idx,score,alpha,step_norm,z_coarse
2015,0,5.17104,0.65,step,-4
2015,1,6.90018,0.8,step,-3
2015,2,8.8345,0.95,step,-2
2015,3,9.86084,1.1,step,-1
2015,4,10.4579,1.25,step,0

frame,idx,score,alpha,step_norm,z_coarse
2016,0,5.17064,0.65,step,-4
2016,1,6.89722,0.8,step,-3
2016,2,8.83349,0.95,step,-2
2016,3,9.86154,1.1,step,-1
2016,4,10.4583,1.25,step,0

frame,idx,score,alpha,step_norm,z_coarse
2017,0,5.17491,0.65,step,-4
2017,1,6.90522,0.8,step,-3
2017,2,8.84156,0.95,step,-2
2017,3,9.86851,1.1,step,-1
2017,4,10.4658,1.25,step,0

frame,idx,score,alpha,step_norm,z_coarse
2018,0,5.16381,0.65,step,-4
2018,1,6.88686,0.8,step,-3
2018,2,8.81169,0.95,step,-2
2018,3,9.83947,1.1,step,-1
2018,4,10.4486,1.25,step,0

frame,idx,score,alpha,step_norm,z_coarse
2019,0,5.16428,0.65,step,-4
2019,1,6.88539,0.8,step,-3
2019,2,8.80746,0.95,step,-2
2019,3,9.83757,1.1,step,-1
2019,4,10.448,1.25,step,0

frame,idx,score,alpha,step_norm,z_coarse
2020,0,5.16053,0.65,step,-4
2020,1,6.8791,0.8,step,-3
2020,2,8.79591,0.95,step,-2
2020,3,9.82583,1.1,step,-1
2020,4,10.4439,1.25,step,0

frame,idx,score,alpha,step_norm,z_coarse
2021,0,5.15994,0.65,step,-4
2021,1,6.87672,0.8,step,-3
2021,2,8.7894,0.95,step,-2
2021,3,9.81781,1.1,step,-1
2021,4,10.4351,1.25,step,0

frame,idx,score,alpha,step_norm,z_coarse
2022,0,5.1566,0.65,step,-4
2022,1,6.87381,0.8,step,-3
2022,2,8.78129,0.95,step,-2
2022,3,9.81066,1.1,step,-1
2022,4,10.4298,1.25,step,0

frame,idx,score,alpha,step_norm,z_coarse
2023,0,5.15807,0.65,step,-4
2023,1,6.87622,0.8,step,-3
2023,2,8.78815,0.95,step,-2
2023,3,9.81788,1.1,step,-1
2023,4,10.438,1.25,step,0

frame,idx,score,alpha,step_norm,z_coarse
2024,0,5.15764,0.65,step,-4
2024,1,6.87233,0.8,step,-3
2024,2,8.78581,0.95,step,-2
2024,3,9.81547,1.1,step,-1
2024,4,10.4363,1.25,step,0

frame,idx,score,alpha,step_norm,z_coarse
2025,0,5.15687,0.65,step,-4
2025,1,6.87399,0.8,step,-3
2025,2,8.7821,0.95,step,-2
2025,3,9.81052,1.1,step,-1
2025,4,10.4338,1.25,step,0

frame,idx,score,alpha,step_norm,z_coarse
2026,0,5.15312,0.65,step,-4
2026,1,6.86803,0.8,step,-3
2026,2,8.77424,0.95,step,-2
2026,3,9.80459,1.1,step,-1
2026,4,10.4321,1.25,step,0

frame,idx,score,alpha,step_norm,z_coarse
2027,0,5.15003,0.65,step,-4
2027,1,6.86037,0.8,step,-3
2027,2,8.76179,0.95,step,-2
2027,3,9.79179,1.1,step,-1
2027,4,10.4228,1.25,step,0

frame,idx,score,alpha,step_norm,z_coarse
2028,0,5.15044,0.65,step,-4
2028,1,6.86297,0.8,step,-3
2028,2,8.76576,0.95,step,-2
2028,3,9.79722,1.1,step,-1
2028,4,10.4289,1.25,step,0

frame,idx,score,alpha,step_norm,z_coarse
2029,0,5.15128,0.65,step,-4
2029,1,6.86616,0.8,step,-3
2029,2,8.77029,0.95,step,-2
2029,3,9.80026,1.1,step,-1
2029,4,10.4294,1.25,step,0

frame,idx,score,alpha,step_norm,z_coarse
2030,0,5.14957,0.65,step,-4
2030,1,6.86337,0.8,step,-3
2030,2,8.76447,0.95,step,-2
2030,3,9.79162,1.1,step,-1
2030,4,10.4204,1.25,step,0

frame,idx,score,alpha,step_norm,z_coarse
2031,0,5.15027,0.65,step,-4
2031,1,6.86253,0.8,step,-3
2031,2,8.76101,0.95,step,-2
2031,3,9.78954,1.1,step,-1
2031,4,10.4206,1.25,step,0

frame,idx,score,alpha,step_norm,z_coarse
2032,0,5.15012,0.65,step,-4
2032,1,6.86025,0.8,step,-3
2032,2,8.75654,0.95,step,-2
2032,3,9.78424,1.1,step,-1
2032,4,10.4163,1.25,step,0

frame,idx,score,alpha,step_norm,z_coarse
2033,0,5.14781,0.65,step,-4
2033,1,6.85817,0.8,step,-3
2033,2,8.75521,0.95,step,-2
2033,3,9.78453,1.1,step,-1
2033,4,10.4187,1.25,step,0

frame,idx,score,alpha,step_norm,z_coarse
2034,0,5.14965,0.65,step,-4
2034,1,6.86049,0.8,step,-3
2034,2,8.76089,0.95,step,-2
2034,3,9.7916,1.1,step,-1
2034,4,10.4255,1.25,step,0

frame,idx,score,alpha,step_norm,z_coarse
2035,0,5.15157,0.65,step,-4
2035,1,6.86194,0.8,step,-3
2035,2,8.7614,0.95,step,-2
2035,3,9.79387,1.1,step,-1
2035,4,10.4285,1.25,step,0

frame,idx,score,alpha,step_norm,z_coarse
2036,0,5.14934,0.65,step,-4
2036,1,6.86106,0.8,step,-3
2036,2,8.76142,0.95,step,-2
2036,3,9.79136,1.1,step,-1
2036,4,10.422,1.25,step,0

frame,idx,score,alpha,step_norm,z_coarse
2037,0,5.15072,0.65,step,-4
2037,1,6.86466,0.8,step,-3
2037,2,8.76383,0.95,step,-2
2037,3,9.79269,1.1,step,-1
2037,4,10.4257,1.25,step,0

frame,idx,score,alpha,step_norm,z_coarse
2038,0,5.14903,0.65,step,-4
2038,1,6.85811,0.8,step,-3
2038,2,8.75393,0.95,step,-2
2038,3,9.78311,1.1,step,-1
2038,4,10.4186,1.25,step,0

frame,idx,score,alpha,step_norm,z_coarse
2039,0,5.14687,0.65,step,-4
2039,1,6.85789,0.8,step,-3
2039,2,8.75295,0.95,step,-2
2039,3,9.78342,1.1,step,-1
2039,4,10.4194,1.25,step,0

frame,idx,score,alpha,step_norm,z_coarse
2040,0,5.15273,0.65,step,-4
2040,1,6.86247,0.8,step,-3
2040,2,8.75971,0.95,step,-2
2040,3,9.78889,1.1,step,-1
2040,4,10.4225,1.25,step,0

frame,idx,score,alpha,step_norm,z_coarse
2041,0,5.15069,0.65,step,-4
2041,1,6.86338,0.8,step,-3
2041,2,8.76516,0.95,step,-2
2041,3,9.79467,1.1,step,-1
2041,4,10.424,1.25,step,0

frame,idx,score,alpha,step_norm,z_coarse
2042,0,5.15208,0.65,step,-4
2042,1,6.86347,0.8,step,-3
2042,2,8.76372,0.95,step,-2
2042,3,9.79202,1.1,step,-1
2042,4,10.4243,1.25,step,0

frame,idx,score,alpha,step_norm,z_coarse
2043,0,5.14976,0.65,step,-4
2043,1,6.86024,0.8,step,-3
2043,2,8.75598,0.95,step,-2
2043,3,9.78572,1.1,step,-1
2043,4,10.4209,1.25,step,0

frame,idx,score,alpha,step_norm,z_coarse
2044,0,5.14345,0.65,step,-4
2044,1,6.85124,0.8,step,-3
2044,2,8.73819,0.95,step,-2
2044,3,9.76716,1.1,step,-1
2044,4,10.4124,1.25,step,0

frame,idx,score,alpha,step_norm,z_coarse
2045,0,5.1364,0.65,step,-4
2045,1,6.83711,0.8,step,-3
2045,2,8.71528,0.95,step,-2
2045,3,9.74439,1.1,step,-1
2045,4,10.3949,1.25,step,0

frame,idx,score,alpha,step_norm,z_coarse
2046,0,5.13754,0.65,step,-4
2046,1,6.83858,0.8,step,-3
2046,2,8.71781,0.95,step,-2
2046,3,9.74691,1.1,step,-1
2046,4,10.4003,1.25,step,0

frame,idx,score,alpha,step_norm,z_coarse
2047,0,5.12874,0.65,step,-4
2047,1,6.82557,0.8,step,-3
2047,2,8.69516,0.95,step,-2
2047,3,9.7234,1.1,step,-1
2047,4,10.3836,1.25,step,0

frame,idx,score,alpha,step_norm,z_coarse
2048,0,5.13111,0.65,step,-4
2048,1,6.82831,0.8,step,-3
2048,2,8.69286,0.95,step,-2
2048,3,9.71953,1.1,step,-1
2048,4,10.381,1.25,step,0

frame,idx,score,alpha,step_norm,z_coarse
2049,0,5.12284,0.65,step,-4
2049,1,6.80972,0.8,step,-3
2049,2,8.66785,0.95,step,-2
2049,3,9.69564,1.1,step,-1
2049,4,10.3637,1.25,step,0

frame,idx,score,alpha,step_norm,z_coarse
2050,0,5.11646,0.65,step,-4
2050,1,6.80064,0.8,step,-3
2050,2,8.64728,0.95,step,-2
2050,3,9.67614,1.1,step,-1
2050,4,10.3517,1.25,step,0

frame,idx,score,alpha,step_norm,z_coarse
2051,0,5.11728,0.65,step,-4
2051,1,6.80056,0.8,step,-3
2051,2,8.64519,0.95,step,-2
2051,3,9.67286,1.1,step,-1
2051,4,10.3521,1.25,step,0

frame,idx,score,alpha,step_norm,z_coarse
2052,0,5.11176,0.65,step,-4
2052,1,6.7936,0.8,step,-3
2052,2,8.62841,0.95,step,-2
2052,3,9.65204,1.1,step,-1
2052,4,10.3325,1.25,step,0

frame,idx,score,alpha,step_norm,z_coarse
2053,0,5.10795,0.65,step,-4
2053,1,6.78357,0.8,step,-3
2053,2,8.61415,0.95,step,-2
2053,3,9.63867,1.1,step,-1
2053,4,10.3239,1.25,step,0

frame,idx,score,alpha,step_norm,z_coarse
2054,0,5.10402,0.65,step,-4
2054,1,6.77851,0.8,step,-3
2054,2,8.60666,0.95,step,-2
2054,3,9.63032,1.1,step,-1
2054,4,10.3183,1.25,step,0

frame,idx,score,alpha,step_norm,z_coarse
2055,0,5.09711,0.65,step,-4
2055,1,6.7643,0.8,step,-3
2055,2,8.57949,0.95,step,-2
2055,3,9.60224,1.1,step,-1
2055,4,10.2991,1.25,step,0

frame,idx,score,alpha,step_norm,z_coarse
2056,0,5.09139,0.65,step,-4
2056,1,6.75102,0.8,step,-3
2056,2,8.5532,0.95,step,-2
2056,3,9.56983,1.1,step,-1
2056,4,10.2713,1.25,step,0

frame,idx,score,alpha,step_norm,z_coarse
2057,0,5.09099,0.65,step,-4
2057,1,6.75306,0.8,step,-3
2057,2,8.55581,0.95,step,-2
2057,3,9.57263,1.1,step,-1
2057,4,10.2747,1.25,step,0

frame,idx,score,alpha,step_norm,z_coarse
2058,0,5.08532,0.65,step,-4
2058,1,6.74379,0.8,step,-3
2058,2,8.54625,0.95,step,-2
2058,3,9.56563,1.1,step,-1
2058,4,10.2711,1.25,step,0

frame,idx,score,alpha,step_norm,z_coarse
2059,0,5.0716,0.65,step,-4
2059,1,6.71648,0.8,step,-3
2059,2,8.49452,0.95,step,-2
2059,3,9.50826,1.1,step,-1
2059,4,10.2225,1.25,step,0

frame,idx,score,alpha,step_norm,z_coarse
2060,0,5.07116,0.65,step,-4
2060,1,6.71821,0.8,step,-3
2060,2,8.49407,0.95,step,-2
2060,3,9.50616,1.1,step,-1
2060,4,10.2239,1.25,step,0

frame,idx,score,alpha,step_norm,z_coarse
2061,0,5.07002,0.65,step,-4
2061,1,6.71439,0.8,step,-3
2061,2,8.48913,0.95,step,-2
2061,3,9.50282,1.1,step,-1
2061,4,10.2208,1.25,step,0

frame,idx,score,alpha,step_norm,z_coarse
2062,0,5.065,0.65,step,-4
2062,1,6.70138,0.8,step,-3
2062,2,8.46618,0.95,step,-2
2062,3,9.47837,1.1,step,-1
2062,4,10.2041,1.25,step,0

frame,idx,score,alpha,step_norm,z_coarse
2063,0,5.05534,0.65,step,-4
2063,1,6.68506,0.8,step,-3
2063,2,8.43814,0.95,step,-2
2063,3,9.44436,1.1,step,-1
2063,4,10.1714,1.25,step,0

frame,idx,score,alpha,step_norm,z_coarse
2064,0,5.05404,0.65,step,-4
2064,1,6.6852,0.8,step,-3
2064,2,8.43611,0.95,step,-2
2064,3,9.44279,1.1,step,-1
2064,4,10.1725,1.25,step,0

frame,idx,score,alpha,step_norm,z_coarse
2065,0,5.04552,0.65,step,-4
2065,1,6.66648,0.8,step,-3
2065,2,8.40361,0.95,step,-2
2065,3,9.40513,1.1,step,-1
2065,4,10.1388,1.25,step,0

frame,idx,score,alpha,step_norm,z_coarse
2066,0,5.0367,0.65,step,-4
2066,1,6.65075,0.8,step,-3
2066,2,8.3808,0.95,step,-2
2066,3,9.38217,1.1,step,-1
2066,4,10.121,1.25,step,0

frame,idx,score,alpha,step_norm,z_coarse
2067,0,5.03738,0.65,step,-4
2067,1,6.65121,0.8,step,-3
2067,2,8.37671,0.95,step,-2
2067,3,9.37574,1.1,step,-1
2067,4,10.1138,1.25,step,0

frame,idx,score,alpha,step_norm,z_coarse
2068,0,5.03247,0.65,step,-4
2068,1,6.63806,0.8,step,-3
2068,2,8.35602,0.95,step,-2
2068,3,9.34979,1.1,step,-1
2068,4,10.0892,1.25,step,0

frame,idx,score,alpha,step_norm,z_coarse
2069,0,5.02689,0.65,step,-4
2069,1,6.62765,0.8,step,-3
2069,2,8.33907,0.95,step,-2
2069,3,9.335,1.1,step,-1
2069,4,10.0791,1.25,step,0

frame,idx,score,alpha,step_norm,z_coarse
2070,0,5.02225,0.65,step,-4
2070,1,6.6197,0.8,step,-3
2070,2,8.32471,0.95,step,-2
2070,3,9.31591,1.1,step,-1
2070,4,10.0591,1.25,step,0

frame,idx,score,alpha,step_norm,z_coarse
2071,0,5.02058,0.65,step,-4
2071,1,6.61697,0.8,step,-3
2071,2,8.32029,0.95,step,-2
2071,3,9.31197,1.1,step,-1
2071,4,10.0571,1.25,step,0

frame,idx,score,alpha,step_norm,z_coarse
2072,0,5.01599,0.65,step,-4
2072,1,6.60705,0.8,step,-3
2072,2,8.3074,0.95,step,-2
2072,3,9.29532,1.1,step,-1
2072,4,10.0402,1.25,step,0

frame,idx,score,alpha,step_norm,z_coarse
2073,0,5.00511,0.65,step,-4
2073,1,6.58694,0.8,step,-3
2073,2,8.27037,0.95,step,-2
2073,3,9.25513,1.1,step,-1
2073,4,10.008,1.25,step,0

frame,idx,score,alpha,step_norm,z_coarse
2074,0,5.0035,0.65,step,-4
2074,1,6.58735,0.8,step,-3
2074,2,8.27555,0.95,step,-2
2074,3,9.26189,1.1,step,-1
2074,4,10.0138,1.25,step,0

frame,idx,score,alpha,step_norm,z_coarse
2075,0,4.99876,0.65,step,-4
2075,1,6.57262,0.8,step,-3
2075,2,8.24869,0.95,step,-2
2075,3,9.23006,1.1,step,-1
2075,4,9.98312,1.25,step,0

frame,idx,score,alpha,step_norm,z_coarse
2076,0,4.98844,0.65,step,-4
2076,1,6.55369,0.8,step,-3
2076,2,8.22173,0.95,step,-2
2076,3,9.19915,1.1,step,-1
2076,4,9.95524,1.25,step,0

frame,idx,score,alpha,step_norm,z_coarse
2077,0,4.9887,0.65,step,-4
2077,1,6.55654,0.8,step,-3
2077,2,8.22188,0.95,step,-2
2077,3,9.19831,1.1,step,-1
2077,4,9.95444,1.25,step,0

frame,idx,score,alpha,step_norm,z_coarse
2078,0,4.98608,0.65,step,-4
2078,1,6.55078,0.8,step,-3
2078,2,8.21145,0.95,step,-2
2078,3,9.18861,1.1,step,-1
2078,4,9.9488,1.25,step,0

frame,idx,score,alpha,step_norm,z_coarse
2079,0,4.97717,0.65,step,-4
2079,1,6.5311,0.8,step,-3
2079,2,8.18374,0.95,step,-2
2079,3,9.15675,1.1,step,-1
2079,4,9.91704,1.25,step,0

frame,idx,score,alpha,step_norm,z_coarse
2080,0,4.97595,0.65,step,-4
2080,1,6.52967,0.8,step,-3
2080,2,8.17676,0.95,step,-2
2080,3,9.14955,1.1,step,-1
2080,4,9.91202,1.25,step,0

frame,idx,score,alpha,step_norm,z_coarse
2081,0,4.9722,0.65,step,-4
2081,1,6.52223,0.8,step,-3
2081,2,8.16865,0.95,step,-2
2081,3,9.14114,1.1,step,-1
2081,4,9.90479,1.25,step,0

frame,idx,score,alpha,step_norm,z_coarse
2082,0,4.96601,0.65,step,-4
2082,1,6.5133,0.8,step,-3
2082,2,8.15476,0.95,step,-2
2082,3,9.12189,1.1,step,-1
2082,4,9.88344,1.25,step,0

frame,idx,score,alpha,step_norm,z_coarse
2083,0,4.964,0.65,step,-4
2083,1,6.50826,0.8,step,-3
2083,2,8.14328,0.95,step,-2
2083,3,9.1079,1.1,step,-1
2083,4,9.87012,1.25,step,0

frame,idx,score,alpha,step_norm,z_coarse
2084,0,4.96499,0.65,step,-4
2084,1,6.51055,0.8,step,-3
2084,2,8.14445,0.95,step,-2
2084,3,9.10784,1.1,step,-1
2084,4,9.87048,1.25,step,0

frame,idx,score,alpha,step_norm,z_coarse
2085,0,4.96555,0.65,step,-4
2085,1,6.50727,0.8,step,-3
2085,2,8.14255,0.95,step,-2
2085,3,9.10889,1.1,step,-1
2085,4,9.87241,1.25,step,0

frame,idx,score,alpha,step_norm,z_coarse
2086,0,4.96468,0.65,step,-4
2086,1,6.50761,0.8,step,-3
2086,2,8.14193,0.95,step,-2
2086,3,9.10739,1.1,step,-1
2086,4,9.87356,1.25,step,0

frame,idx,score,alpha,step_norm,z_coarse
2087,0,4.95695,0.65,step,-4
2087,1,6.49324,0.8,step,-3
2087,2,8.12099,0.95,step,-2
2087,3,9.08218,1.1,step,-1
2087,4,9.84721,1.25,step,0

frame,idx,score,alpha,step_norm,z_coarse
2088,0,4.95452,0.65,step,-4
2088,1,6.49015,0.8,step,-3
2088,2,8.11703,0.95,step,-2
2088,3,9.07957,1.1,step,-1
2088,4,9.84446,1.25,step,0

frame,idx,score,alpha,step_norm,z_coarse
2089,0,4.94499,0.65,step,-4
2089,1,6.47177,0.8,step,-3
2089,2,8.08607,0.95,step,-2
2089,3,9.0414,1.1,step,-1
2089,4,9.80739,1.25,step,0

frame,idx,score,alpha,step_norm,z_coarse
2090,0,4.9446,0.65,step,-4
2090,1,6.47149,0.8,step,-3
2090,2,8.08501,0.95,step,-2
2090,3,9.04164,1.1,step,-1
2090,4,9.80841,1.25,step,0

frame,idx,score,alpha,step_norm,z_coarse
2091,0,4.93432,0.65,step,-4
2091,1,6.45177,0.8,step,-3
2091,2,8.054,0.95,step,-2
2091,3,9.00453,1.1,step,-1
2091,4,9.77241,1.25,step,0

frame,idx,score,alpha,step_norm,z_coarse
2092,0,4.93587,0.65,step,-4
2092,1,6.45397,0.8,step,-3
2092,2,8.05883,0.95,step,-2
2092,3,9.01176,1.1,step,-1
2092,4,9.78163,1.25,step,0

frame,idx,score,alpha,step_norm,z_coarse
2093,0,4.93626,0.65,step,-4
2093,1,6.45485,0.8,step,-3
2093,2,8.05745,0.95,step,-2
2093,3,9.00904,1.1,step,-1
2093,4,9.77753,1.25,step,0

frame,idx,score,alpha,step_norm,z_coarse
2094,0,4.93851,0.65,step,-4
2094,1,6.4567,0.8,step,-3
2094,2,8.06137,0.95,step,-2
2094,3,9.01601,1.1,step,-1
2094,4,9.78533,1.25,step,0

frame,idx,score,alpha,step_norm,z_coarse
2095,0,4.93043,0.65,step,-4
2095,1,6.44522,0.8,step,-3
2095,2,8.04422,0.95,step,-2
2095,3,8.99431,1.1,step,-1
2095,4,9.76401,1.25,step,0

frame,idx,score,alpha,step_norm,z_coarse
2096,0,4.93533,0.65,step,-4
2096,1,6.4527,0.8,step,-3
2096,2,8.05458,0.95,step,-2
2096,3,9.00748,1.1,step,-1
2096,4,9.77769,1.25,step,0

frame,idx,score,alpha,step_norm,z_coarse
2097,0,4.93584,0.65,step,-4
2097,1,6.45321,0.8,step,-3
2097,2,8.05784,0.95,step,-2
2097,3,9.01206,1.1,step,-1
2097,4,9.78263,1.25,step,0

frame,idx,score,alpha,step_norm,z_coarse
2098,0,4.93609,0.65,step,-4
2098,1,6.45537,0.8,step,-3
2098,2,8.05687,0.95,step,-2
2098,3,9.00889,1.1,step,-1
2098,4,9.77924,1.25,step,0

frame,idx,score,alpha,step_norm,z_coarse
2099,0,4.93316,0.65,step,-4
2099,1,6.44762,0.8,step,-3
2099,2,8.04501,0.95,step,-2
2099,3,8.99685,1.1,step,-1
2099,4,9.76833,1.25,step,0

frame,idx,score,alpha,step_norm,z_coarse
2100,0,4.93165,0.65,step,-4
2100,1,6.44769,0.8,step,-3
2100,2,8.04454,0.95,step,-2
2100,3,8.99394,1.1,step,-1
2100,4,9.76527,1.25,step,0

frame,idx,score,alpha,step_norm,z_coarse
2101,0,4.9339,0.65,step,-4
2101,1,6.44752,0.8,step,-3
2101,2,8.04581,0.95,step,-2
2101,3,8.99711,1.1,step,-1
2101,4,9.76804,1.25,step,0

frame,idx,score,alpha,step_norm,z_coarse
2102,0,4.93356,0.65,step,-4
2102,1,6.45202,0.8,step,-3
2102,2,8.05405,0.95,step,-2
2102,3,9.00696,1.1,step,-1
2102,4,9.77642,1.25,step,0

frame,idx,score,alpha,step_norm,z_coarse
2103,0,4.93035,0.65,step,-4
2103,1,6.44519,0.8,step,-3
2103,2,8.04464,0.95,step,-2
2103,3,8.99653,1.1,step,-1
2103,4,9.76714,1.25,step,0

frame,idx,score,alpha,step_norm,z_coarse
2104,0,4.93435,0.65,step,-4
2104,1,6.449,0.8,step,-3
2104,2,8.04722,0.95,step,-2
2104,3,8.99647,1.1,step,-1
2104,4,9.7657,1.25,step,0

frame,idx,score,alpha,step_norm,z_coarse
2105,0,4.92993,0.65,step,-4
2105,1,6.44552,0.8,step,-3
2105,2,8.04723,0.95,step,-2
2105,3,8.99919,1.1,step,-1
2105,4,9.77054,1.25,step,0

frame,idx,score,alpha,step_norm,z_coarse
2106,0,4.93382,0.65,step,-4
2106,1,6.44777,0.8,step,-3
2106,2,8.04564,0.95,step,-2
2106,3,8.99689,1.1,step,-1
2106,4,9.76741,1.25,step,0

frame,idx,score,alpha,step_norm,z_coarse
2107,0,4.93666,0.65,step,-4
2107,1,6.45276,0.8,step,-3
2107,2,8.05494,0.95,step,-2
2107,3,9.00547,1.1,step,-1
2107,4,9.77439,1.25,step,0

frame,idx,score,alpha,step_norm,z_coarse
2108,0,4.92976,0.65,step,-4
2108,1,6.44098,0.8,step,-3
2108,2,8.03672,0.95,step,-2
2108,3,8.98612,1.1,step,-1
2108,4,9.75626,1.25,step,0

frame,idx,score,alpha,step_norm,z_coarse
2109,0,4.93003,0.65,step,-4
2109,1,6.44394,0.8,step,-3
2109,2,8.04096,0.95,step,-2
2109,3,8.99073,1.1,step,-1
2109,4,9.76237,1.25,step,0

frame,idx,score,alpha,step_norm,z_coarse
2110,0,4.92651,0.65,step,-4
2110,1,6.44008,0.8,step,-3
2110,2,8.03715,0.95,step,-2
2110,3,8.98562,1.1,step,-1
2110,4,9.75494,1.25,step,0

frame,idx,score,alpha,step_norm,z_coarse
2111,0,4.92762,0.65,step,-4
2111,1,6.44011,0.8,step,-3
2111,2,8.03598,0.95,step,-2
2111,3,8.9832,1.1,step,-1
2111,4,9.75307,1.25,step,0

frame,idx,score,alpha,step_norm,z_coarse
2112,0,4.93222,0.65,step,-4
2112,1,6.44692,0.8,step,-3
2112,2,8.04675,0.95,step,-2
2112,3,8.99783,1.1,step,-1
2112,4,9.76846,1.25,step,0

frame,idx,score,alpha,step_norm,z_coarse
2113,0,4.93355,0.65,step,-4
2113,1,6.44868,0.8,step,-3
2113,2,8.05025,0.95,step,-2
2113,3,9.00108,1.1,step,-1
2113,4,9.77069,1.25,step,0

frame,idx,score,alpha,step_norm,z_coarse
2114,0,4.93305,0.65,step,-4
2114,1,6.45211,0.8,step,-3
2114,2,8.05555,0.95,step,-2
2114,3,9.00794,1.1,step,-1
2114,4,9.77802,1.25,step,0

frame,idx,score,alpha,step_norm,z_coarse
2115,0,4.93594,0.65,step,-4
2115,1,6.45572,0.8,step,-3
2115,2,8.05764,0.95,step,-2
2115,3,9.0095,1.1,step,-1
2115,4,9.77884,1.25,step,0

frame,idx,score,alpha,step_norm,z_coarse
2116,0,4.93751,0.65,step,-4
2116,1,6.45759,0.8,step,-3
2116,2,8.06337,0.95,step,-2
2116,3,9.0173,1.1,step,-1
2116,4,9.78593,1.25,step,0

frame,idx,score,alpha,step_norm,z_coarse
2117,0,4.94275,0.65,step,-4
2117,1,6.46453,0.8,step,-3
2117,2,8.07025,0.95,step,-2
2117,3,9.02385,1.1,step,-1
2117,4,9.79147,1.25,step,0

frame,idx,score,alpha,step_norm,z_coarse
2118,0,4.93215,0.65,step,-4
2118,1,6.44754,0.8,step,-3
2118,2,8.04615,0.95,step,-2
2118,3,8.99607,1.1,step,-1
2118,4,9.76631,1.25,step,0

frame,idx,score,alpha,step_norm,z_coarse
2119,0,4.93824,0.65,step,-4
2119,1,6.45778,0.8,step,-3
2119,2,8.06547,0.95,step,-2
2119,3,9.01791,1.1,step,-1
2119,4,9.78563,1.25,step,0

frame,idx,score,alpha,step_norm,z_coarse
2120,0,4.93566,0.65,step,-4
2120,1,6.45299,0.8,step,-3
2120,2,8.05475,0.95,step,-2
2120,3,9.00689,1.1,step,-1
2120,4,9.77608,1.25,step,0

frame,idx,score,alpha,step_norm,z_coarse
2121,0,4.93484,0.65,step,-4
2121,1,6.45449,0.8,step,-3
2121,2,8.05663,0.95,step,-2
2121,3,9.00845,1.1,step,-1
2121,4,9.77751,1.25,step,0

frame,idx,score,alpha,step_norm,z_coarse
2122,0,4.94217,0.65,step,-4
2122,1,6.46759,0.8,step,-3
2122,2,8.07773,0.95,step,-2
2122,3,9.03391,1.1,step,-1
2122,4,9.80218,1.25,step,0

frame,idx,score,alpha,step_norm,z_coarse
2123,0,4.93354,0.65,step,-4
2123,1,6.45033,0.8,step,-3
2123,2,8.05248,0.95,step,-2
2123,3,9.00361,1.1,step,-1
2123,4,9.77235,1.25,step,0

frame,idx,score,alpha,step_norm,z_coarse
2124,0,4.93803,0.65,step,-4
2124,1,6.45813,0.8,step,-3
2124,2,8.06287,0.95,step,-2
2124,3,9.01568,1.1,step,-1
2124,4,9.78459,1.25,step,0

frame,idx,score,alpha,step_norm,z_coarse
2125,0,4.93795,0.65,step,-4
2125,1,6.45876,0.8,step,-3
2125,2,8.06502,0.95,step,-2
2125,3,9.01768,1.1,step,-1
2125,4,9.7852,1.25,step,0

frame,idx,score,alpha,step_norm,z_coarse
2126,0,4.94187,0.65,step,-4
2126,1,6.46416,0.8,step,-3
2126,2,8.07152,0.95,step,-2
2126,3,9.02681,1.1,step,-1
2126,4,9.79645,1.25,step,0

frame,idx,score,alpha,step_norm,z_coarse
2127,0,4.93776,0.65,step,-4
2127,1,6.45918,0.8,step,-3
2127,2,8.06332,0.95,step,-2
2127,3,9.01655,1.1,step,-1
2127,4,9.78668,1.25,step,0

frame,idx,score,alpha,step_norm,z_coarse
2128,0,4.93528,0.65,step,-4
2128,1,6.45457,0.8,step,-3
2128,2,8.05863,0.95,step,-2
2128,3,9.00996,1.1,step,-1
2128,4,9.77852,1.25,step,0

frame,idx,score,alpha,step_norm,z_coarse
2129,0,4.93896,0.65,step,-4
2129,1,6.46025,0.8,step,-3
2129,2,8.06673,0.95,step,-2
2129,3,9.01962,1.1,step,-1
2129,4,9.78775,1.25,step,0

frame,idx,score,alpha,step_norm,z_coarse
2130,0,4.93918,0.65,step,-4
2130,1,6.45885,0.8,step,-3
2130,2,8.06496,0.95,step,-2
2130,3,9.01624,1.1,step,-1
2130,4,9.784,1.25,step,0

frame,idx,score,alpha,step_norm,z_coarse
2131,0,4.93766,0.65,step,-4
2131,1,6.45776,0.8,step,-3
2131,2,8.06097,0.95,step,-2
2131,3,9.01451,1.1,step,-1
2131,4,9.78388,1.25,step,0

frame,idx,score,alpha,step_norm,z_coarse
2132,0,4.94029,0.65,step,-4
2132,1,6.46124,0.8,step,-3
2132,2,8.0673,0.95,step,-2
2132,3,9.02202,1.1,step,-1
2132,4,9.79174,1.25,step,0

frame,idx,score,alpha,step_norm,z_coarse
2133,0,4.93868,0.65,step,-4
2133,1,6.45934,0.8,step,-3
2133,2,8.06659,0.95,step,-2
2133,3,9.0207,1.1,step,-1
2133,4,9.78895,1.25,step,0

frame,idx,score,alpha,step_norm,z_coarse
2134,0,4.9344,0.65,step,-4
2134,1,6.45414,0.8,step,-3
2134,2,8.05714,0.95,step,-2
2134,3,9.00784,1.1,step,-1
2134,4,9.77574,1.25,step,0

frame,idx,score,alpha,step_norm,z_coarse
2135,0,4.93789,0.65,step,-4
2135,1,6.45712,0.8,step,-3
2135,2,8.0603,0.95,step,-2
2135,3,9.01075,1.1,step,-1
2135,4,9.77926,1.25,step,0

frame,idx,score,alpha,step_norm,z_coarse
2136,0,4.94015,0.65,step,-4
2136,1,6.46307,0.8,step,-3
2136,2,8.07254,0.95,step,-2
2136,3,9.02685,1.1,step,-1
2136,4,9.79569,1.25,step,0

frame,idx,score,alpha,step_norm,z_coarse
2137,0,4.93481,0.65,step,-4
2137,1,6.45526,0.8,step,-3
2137,2,8.05732,0.95,step,-2
2137,3,9.01077,1.1,step,-1
2137,4,9.7801,1.25,step,0

frame,idx,score,alpha,step_norm,z_coarse
2138,0,4.93822,0.65,step,-4
2138,1,6.4594,0.8,step,-3
2138,2,8.06645,0.95,step,-2
2138,3,9.01818,1.1,step,-1
2138,4,9.78586,1.25,step,0

frame,idx,score,alpha,step_norm,z_coarse
2139,0,4.93661,0.65,step,-4
2139,1,6.45664,0.8,step,-3
2139,2,8.06015,0.95,step,-2
2139,3,9.01163,1.1,step,-1
2139,4,9.78031,1.25,step,0

frame,idx,score,alpha,step_norm,z_coarse
2140,0,4.93999,0.65,step,-4
2140,1,6.46135,0.8,step,-3
2140,2,8.06758,0.95,step,-2
2140,3,9.02199,1.1,step,-1
2140,4,9.79228,1.25,step,0

frame,idx,score,alpha,step_norm,z_coarse
2141,0,4.93749,0.65,step,-4
2141,1,6.45466,0.8,step,-3
2141,2,8.05703,0.95,step,-2
2141,3,9.00837,1.1,step,-1
2141,4,9.77666,1.25,step,0

frame,idx,score,alpha,step_norm,z_coarse
2142,0,4.9386,0.65,step,-4
2142,1,6.45848,0.8,step,-3
2142,2,8.06047,0.95,step,-2
2142,3,9.01273,1.1,step,-1
2142,4,9.78274,1.25,step,0

frame,idx,score,alpha,step_norm,z_coarse
2143,0,4.93828,0.65,step,-4
2143,1,6.45966,0.8,step,-3
2143,2,8.06516,0.95,step,-2
2143,3,9.01827,1.1,step,-1
2143,4,9.78722,1.25,step,0

frame,idx,score,alpha,step_norm,z_coarse
2144,0,4.93703,0.65,step,-4
2144,1,6.45739,0.8,step,-3
2144,2,8.05996,0.95,step,-2
2144,3,9.01222,1.1,step,-1
2144,4,9.78122,1.25,step,0

frame,idx,score,alpha,step_norm,z_coarse
2145,0,4.93791,0.65,step,-4
2145,1,6.45601,0.8,step,-3
2145,2,8.05899,0.95,step,-2
2145,3,9.01265,1.1,step,-1
2145,4,9.78329,1.25,step,0

frame,idx,score,alpha,step_norm,z_coarse
2146,0,4.93574,0.65,step,-4
2146,1,6.4569,0.8,step,-3
2146,2,8.06409,0.95,step,-2
2146,3,9.01611,1.1,step,-1
2146,4,9.78333,1.25,step,0

frame,idx,score,alpha,step_norm,z_coarse
2147,0,4.93771,0.65,step,-4
2147,1,6.45944,0.8,step,-3
2147,2,8.064,0.95,step,-2
2147,3,9.01822,1.1,step,-1
2147,4,9.78697,1.25,step,0

frame,idx,score,alpha,step_norm,z_coarse
2148,0,4.93656,0.65,step,-4
2148,1,6.45548,0.8,step,-3
2148,2,8.0595,0.95,step,-2
2148,3,9.01357,1.1,step,-1
2148,4,9.78292,1.25,step,0

frame,idx,score,alpha,step_norm,z_coarse
2149,0,4.93544,0.65,step,-4
2149,1,6.45573,0.8,step,-3
2149,2,8.06138,0.95,step,-2
2149,3,9.0144,1.1,step,-1
2149,4,9.78369,1.25,step,0

frame,idx,score,alpha,step_norm,z_coarse
2150,0,4.9385,0.65,step,-4
2150,1,6.45995,0.8,step,-3
2150,2,8.06755,0.95,step,-2
2150,3,9.02237,1.1,step,-1
2150,4,9.79087,1.25,step,0

frame,idx,score,alpha,step_norm,z_coarse
2151,0,4.94014,0.65,step,-4
2151,1,6.46245,0.8,step,-3
2151,2,8.0721,0.95,step,-2
2151,3,9.02616,1.1,step,-1
2151,4,9.79553,1.25,step,0

frame,idx,score,alpha,step_norm,z_coarse
2152,0,4.93805,0.65,step,-4
2152,1,6.45864,0.8,step,-3
2152,2,8.06322,0.95,step,-2
2152,3,9.01672,1.1,step,-1
2152,4,9.78509,1.25,step,0

frame,idx,score,alpha,step_norm,z_coarse
2153,0,4.93708,0.65,step,-4
2153,1,6.45591,0.8,step,-3
2153,2,8.06154,0.95,step,-2
2153,3,9.01506,1.1,step,-1
2153,4,9.78518,1.25,step,0

frame,idx,score,alpha,step_norm,z_coarse
2154,0,4.93613,0.65,step,-4
2154,1,6.45352,0.8,step,-3
2154,2,8.05575,0.95,step,-2
2154,3,9.00986,1.1,step,-1
2154,4,9.781,1.25,step,0

frame,idx,score,alpha,step_norm,z_coarse
2155,0,4.93701,0.65,step,-4
2155,1,6.45443,0.8,step,-3
2155,2,8.05589,0.95,step,-2
2155,3,9.00759,1.1,step,-1
2155,4,9.77688,1.25,step,0

frame,idx,score,alpha,step_norm,z_coarse
2156,0,4.93751,0.65,step,-4
2156,1,6.45381,0.8,step,-3
2156,2,8.05547,0.95,step,-2
2156,3,9.00603,1.1,step,-1
2156,4,9.77504,1.25,step,0

frame,idx,score,alpha,step_norm,z_coarse
2157,0,4.93437,0.65,step,-4
2157,1,6.45242,0.8,step,-3
2157,2,8.05425,0.95,step,-2
2157,3,9.00608,1.1,step,-1
2157,4,9.77671,1.25,step,0

frame,idx,score,alpha,step_norm,z_coarse
2158,0,4.93836,0.65,step,-4
2158,1,6.45938,0.8,step,-3
2158,2,8.06364,0.95,step,-2
2158,3,9.01683,1.1,step,-1
2158,4,9.78567,1.25,step,0

frame,idx,score,alpha,step_norm,z_coarse
2159,0,4.93776,0.65,step,-4
2159,1,6.45849,0.8,step,-3
2159,2,8.06376,0.95,step,-2
2159,3,9.01631,1.1,step,-1
2159,4,9.78497,1.25,step,0

frame,idx,score,alpha,step_norm,z_coarse
2160,0,4.9359,0.65,step,-4
2160,1,6.45462,0.8,step,-3
2160,2,8.05735,0.95,step,-2
2160,3,9.01179,1.1,step,-1
2160,4,9.78327,1.25,step,0

frame,idx,score,alpha,step_norm,z_coarse
2161,0,4.93491,0.65,step,-4
2161,1,6.45578,0.8,step,-3
2161,2,8.05911,0.95,step,-2
2161,3,9.01207,1.1,step,-1
2161,4,9.78028,1.25,step,0

frame,idx,score,alpha,step_norm,z_coarse
2162,0,4.93926,0.65,step,-4
2162,1,6.46245,0.8,step,-3
2162,2,8.06458,0.95,step,-2
2162,3,9.01856,1.1,step,-1
2162,4,9.78806,1.25,step,0

frame,idx,score,alpha,step_norm,z_coarse
2163,0,4.94106,0.65,step,-4
2163,1,6.46286,0.8,step,-3
2163,2,8.06936,0.95,step,-2
2163,3,9.02322,1.1,step,-1
2163,4,9.79202,1.25,step,0

frame,idx,score,alpha,step_norm,z_coarse
2164,0,4.93795,0.65,step,-4
2164,1,6.45769,0.8,step,-3
2164,2,8.06189,0.95,step,-2
2164,3,9.01303,1.1,step,-1
2164,4,9.78192,1.25,step,0

frame,idx,score,alpha,step_norm,z_coarse
2165,0,4.93843,0.65,step,-4
2165,1,6.45838,0.8,step,-3
2165,2,8.0643,0.95,step,-2
2165,3,9.01773,1.1,step,-1
2165,4,9.7877,1.25,step,0

frame,idx,score,alpha,step_norm,z_coarse
2166,0,4.94144,0.65,step,-4
2166,1,6.46337,0.8,step,-3
2166,2,8.07066,0.95,step,-2
2166,3,9.02683,1.1,step,-1
2166,4,9.79746,1.25,step,0

frame,idx,score,alpha,step_norm,z_coarse
2167,0,4.93883,0.65,step,-4
2167,1,6.46028,0.8,step,-3
2167,2,8.06823,0.95,step,-2
2167,3,9.02257,1.1,step,-1
2167,4,9.79062,1.25,step,0

frame,idx,score,alpha,step_norm,z_coarse
2168,0,4.9405,0.65,step,-4
2168,1,6.46083,0.8,step,-3
2168,2,8.06709,0.95,step,-2
2168,3,9.02166,1.1,step,-1
2168,4,9.79075,1.25,step,0

frame,idx,score,alpha,step_norm,z_coarse
2169,0,4.93961,0.65,step,-4
2169,1,6.46093,0.8,step,-3
2169,2,8.06813,0.95,step,-2
2169,3,9.01992,1.1,step,-1
2169,4,9.78835,1.25,step,0

frame,idx,score,alpha,step_norm,z_coarse
2170,0,4.94003,0.65,step,-4
2170,1,6.46179,0.8,step,-3
2170,2,8.06624,0.95,step,-2
2170,3,9.01887,1.1,step,-1
2170,4,9.78883,1.25,step,0

frame,idx,score,alpha,step_norm,z_coarse
2171,0,4.94136,0.65,step,-4
2171,1,6.46132,0.8,step,-3
2171,2,8.06744,0.95,step,-2
2171,3,9.02118,1.1,step,-1
2171,4,9.78957,1.25,step,0

frame,idx,score,alpha,step_norm,z_coarse
2172,0,4.94171,0.65,step,-4
2172,1,6.46424,0.8,step,-3
2172,2,8.07051,0.95,step,-2
2172,3,9.02379,1.1,step,-1
2172,4,9.79267,1.25,step,0

frame,idx,score,alpha,step_norm,z_coarse
2173,0,4.93736,0.65,step,-4
2173,1,6.45754,0.8,step,-3
2173,2,8.06359,0.95,step,-2
2173,3,9.0183,1.1,step,-1
2173,4,9.78869,1.25,step,0

frame,idx,score,alpha,step_norm,z_coarse
2174,0,4.94278,0.65,step,-4
2174,1,6.46823,0.8,step,-3
2174,2,8.0788,0.95,step,-2
2174,3,9.033,1.1,step,-1
2174,4,9.80081,1.25,step,0

frame,idx,score,alpha,step_norm,z_coarse
2175,0,4.94002,0.65,step,-4
2175,1,6.46196,0.8,step,-3
2175,2,8.07084,0.95,step,-2
2175,3,9.02465,1.1,step,-1
2175,4,9.79181,1.25,step,0

frame,idx,score,alpha,step_norm,z_coarse
2176,0,4.93823,0.65,step,-4
2176,1,6.46096,0.8,step,-3
2176,2,8.06793,0.95,step,-2
2176,3,9.021,1.1,step,-1
2176,4,9.78899,1.25,step,0

frame,idx,score,alpha,step_norm,z_coarse
2177,0,4.94097,0.65,step,-4
2177,1,6.46404,0.8,step,-3
2177,2,8.07122,0.95,step,-2
2177,3,9.02502,1.1,step,-1
2177,4,9.79301,1.25,step,0

frame,idx,score,alpha,step_norm,z_coarse
2178,0,4.94102,0.65,step,-4
2178,1,6.46683,0.8,step,-3
2178,2,8.07593,0.95,step,-2
2178,3,9.03119,1.1,step,-1
2178,4,9.79899,1.25,step,0

frame,idx,score,alpha,step_norm,z_coarse
2179,0,4.94036,0.65,step,-4
2179,1,6.46116,0.8,step,-3
2179,2,8.0681,0.95,step,-2
2179,3,9.02291,1.1,step,-1
2179,4,9.79261,1.25,step,0

frame,idx,score,alpha,step_norm,z_coarse
2180,0,4.941,0.65,step,-4
2180,1,6.4638,0.8,step,-3
2180,2,8.07382,0.95,step,-2
2180,3,9.02621,1.1,step,-1
2180,4,9.79404,1.25,step,0

frame,idx,score,alpha,step_norm,z_coarse
2181,0,4.93924,0.65,step,-4
2181,1,6.4625,0.8,step,-3
2181,2,8.07055,0.95,step,-2
2181,3,9.02471,1.1,step,-1
2181,4,9.79266,1.25,step,0

frame,idx,score,alpha,step_norm,z_coarse
2182,0,4.94501,0.65,step,-4
2182,1,6.4729,0.8,step,-3
2182,2,8.08222,0.95,step,-2
2182,3,9.03762,1.1,step,-1
2182,4,9.80577,1.25,step,0

frame,idx,score,alpha,step_norm,z_coarse
2183,0,4.94443,0.65,step,-4
2183,1,6.46982,0.8,step,-3
2183,2,8.08286,0.95,step,-2
2183,3,9.03962,1.1,step,-1
2183,4,9.80671,1.25,step,0

frame,idx,score,alpha,step_norm,z_coarse
2184,0,4.94394,0.65,step,-4
2184,1,6.4726,0.8,step,-3
2184,2,8.08451,0.95,step,-2
2184,3,9.0399,1.1,step,-1
2184,4,9.80683,1.25,step,0

frame,idx,score,alpha,step_norm,z_coarse
2185,0,4.93991,0.65,step,-4
2185,1,6.4603,0.8,step,-3
2185,2,8.06911,0.95,step,-2
2185,3,9.02328,1.1,step,-1
2185,4,9.79202,1.25,step,0

frame,idx,score,alpha,step_norm,z_coarse
2186,0,4.94181,0.65,step,-4
2186,1,6.46805,0.8,step,-3
2186,2,8.08029,0.95,step,-2
2186,3,9.03381,1.1,step,-1
2186,4,9.79951,1.25,step,0

frame,idx,score,alpha,step_norm,z_coarse
2187,0,4.94189,0.65,step,-4
2187,1,6.46765,0.8,step,-3
2187,2,8.07831,0.95,step,-2
2187,3,9.03398,1.1,step,-1
2187,4,9.80175,1.25,step,0

frame,idx,score,alpha,step_norm,z_coarse
2188,0,4.93297,0.65,step,-4
2188,1,6.44995,0.8,step,-3
2188,2,8.05125,0.95,step,-2
2188,3,9.00369,1.1,step,-1
2188,4,9.77435,1.25,step,0

frame,idx,score,alpha,step_norm,z_coarse
2189,0,4.93196,0.65,step,-4
2189,1,6.44782,0.8,step,-3
2189,2,8.0515,0.95,step,-2
2189,3,9.004,1.1,step,-1
2189,4,9.77357,1.25,step,0

frame,idx,score,alpha,step_norm,z_coarse
2190,0,4.93439,0.65,step,-4
2190,1,6.45166,0.8,step,-3
2190,2,8.05061,0.95,step,-2
2190,3,9.00098,1.1,step,-1
2190,4,9.77057,1.25,step,0

frame,idx,score,alpha,step_norm,z_coarse
2191,0,4.90877,0.65,step,-4
2191,1,6.40591,0.8,step,-3
2191,2,7.98314,0.95,step,-2
2191,3,8.92325,1.1,step,-1
2191,4,9.69527,1.25,step,0

frame,idx,score,alpha,step_norm,z_coarse
2192,0,4.90203,0.65,step,-4
2192,1,6.38944,0.8,step,-3
2192,2,7.9543,0.95,step,-2
2192,3,8.88921,1.1,step,-1
2192,4,9.66276,1.25,step,0

frame,idx,score,alpha,step_norm,z_coarse
2193,0,4.89728,0.65,step,-4
2193,1,6.3841,0.8,step,-3
2193,2,7.94605,0.95,step,-2
2193,3,8.87995,1.1,step,-1
2193,4,9.6543,1.25,step,0

frame,idx,score,alpha,step_norm,z_coarse
2194,0,4.89589,0.65,step,-4
2194,1,6.37764,0.8,step,-3
2194,2,7.93333,0.95,step,-2
2194,3,8.86582,1.1,step,-1
2194,4,9.64172,1.25,step,0

frame,idx,score,alpha,step_norm,z_coarse
2195,0,4.88255,0.65,step,-4
2195,1,6.35319,0.8,step,-3
2195,2,7.89569,0.95,step,-2
2195,3,8.81797,1.1,step,-1
2195,4,9.59133,1.25,step,0

frame,idx,score,alpha,step_norm,z_coarse
2196,0,4.87554,0.65,step,-4
2196,1,6.33874,0.8,step,-3
2196,2,7.8759,0.95,step,-2
2196,3,8.79567,1.1,step,-1
2196,4,9.57105,1.25,step,0

frame,idx,score,alpha,step_norm,z_coarse
2197,0,4.85766,0.65,step,-4
2197,1,6.30351,0.8,step,-3
2197,2,7.81746,0.95,step,-2
2197,3,8.72731,1.1,step,-1
2197,4,9.50569,1.25,step,0

frame,idx,score,alpha,step_norm,z_coarse
2198,0,4.85051,0.65,step,-4
2198,1,6.29062,0.8,step,-3
2198,2,7.79979,0.95,step,-2
2198,3,8.70685,1.1,step,-1
2198,4,9.4853,1.25,step,0

frame,idx,score,alpha,step_norm,z_coarse
2199,0,4.82477,0.65,step,-4
2199,1,6.24445,0.8,step,-3
2199,2,7.72825,0.95,step,-2
2199,3,8.6197,1.1,step,-1
2199,4,9.39716,1.25,step,0

frame,idx,score,alpha,step_norm,z_coarse
2200,0,4.8042,0.65,step,-4
2200,1,6.20559,0.8,step,-3
2200,2,7.67342,0.95,step,-2
2200,3,8.55443,1.1,step,-1
2200,4,9.33217,1.25,step,0

frame,idx,score,alpha,step_norm,z_coarse
2201,0,4.80409,0.65,step,-4
2201,1,6.20338,0.8,step,-3
2201,2,7.66706,0.95,step,-2
2201,3,8.54555,1.1,step,-1
2201,4,9.3232,1.25,step,0

frame,idx,score,alpha,step_norm,z_coarse
2202,0,4.78146,0.65,step,-4
2202,1,6.15939,0.8,step,-3
2202,2,7.60276,0.95,step,-2
2202,3,8.46579,1.1,step,-1
2202,4,9.24352,1.25,step,0

frame,idx,score,alpha,step_norm,z_coarse
2203,0,4.77227,0.65,step,-4
2203,1,6.14427,0.8,step,-3
2203,2,7.58112,0.95,step,-2
2203,3,8.43909,1.1,step,-1
2203,4,9.2154,1.25,step,0

frame,idx,score,alpha,step_norm,z_coarse
2204,0,4.76934,0.65,step,-4
2204,1,6.13634,0.8,step,-3
2204,2,7.56914,0.95,step,-2
2204,3,8.42318,1.1,step,-1
2204,4,9.1998,1.25,step,0

frame,idx,score,alpha,step_norm,z_coarse
2205,0,4.7526,0.65,step,-4
2205,1,6.10393,0.8,step,-3
2205,2,7.51731,0.95,step,-2
2205,3,8.35764,1.1,step,-1
2205,4,9.13425,1.25,step,0

frame,idx,score,alpha,step_norm,z_coarse
2206,0,4.7489,0.65,step,-4
2206,1,6.0971,0.8,step,-3
2206,2,7.51006,0.95,step,-2
2206,3,8.35148,1.1,step,-1
2206,4,9.12737,1.25,step,0

frame,idx,score,alpha,step_norm,z_coarse
2207,0,4.74139,0.65,step,-4
2207,1,6.08249,0.8,step,-3
2207,2,7.48534,0.95,step,-2
2207,3,8.31811,1.1,step,-1
2207,4,9.09328,1.25,step,0

frame,idx,score,alpha,step_norm,z_coarse
2208,0,4.73782,0.65,step,-4
2208,1,6.07525,0.8,step,-3
2208,2,7.47302,0.95,step,-2
2208,3,8.30322,1.1,step,-1
2208,4,9.07922,1.25,step,0

frame,idx,score,alpha,step_norm,z_coarse
2209,0,4.73272,0.65,step,-4
2209,1,6.06843,0.8,step,-3
2209,2,7.46381,0.95,step,-2
2209,3,8.28865,1.1,step,-1
2209,4,9.06215,1.25,step,0

frame,idx,score,alpha,step_norm,z_coarse
2210,0,4.73203,0.65,step,-4
2210,1,6.06493,0.8,step,-3
2210,2,7.45949,0.95,step,-2
2210,3,8.28434,1.1,step,-1
2210,4,9.0599,1.25,step,0

frame,idx,score,alpha,step_norm,z_coarse
2211,0,4.72565,0.65,step,-4
2211,1,6.05293,0.8,step,-3
2211,2,7.44255,0.95,step,-2
2211,3,8.26514,1.1,step,-1
2211,4,9.04025,1.25,step,0

frame,idx,score,alpha,step_norm,z_coarse
2212,0,4.72298,0.65,step,-4
2212,1,6.05049,0.8,step,-3
2212,2,7.43899,0.95,step,-2
2212,3,8.2597,1.1,step,-1
2212,4,9.03464,1.25,step,0

frame,idx,score,alpha,step_norm,z_coarse
2213,0,4.72427,0.65,step,-4
2213,1,6.0484,0.8,step,-3
2213,2,7.43508,0.95,step,-2
2213,3,8.25571,1.1,step,-1
2213,4,9.03033,1.25,step,0

frame,idx,score,alpha,step_norm,z_coarse
2214,0,4.72382,0.65,step,-4
2214,1,6.04987,0.8,step,-3
2214,2,7.43562,0.95,step,-2
2214,3,8.25329,1.1,step,-1
2214,4,9.02776,1.25,step,0

frame,idx,score,alpha,step_norm,z_coarse
2215,0,4.71935,0.65,step,-4
2215,1,6.04328,0.8,step,-3
2215,2,7.42987,0.95,step,-2
2215,3,8.24942,1.1,step,-1
2215,4,9.02412,1.25,step,0

frame,idx,score,alpha,step_norm,z_coarse
2216,0,4.71742,0.65,step,-4
2216,1,6.04194,0.8,step,-3
2216,2,7.42723,0.95,step,-2
2216,3,8.24493,1.1,step,-1
2216,4,9.01951,1.25,step,0

frame,idx,score,alpha,step_norm,z_coarse
2217,0,4.71812,0.65,step,-4
2217,1,6.0399,0.8,step,-3
2217,2,7.42215,0.95,step,-2
2217,3,8.23628,1.1,step,-1
2217,4,9.00986,1.25,step,0

frame,idx,score,alpha,step_norm,z_coarse
2218,0,4.71356,0.65,step,-4
2218,1,6.03257,0.8,step,-3
2218,2,7.4108,0.95,step,-2
2218,3,8.22357,1.1,step,-1
2218,4,8.99892,1.25,step,0

frame,idx,score,alpha,step_norm,z_coarse
2219,0,4.71049,0.65,step,-4
2219,1,6.02874,0.8,step,-3
2219,2,7.4075,0.95,step,-2
2219,3,8.2185,1.1,step,-1
2219,4,8.99152,1.25,step,0

frame,idx,score,alpha,step_norm,z_coarse
2220,0,4.71116,0.65,step,-4
2220,1,6.0269,0.8,step,-3
2220,2,7.40217,0.95,step,-2
2220,3,8.21061,1.1,step,-1
2220,4,8.98524,1.25,step,0

frame,idx,score,alpha,step_norm,z_coarse
2221,0,4.70839,0.65,step,-4
2221,1,6.02088,0.8,step,-3
2221,2,7.3932,0.95,step,-2
2221,3,8.19973,1.1,step,-1
2221,4,8.97315,1.25,step,0

frame,idx,score,alpha,step_norm,z_coarse
2222,0,4.71095,0.65,step,-4
2222,1,6.02342,0.8,step,-3
2222,2,7.39876,0.95,step,-2
2222,3,8.20623,1.1,step,-1
2222,4,8.97914,1.25,step,0

frame,idx,score,alpha,step_norm,z_coarse
2223,0,4.7079,0.65,step,-4
2223,1,6.02338,0.8,step,-3
2223,2,7.39788,0.95,step,-2
2223,3,8.20663,1.1,step,-1
2223,4,8.9817,1.25,step,0

frame,idx,score,alpha,step_norm,z_coarse
2224,0,4.70785,0.65,step,-4
2224,1,6.02275,0.8,step,-3
2224,2,7.39896,0.95,step,-2
2224,3,8.20588,1.1,step,-1
2224,4,8.97989,1.25,step,0

frame,idx,score,alpha,step_norm,z_coarse
2225,0,4.70915,0.65,step,-4
2225,1,6.02056,0.8,step,-3
2225,2,7.39168,0.95,step,-2
2225,3,8.19796,1.1,step,-1
2225,4,8.97218,1.25,step,0

frame,idx,score,alpha,step_norm,z_coarse
2226,0,4.70601,0.65,step,-4
2226,1,6.01896,0.8,step,-3
2226,2,7.38975,0.95,step,-2
2226,3,8.19536,1.1,step,-1
2226,4,8.96735,1.25,step,0

frame,idx,score,alpha,step_norm,z_coarse
2227,0,4.70577,0.65,step,-4
2227,1,6.0181,0.8,step,-3
2227,2,7.38855,0.95,step,-2
2227,3,8.19407,1.1,step,-1
2227,4,8.96826,1.25,step,0

frame,idx,score,alpha,step_norm,z_coarse
2228,0,4.7099,0.65,step,-4
2228,1,6.02354,0.8,step,-3
2228,2,7.39535,0.95,step,-2
2228,3,8.20018,1.1,step,-1
2228,4,8.97357,1.25,step,0

frame,idx,score,alpha,step_norm,z_coarse
2229,0,4.70652,0.65,step,-4
2229,1,6.01997,0.8,step,-3
2229,2,7.39451,0.95,step,-2
2229,3,8.20246,1.1,step,-1
2229,4,8.97793,1.25,step,0

frame,idx,score,alpha,step_norm,z_coarse
2230,0,4.70809,0.65,step,-4
2230,1,6.02177,0.8,step,-3
2230,2,7.39372,0.95,step,-2
2230,3,8.20051,1.1,step,-1
2230,4,8.97508,1.25,step,0

frame,idx,score,alpha,step_norm,z_coarse
2231,0,4.70637,0.65,step,-4
2231,1,6.01752,0.8,step,-3
2231,2,7.39079,0.95,step,-2
2231,3,8.1964,1.1,step,-1
2231,4,8.97027,1.25,step,0

frame,idx,score,alpha,step_norm,z_coarse
2232,0,4.70818,0.65,step,-4
2232,1,6.02218,0.8,step,-3
2232,2,7.39546,0.95,step,-2
2232,3,8.20173,1.1,step,-1
2232,4,8.9761,1.25,step,0

frame,idx,score,alpha,step_norm,z_coarse
2233,0,4.70775,0.65,step,-4
2233,1,6.02321,0.8,step,-3
2233,2,7.39973,0.95,step,-2
2233,3,8.20815,1.1,step,-1
2233,4,8.98259,1.25,step,0

frame,idx,score,alpha,step_norm,z_coarse
2234,0,4.70919,0.65,step,-4
2234,1,6.02152,0.8,step,-3
2234,2,7.39601,0.95,step,-2
2234,3,8.20361,1.1,step,-1
2234,4,8.97779,1.25,step,0

frame,idx,score,alpha,step_norm,z_coarse
2235,0,4.71125,0.65,step,-4
2235,1,6.02463,0.8,step,-3
2235,2,7.39693,0.95,step,-2
2235,3,8.20403,1.1,step,-1
2235,4,8.97728,1.25,step,0

frame,idx,score,alpha,step_norm,z_coarse
2236,0,4.71063,0.65,step,-4
2236,1,6.02285,0.8,step,-3
2236,2,7.39587,0.95,step,-2
2236,3,8.20405,1.1,step,-1
2236,4,8.97928,1.25,step,0

frame,idx,score,alpha,step_norm,z_coarse
2237,0,4.70355,0.65,step,-4
2237,1,6.01711,0.8,step,-3
2237,2,7.39118,0.95,step,-2
2237,3,8.19855,1.1,step,-1
2237,4,8.9733,1.25,step,0

frame,idx,score,alpha,step_norm,z_coarse
2238,0,4.70898,0.65,step,-4
2238,1,6.01964,0.8,step,-3
2238,2,7.3897,0.95,step,-2
2238,3,8.19548,1.1,step,-1
2238,4,8.96862,1.25,step,0

frame,idx,score,alpha,step_norm,z_coarse
2239,0,4.71029,0.65,step,-4
2239,1,6.0256,0.8,step,-3
2239,2,7.39938,0.95,step,-2
2239,3,8.20598,1.1,step,-1
2239,4,8.97933,1.25,step,0

frame,idx,score,alpha,step_norm,z_coarse
2240,0,4.71021,0.65,step,-4
2240,1,6.02367,0.8,step,-3
2240,2,7.39646,0.95,step,-2
2240,3,8.20219,1.1,step,-1
2240,4,8.97454,1.25,step,0

frame,idx,score,alpha,step_norm,z_coarse
2241,0,4.70896,0.65,step,-4
2241,1,6.02339,0.8,step,-3
2241,2,7.39728,0.95,step,-2
2241,3,8.20474,1.1,step,-1
2241,4,8.97855,1.25,step,0

frame,idx,score,alpha,step_norm,z_coarse
2242,0,4.71033,0.65,step,-4
2242,1,6.02167,0.8,step,-3
2242,2,7.39581,0.95,step,-2
2242,3,8.20411,1.1,step,-1
2242,4,8.97679,1.25,step,0

frame,idx,score,alpha,step_norm,z_coarse
2243,0,4.70796,0.65,step,-4
2243,1,6.02033,0.8,step,-3
2243,2,7.39464,0.95,step,-2
2243,3,8.20138,1.1,step,-1
2243,4,8.97563,1.25,step,0

frame,idx,score,alpha,step_norm,z_coarse
2244,0,4.71034,0.65,step,-4
2244,1,6.02495,0.8,step,-3
2244,2,7.39876,0.95,step,-2
2244,3,8.20483,1.1,step,-1
2244,4,8.97773,1.25,step,0

frame,idx,score,alpha,step_norm,z_coarse
2245,0,4.70774,0.65,step,-4
2245,1,6.02015,0.8,step,-3
2245,2,7.39328,0.95,step,-2
2245,3,8.19922,1.1,step,-1
2245,4,8.97233,1.25,step,0

frame,idx,score,alpha,step_norm,z_coarse
2246,0,4.71056,0.65,step,-4
2246,1,6.02393,0.8,step,-3
2246,2,7.39471,0.95,step,-2
2246,3,8.20048,1.1,step,-1
2246,4,8.97416,1.25,step,0

frame,idx,score,alpha,step_norm,z_coarse
2247,0,4.70796,0.65,step,-4
2247,1,6.02079,0.8,step,-3
2247,2,7.39324,0.95,step,-2
2247,3,8.19843,1.1,step,-1
2247,4,8.97023,1.25,step,0

frame,idx,score,alpha,step_norm,z_coarse
2248,0,4.70721,0.65,step,-4
2248,1,6.02008,0.8,step,-3
2248,2,7.39193,0.95,step,-2
2248,3,8.19958,1.1,step,-1
2248,4,8.9734,1.25,step,0

frame,idx,score,alpha,step_norm,z_coarse
2249,0,4.71348,0.65,step,-4
2249,1,6.0308,0.8,step,-3
2249,2,7.40783,0.95,step,-2
2249,3,8.21539,1.1,step,-1
2249,4,8.98996,1.25,step,0

frame,idx,score,alpha,step_norm,z_coarse
2250,0,4.70755,0.65,step,-4
2250,1,6.0233,0.8,step,-3
2250,2,7.39776,0.95,step,-2
2250,3,8.20671,1.1,step,-1
2250,4,8.98201,1.25,step,0

frame,idx,score,alpha,step_norm,z_coarse
2251,0,4.71156,0.65,step,-4
2251,1,6.02443,0.8,step,-3
2251,2,7.39805,0.95,step,-2
2251,3,8.20555,1.1,step,-1
2251,4,8.97963,1.25,step,0

frame,idx,score,alpha,step_norm,z_coarse
2252,0,4.71118,0.65,step,-4
2252,1,6.02383,0.8,step,-3
2252,2,7.39758,0.95,step,-2
2252,3,8.20604,1.1,step,-1
2252,4,8.98019,1.25,step,0

frame,idx,score,alpha,step_norm,z_coarse
2253,0,4.70546,0.65,step,-4
2253,1,6.01815,0.8,step,-3
2253,2,7.39085,0.95,step,-2
2253,3,8.19669,1.1,step,-1
2253,4,8.96965,1.25,step,0

frame,idx,score,alpha,step_norm,z_coarse
2254,0,4.70779,0.65,step,-4
2254,1,6.0201,0.8,step,-3
2254,2,7.39281,0.95,step,-2
2254,3,8.19915,1.1,step,-1
2254,4,8.97232,1.25,step,0

frame,idx,score,alpha,step_norm,z_coarse
2255,0,4.70875,0.65,step,-4
2255,1,6.02076,0.8,step,-3
2255,2,7.39388,0.95,step,-2
2255,3,8.19907,1.1,step,-1
2255,4,8.97194,1.25,step,0

frame,idx,score,alpha,step_norm,z_coarse
2256,0,4.71019,0.65,step,-4
2256,1,6.02162,0.8,step,-3
2256,2,7.39348,0.95,step,-2
2256,3,8.20019,1.1,step,-1
2256,4,8.97464,1.25,step,0

frame,idx,score,alpha,step_norm,z_coarse
2257,0,4.70563,0.65,step,-4
2257,1,6.01738,0.8,step,-3
2257,2,7.38652,0.95,step,-2
2257,3,8.19116,1.1,step,-1
2257,4,8.96527,1.25,step,0

frame,idx,score,alpha,step_norm,z_coarse
2258,0,4.70757,0.65,step,-4
2258,1,6.01881,0.8,step,-3
2258,2,7.3917,0.95,step,-2
2258,3,8.19891,1.1,step,-1
2258,4,8.97347,1.25,step,0

frame,idx,score,alpha,step_norm,z_coarse
2259,0,4.7097,0.65,step,-4
2259,1,6.02458,0.8,step,-3
2259,2,7.39862,0.95,step,-2
2259,3,8.20604,1.1,step,-1
2259,4,8.97999,1.25,step,0

frame,idx,score,alpha,step_norm,z_coarse
2260,0,4.71028,0.65,step,-4
2260,1,6.0244,0.8,step,-3
2260,2,7.4001,0.95,step,-2
2260,3,8.208,1.1,step,-1
2260,4,8.98183,1.25,step,0

frame,idx,score,alpha,step_norm,z_coarse
2261,0,4.70692,0.65,step,-4
2261,1,6.01748,0.8,step,-3
2261,2,7.38737,0.95,step,-2
2261,3,8.1945,1.1,step,-1
2261,4,8.96954,1.25,step,0

frame,idx,score,alpha,step_norm,z_coarse
2262,0,4.70618,0.65,step,-4
2262,1,6.01525,0.8,step,-3
2262,2,7.38716,0.95,step,-2
2262,3,8.19266,1.1,step,-1
2262,4,8.96608,1.25,step,0

frame,idx,score,alpha,step_norm,z_coarse
2263,0,4.70581,0.65,step,-4
2263,1,6.01672,0.8,step,-3
2263,2,7.38647,0.95,step,-2
2263,3,8.19112,1.1,step,-1
2263,4,8.9656,1.25,step,0

frame,idx,score,alpha,step_norm,z_coarse
2264,0,4.70781,0.65,step,-4
2264,1,6.01746,0.8,step,-3
2264,2,7.38728,0.95,step,-2
2264,3,8.19044,1.1,step,-1
2264,4,8.96281,1.25,step,0

frame,idx,score,alpha,step_norm,z_coarse
2265,0,4.70926,0.65,step,-4
2265,1,6.02154,0.8,step,-3
2265,2,7.3921,0.95,step,-2
2265,3,8.1972,1.1,step,-1
2265,4,8.97059,1.25,step,0

frame,idx,score,alpha,step_norm,z_coarse
2266,0,4.70905,0.65,step,-4
2266,1,6.02407,0.8,step,-3
2266,2,7.40044,0.95,step,-2
2266,3,8.21014,1.1,step,-1
2266,4,8.9849,1.25,step,0

frame,idx,score,alpha,step_norm,z_coarse
2267,0,4.7053,0.65,step,-4
2267,1,6.01668,0.8,step,-3
2267,2,7.38803,0.95,step,-2
2267,3,8.19358,1.1,step,-1
2267,4,8.96644,1.25,step,0

frame,idx,score,alpha,step_norm,z_coarse
2268,0,4.7104,0.65,step,-4
2268,1,6.02227,0.8,step,-3
2268,2,7.39471,0.95,step,-2
2268,3,8.20051,1.1,step,-1
2268,4,8.97455,1.25,step,0

frame,idx,score,alpha,step_norm,z_coarse
2269,0,4.71017,0.65,step,-4
2269,1,6.02431,0.8,step,-3
2269,2,7.39731,0.95,step,-2
2269,3,8.20269,1.1,step,-1
2269,4,8.97464,1.25,step,0

frame,idx,score,alpha,step_norm,z_coarse
2270,0,4.70946,0.65,step,-4
2270,1,6.02146,0.8,step,-3
2270,2,7.3928,0.95,step,-2
2270,3,8.19826,1.1,step,-1
2270,4,8.97114,1.25,step,0

frame,idx,score,alpha,step_norm,z_coarse
2271,0,4.70836,0.65,step,-4
2271,1,6.02327,0.8,step,-3
2271,2,7.39892,0.95,step,-2
2271,3,8.20612,1.1,step,-1
2271,4,8.97931,1.25,step,0

frame,idx,score,alpha,step_norm,z_coarse
2272,0,4.71015,0.65,step,-4
2272,1,6.02656,0.8,step,-3
2272,2,7.40101,0.95,step,-2
2272,3,8.2093,1.1,step,-1
2272,4,8.98337,1.25,step,0

frame,idx,score,alpha,step_norm,z_coarse
2273,0,4.70986,0.65,step,-4
2273,1,6.02399,0.8,step,-3
2273,2,7.39856,0.95,step,-2
2273,3,8.20489,1.1,step,-1
2273,4,8.97786,1.25,step,0

frame,idx,score,alpha,step_norm,z_coarse
2274,0,4.70955,0.65,step,-4
2274,1,6.02557,0.8,step,-3
2274,2,7.40145,0.95,step,-2
2274,3,8.20868,1.1,step,-1
2274,4,8.98174,1.25,step,0

frame,idx,score,alpha,step_norm,z_coarse
2275,0,4.70989,0.65,step,-4
2275,1,6.02448,0.8,step,-3
2275,2,7.39788,0.95,step,-2
2275,3,8.20568,1.1,step,-1
2275,4,8.97936,1.25,step,0

frame,idx,score,alpha,step_norm,z_coarse
2276,0,4.7124,0.65,step,-4
2276,1,6.02614,0.8,step,-3
2276,2,7.40202,0.95,step,-2
2276,3,8.20975,1.1,step,-1
2276,4,8.98219,1.25,step,0

frame,idx,score,alpha,step_norm,z_coarse
2277,0,4.71091,0.65,step,-4
2277,1,6.02371,0.8,step,-3
2277,2,7.3962,0.95,step,-2
2277,3,8.20344,1.1,step,-1
2277,4,8.97797,1.25,step,0

frame,idx,score,alpha,step_norm,z_coarse
2278,0,4.70689,0.65,step,-4
2278,1,6.01789,0.8,step,-3
2278,2,7.38718,0.95,step,-2
2278,3,8.19136,1.1,step,-1
2278,4,8.96504,1.25,step,0

frame,idx,score,alpha,step_norm,z_coarse
2279,0,4.70502,0.65,step,-4
2279,1,6.01491,0.8,step,-3
2279,2,7.385,0.95,step,-2
2279,3,8.18966,1.1,step,-1
2279,4,8.96456,1.25,step,0

frame,idx,score,alpha,step_norm,z_coarse
2280,0,4.70359,0.65,step,-4
2280,1,6.01238,0.8,step,-3
2280,2,7.37974,0.95,step,-2
2280,3,8.18402,1.1,step,-1
2280,4,8.95851,1.25,step,0

frame,idx,score,alpha,step_norm,z_coarse
2281,0,4.70527,0.65,step,-4
2281,1,6.01474,0.8,step,-3
2281,2,7.38222,0.95,step,-2
2281,3,8.18736,1.1,step,-1
2281,4,8.96098,1.25,step,0

frame,idx,score,alpha,step_norm,z_coarse
2282,0,4.70936,0.65,step,-4
2282,1,6.01943,0.8,step,-3
2282,2,7.39097,0.95,step,-2
2282,3,8.19605,1.1,step,-1
2282,4,8.96873,1.25,step,0

frame,idx,score,alpha,step_norm,z_coarse
2283,0,4.70178,0.65,step,-4
2283,1,6.01316,0.8,step,-3
2283,2,7.38319,0.95,step,-2
2283,3,8.18654,1.1,step,-1
2283,4,8.95971,1.25,step,0

frame,idx,score,alpha,step_norm,z_coarse
2284,0,4.70404,0.65,step,-4
2284,1,6.01384,0.8,step,-3
2284,2,7.38078,0.95,step,-2
2284,3,8.18315,1.1,step,-1
2284,4,8.95546,1.25,step,0

frame,idx,score,alpha,step_norm,z_coarse
2285,0,4.70482,0.65,step,-4
2285,1,6.01521,0.8,step,-3
2285,2,7.38546,0.95,step,-2
2285,3,8.1876,1.1,step,-1
2285,4,8.95947,1.25,step,0

frame,idx,score,alpha,step_norm,z_coarse
2286,0,4.70709,0.65,step,-4
2286,1,6.01945,0.8,step,-3
2286,2,7.39381,0.95,step,-2
2286,3,8.20066,1.1,step,-1
2286,4,8.9734,1.25,step,0

frame,idx,score,alpha,step_norm,z_coarse
2287,0,4.70181,0.65,step,-4
2287,1,6.01381,0.8,step,-3
2287,2,7.38473,0.95,step,-2
2287,3,8.18855,1.1,step,-1
2287,4,8.96157,1.25,step,0

frame,idx,score,alpha,step_norm,z_coarse
2288,0,4.70772,0.65,step,-4
2288,1,6.02296,0.8,step,-3
2288,2,7.39586,0.95,step,-2
2288,3,8.2024,1.1,step,-1
2288,4,8.97556,1.25,step,0

frame,idx,score,alpha,step_norm,z_coarse
2289,0,4.70878,0.65,step,-4
2289,1,6.02298,0.8,step,-3
2289,2,7.39615,0.95,step,-2
2289,3,8.20336,1.1,step,-1
2289,4,8.97714,1.25,step,0

frame,idx,score,alpha,step_norm,z_coarse
2290,0,4.70813,0.65,step,-4
2290,1,6.01826,0.8,step,-3
2290,2,7.38995,0.95,step,-2
2290,3,8.19462,1.1,step,-1
2290,4,8.96727,1.25,step,0

frame,idx,score,alpha,step_norm,z_coarse
2291,0,4.70419,0.65,step,-4
2291,1,6.01792,0.8,step,-3
2291,2,7.38853,0.95,step,-2
2291,3,8.19475,1.1,step,-1
2291,4,8.96875,1.25,step,0

frame,idx,score,alpha,step_norm,z_coarse
2292,0,4.70403,0.65,step,-4
2292,1,6.01492,0.8,step,-3
2292,2,7.38557,0.95,step,-2
2292,3,8.19023,1.1,step,-1
2292,4,8.96336,1.25,step,0

frame,idx,score,alpha,step_norm,z_coarse
2293,0,4.70528,0.65,step,-4
2293,1,6.01459,0.8,step,-3
2293,2,7.38428,0.95,step,-2
2293,3,8.18707,1.1,step,-1
2293,4,8.96042,1.25,step,0

frame,idx,score,alpha,step_norm,z_coarse
2294,0,4.70609,0.65,step,-4
2294,1,6.01695,0.8,step,-3
2294,2,7.38627,0.95,step,-2
2294,3,8.19081,1.1,step,-1
2294,4,8.96385,1.25,step,0

frame,idx,score,alpha,step_norm,z_coarse
2295,0,4.70685,0.65,step,-4
2295,1,6.02022,0.8,step,-3
2295,2,7.39094,0.95,step,-2
2295,3,8.1963,1.1,step,-1
2295,4,8.97142,1.25,step,0

frame,idx,score,alpha,step_norm,z_coarse
2296,0,4.70449,0.65,step,-4
2296,1,6.01757,0.8,step,-3
2296,2,7.3894,0.95,step,-2
2296,3,8.19531,1.1,step,-1
2296,4,8.96903,1.25,step,0

frame,idx,score,alpha,step_norm,z_coarse
2297,0,4.70852,0.65,step,-4
2297,1,6.0208,0.8,step,-3
2297,2,7.39189,0.95,step,-2
2297,3,8.19897,1.1,step,-1
2297,4,8.97401,1.25,step,0

frame,idx,score,alpha,step_norm,z_coarse
2298,0,4.70914,0.65,step,-4
2298,1,6.01806,0.8,step,-3
2298,2,7.38627,0.95,step,-2
2298,3,8.19275,1.1,step,-1
2298,4,8.96892,1.25,step,0

frame,idx,score,alpha,step_norm,z_coarse
2299,0,4.70618,0.65,step,-4
2299,1,6.0156,0.8,step,-3
2299,2,7.386,0.95,step,-2
2299,3,8.19127,1.1,step,-1
2299,4,8.96585,1.25,step,0

frame,idx,score,alpha,step_norm,z_coarse
2300,0,4.70538,0.65,step,-4
2300,1,6.01526,0.8,step,-3
2300,2,7.38403,0.95,step,-2
2300,3,8.18787,1.1,step,-1
2300,4,8.96188,1.25,step,0

frame,idx,score,alpha,step_norm,z_coarse
2301,0,4.70651,0.65,step,-4
2301,1,6.01916,0.8,step,-3
2301,2,7.39194,0.95,step,-2
2301,3,8.198,1.1,step,-1
2301,4,8.97236,1.25,step,0

frame,idx,score,alpha,step_norm,z_coarse
2302,0,4.70505,0.65,step,-4
2302,1,6.01683,0.8,step,-3
2302,2,7.38913,0.95,step,-2
2302,3,8.19506,1.1,step,-1
2302,4,8.96881,1.25,step,0

frame,idx,score,alpha,step_norm,z_coarse
2303,0,4.70521,0.65,step,-4
2303,1,6.0149,0.8,step,-3
2303,2,7.38575,0.95,step,-2
2303,3,8.18968,1.1,step,-1
2303,4,8.96294,1.25,step,0

frame,idx,score,alpha,step_norm,z_coarse
2304,0,4.70366,0.65,step,-4
2304,1,6.01394,0.8,step,-3
2304,2,7.38322,0.95,step,-2
2304,3,8.1865,1.1,step,-1
2304,4,8.96028,1.25,step,0

frame,idx,score,alpha,step_norm,z_coarse
2305,0,4.70712,0.65,step,-4
2305,1,6.01781,0.8,step,-3
2305,2,7.38693,0.95,step,-2
2305,3,8.19267,1.1,step,-1
2305,4,8.9679,1.25,step,0

frame,idx,score,alpha,step_norm,z_coarse
2306,0,4.70383,0.65,step,-4
2306,1,6.01297,0.8,step,-3
2306,2,7.38323,0.95,step,-2
2306,3,8.19001,1.1,step,-1
2306,4,8.96483,1.25,step,0

frame,idx,score,alpha,step_norm,z_coarse
2307,0,4.7046,0.65,step,-4
2307,1,6.01415,0.8,step,-3
2307,2,7.38173,0.95,step,-2
2307,3,8.18588,1.1,step,-1
2307,4,8.95959,1.25,step,0

frame,idx,score,alpha,step_norm,z_coarse
2308,0,4.70393,0.65,step,-4
2308,1,6.01461,0.8,step,-3
2308,2,7.38321,0.95,step,-2
2308,3,8.18788,1.1,step,-1
2308,4,8.96205,1.25,step,0

frame,idx,score,alpha,step_norm,z_coarse
2309,0,4.70623,0.65,step,-4
2309,1,6.01718,0.8,step,-3
2309,2,7.38843,0.95,step,-2
2309,3,8.19316,1.1,step,-1
2309,4,8.96643,1.25,step,0

frame,idx,score,alpha,step_norm,z_coarse
2310,0,4.70688,0.65,step,-4
2310,1,6.01759,0.8,step,-3
2310,2,7.38816,0.95,step,-2
2310,3,8.19314,1.1,step,-1
2310,4,8.96688,1.25,step,0

frame,idx,score,alpha,step_norm,z_coarse
2311,0,4.70828,0.65,step,-4
2311,1,6.01963,0.8,step,-3
2311,2,7.39112,0.95,step,-2
2311,3,8.19534,1.1,step,-1
2311,4,8.96856,1.25,step,0

frame,idx,score,alpha,step_norm,z_coarse
2312,0,4.7048,0.65,step,-4
2312,1,6.01682,0.8,step,-3
2312,2,7.38946,0.95,step,-2
2312,3,8.19504,1.1,step,-1
2312,4,8.96953,1.25,step,0

frame,idx,score,alpha,step_norm,z_coarse
2313,0,4.70632,0.65,step,-4
2313,1,6.01742,0.8,step,-3
2313,2,7.3893,0.95,step,-2
2313,3,8.19425,1.1,step,-1
2313,4,8.96881,1.25,step,0

frame,idx,score,alpha,step_norm,z_coarse
2314,0,4.70475,0.65,step,-4
2314,1,6.01512,0.8,step,-3
2314,2,7.38668,0.95,step,-2
2314,3,8.19209,1.1,step,-1
2314,4,8.96721,1.25,step,0

frame,idx,score,alpha,step_norm,z_coarse
2315,0,4.70437,0.65,step,-4
2315,1,6.01396,0.8,step,-3
2315,2,7.38419,0.95,step,-2
2315,3,8.18784,1.1,step,-1
2315,4,8.9623,1.25,step,0

frame,idx,score,alpha,step_norm,z_coarse
2316,0,4.70592,0.65,step,-4
2316,1,6.01501,0.8,step,-3
2316,2,7.38565,0.95,step,-2
2316,3,8.19092,1.1,step,-1
2316,4,8.96505,1.25,step,0

frame,idx,score,alpha,step_norm,z_coarse
2317,0,4.70481,0.65,step,-4
2317,1,6.0146,0.8,step,-3
2317,2,7.38419,0.95,step,-2
2317,3,8.18708,1.1,step,-1
2317,4,8.96028,1.25,step,0

frame,idx,score,alpha,step_norm,z_coarse
2318,0,4.70274,0.65,step,-4
2318,1,6.00997,0.8,step,-3
2318,2,7.37606,0.95,step,-2
2318,3,8.17793,1.1,step,-1
2318,4,8.95265,1.25,step,0

frame,idx,score,alpha,step_norm,z_coarse
2319,0,4.70091,0.65,step,-4
2319,1,6.00877,0.8,step,-3
2319,2,7.37971,0.95,step,-2
2319,3,8.18281,1.1,step,-1
2319,4,8.95774,1.25,step,0

frame,idx,score,alpha,step_norm,z_coarse
2320,0,4.70342,0.65,step,-4
2320,1,6.01449,0.8,step,-3
2320,2,7.38513,0.95,step,-2
2320,3,8.19017,1.1,step,-1
2320,4,8.96539,1.25,step,0

frame,idx,score,alpha,step_norm,z_coarse
2321,0,4.70153,0.65,step,-4
2321,1,6.00887,0.8,step,-3
2321,2,7.37819,0.95,step,-2
2321,3,8.18139,1.1,step,-1
2321,4,8.95568,1.25,step,0

frame,idx,score,alpha,step_norm,z_coarse
2322,0,4.69997,0.65,step,-4
2322,1,6.00869,0.8,step,-3
2322,2,7.37652,0.95,step,-2
2322,3,8.17765,1.1,step,-1
2322,4,8.95025,1.25,step,0

frame,idx,score,alpha,step_norm,z_coarse
2323,0,4.70253,0.65,step,-4
2323,1,6.01047,0.8,step,-3
2323,2,7.37658,0.95,step,-2
2323,3,8.17929,1.1,step,-1
2323,4,8.9539,1.25,step,0

frame,idx,score,alpha,step_norm,z_coarse
2324,0,4.70227,0.65,step,-4
2324,1,6.00956,0.8,step,-3
2324,2,7.37769,0.95,step,-2
2324,3,8.17885,1.1,step,-1
2324,4,8.95197,1.25,step,0

frame,idx,score,alpha,step_norm,z_coarse
2325,0,4.70371,0.65,step,-4
2325,1,6.01304,0.8,step,-3
2325,2,7.38298,0.95,step,-2
2325,3,8.18572,1.1,step,-1
2325,4,8.95954,1.25,step,0

frame,idx,score,alpha,step_norm,z_coarse
2326,0,4.70588,0.65,step,-4
2326,1,6.01549,0.8,step,-3
2326,2,7.38449,0.95,step,-2
2326,3,8.18649,1.1,step,-1
2326,4,8.95899,1.25,step,0

frame,idx,score,alpha,step_norm,z_coarse
2327,0,4.70511,0.65,step,-4
2327,1,6.01359,0.8,step,-3
2327,2,7.38227,0.95,step,-2
2327,3,8.18479,1.1,step,-1
2327,4,8.95838,1.25,step,0

frame,idx,score,alpha,step_norm,z_coarse
2328,0,4.70013,0.65,step,-4
2328,1,6.00737,0.8,step,-3
2328,2,7.37431,0.95,step,-2
2328,3,8.17481,1.1,step,-1
2328,4,8.94804,1.25,step,0

frame,idx,score,alpha,step_norm,z_coarse
2329,0,4.70347,0.65,step,-4
2329,1,6.01304,0.8,step,-3
2329,2,7.38061,0.95,step,-2
2329,3,8.18108,1.1,step,-1
2329,4,8.95429,1.25,step,0

frame,idx,score,alpha,step_norm,z_coarse
2330,0,4.70207,0.65,step,-4
2330,1,6.00998,0.8,step,-3
2330,2,7.37814,0.95,step,-2
2330,3,8.18091,1.1,step,-1
2330,4,8.95508,1.25,step,0

frame,idx,score,alpha,step_norm,z_coarse
2331,0,4.70203,0.65,step,-4
2331,1,6.00938,0.8,step,-3
2331,2,7.37725,0.95,step,-2
2331,3,8.1798,1.1,step,-1
2331,4,8.953,1.25,step,0

frame,idx,score,alpha,step_norm,z_coarse
2332,0,4.69925,0.65,step,-4
2332,1,6.0057,0.8,step,-3
2332,2,7.37218,0.95,step,-2
2332,3,8.17313,1.1,step,-1
2332,4,8.94775,1.25,step,0

frame,idx,score,alpha,step_norm,z_coarse
2333,0,4.70155,0.65,step,-4
2333,1,6.00937,0.8,step,-3
2333,2,7.37552,0.95,step,-2
2333,3,8.17732,1.1,step,-1
2333,4,8.95136,1.25,step,0

frame,idx,score,alpha,step_norm,z_coarse
2334,0,4.70551,0.65,step,-4
2334,1,6.01524,0.8,step,-3
2334,2,7.37986,0.95,step,-2
2334,3,8.18084,1.1,step,-1
2334,4,8.95402,1.25,step,0

frame,idx,score,alpha,step_norm,z_coarse
2335,0,4.70168,0.65,step,-4
2335,1,6.00963,0.8,step,-3
2335,2,7.37791,0.95,step,-2
2335,3,8.1794,1.1,step,-1
2335,4,8.9521,1.25,step,0

frame,idx,score,alpha,step_norm,z_coarse
2336,0,4.70174,0.65,step,-4
2336,1,6.00894,0.8,step,-3
2336,2,7.37487,0.95,step,-2
2336,3,8.17563,1.1,step,-1
2336,4,8.94995,1.25,step,0

frame,idx,score,alpha,step_norm,z_coarse
2337,0,4.7032,0.65,step,-4
2337,1,6.00978,0.8,step,-3
2337,2,7.37794,0.95,step,-2
2337,3,8.17963,1.1,step,-1
2337,4,8.95389,1.25,step,0

frame,idx,score,alpha,step_norm,z_coarse
2338,0,4.70045,0.65,step,-4
2338,1,6.00829,0.8,step,-3
2338,2,7.37738,0.95,step,-2
2338,3,8.17874,1.1,step,-1
2338,4,8.95244,1.25,step,0

frame,idx,score,alpha,step_norm,z_coarse
2339,0,4.70029,0.65,step,-4
2339,1,6.00706,0.8,step,-3
2339,2,7.37577,0.95,step,-2
2339,3,8.17826,1.1,step,-1
2339,4,8.95224,1.25,step,0

frame,idx,score,alpha,step_norm,z_coarse
2340,0,4.69972,0.65,step,-4
2340,1,6.00772,0.8,step,-3
2340,2,7.37466,0.95,step,-2
2340,3,8.17797,1.1,step,-1
2340,4,8.95271,1.25,step,0

frame,idx,score,alpha,step_norm,z_coarse
2341,0,4.70162,0.65,step,-4
2341,1,6.00627,0.8,step,-3
2341,2,7.37335,0.95,step,-2
2341,3,8.17554,1.1,step,-1
2341,4,8.94929,1.25,step,0

frame,idx,score,alpha,step_norm,z_coarse
2342,0,4.70473,0.65,step,-4
2342,1,6.01399,0.8,step,-3
2342,2,7.38258,0.95,step,-2
2342,3,8.18428,1.1,step,-1
2342,4,8.9578,1.25,step,0

frame,idx,score,alpha,step_norm,z_coarse
2343,0,4.7043,0.65,step,-4
2343,1,6.01453,0.8,step,-3
2343,2,7.3818,0.95,step,-2
2343,3,8.18312,1.1,step,-1
2343,4,8.95828,1.25,step,0

frame,idx,score,alpha,step_norm,z_coarse
2344,0,4.70199,0.65,step,-4
2344,1,6.00977,0.8,step,-3
2344,2,7.37798,0.95,step,-2
2344,3,8.18083,1.1,step,-1
2344,4,8.95578,1.25,step,0

frame,idx,score,alpha,step_norm,z_coarse
2345,0,4.70466,0.65,step,-4
2345,1,6.01292,0.8,step,-3
2345,2,7.38256,0.95,step,-2
2345,3,8.18648,1.1,step,-1
2345,4,8.96033,1.25,step,0

frame,idx,score,alpha,step_norm,z_coarse
2346,0,4.7057,0.65,step,-4
2346,1,6.01571,0.8,step,-3
2346,2,7.38557,0.95,step,-2
2346,3,8.192,1.1,step,-1
2346,4,8.96817,1.25,step,0

frame,idx,score,alpha,step_norm,z_coarse
2347,0,4.70239,0.65,step,-4
2347,1,6.01276,0.8,step,-3
2347,2,7.3836,0.95,step,-2
2347,3,8.18782,1.1,step,-1
2347,4,8.96222,1.25,step,0

frame,idx,score,alpha,step_norm,z_coarse
2348,0,4.70373,0.65,step,-4
2348,1,6.01087,0.8,step,-3
2348,2,7.37935,0.95,step,-2
2348,3,8.18216,1.1,step,-1
2348,4,8.95612,1.25,step,0

frame,idx,score,alpha,step_norm,z_coarse
2349,0,4.70504,0.65,step,-4
2349,1,6.01542,0.8,step,-3
2349,2,7.38513,0.95,step,-2
2349,3,8.1898,1.1,step,-1
2349,4,8.96353,1.25,step,0

frame,idx,score,alpha,step_norm,z_coarse
2350,0,4.70026,0.65,step,-4
2350,1,6.00751,0.8,step,-3
2350,2,7.37602,0.95,step,-2
2350,3,8.17954,1.1,step,-1
2350,4,8.95494,1.25,step,0

frame,idx,score,alpha,step_norm,z_coarse
2351,0,4.70073,0.65,step,-4
2351,1,6.01051,0.8,step,-3
2351,2,7.37876,0.95,step,-2
2351,3,8.18124,1.1,step,-1
2351,4,8.95442,1.25,step,0

frame,idx,score,alpha,step_norm,z_coarse
2352,0,4.70346,0.65,step,-4
2352,1,6.01091,0.8,step,-3
2352,2,7.37892,0.95,step,-2
2352,3,8.18078,1.1,step,-1
2352,4,8.9541,1.25,step,0

frame,idx,score,alpha,step_norm,z_coarse
2353,0,4.70058,0.65,step,-4
2353,1,6.0076,0.8,step,-3
2353,2,7.37608,0.95,step,-2
2353,3,8.17902,1.1,step,-1
2353,4,8.95318,1.25,step,0

frame,idx,score,alpha,step_norm,z_coarse
2354,0,4.70237,0.65,step,-4
2354,1,6.01196,0.8,step,-3
2354,2,7.3828,0.95,step,-2
2354,3,8.18422,1.1,step,-1
2354,4,8.95725,1.25,step,0

frame,idx,score,alpha,step_norm,z_coarse
2355,0,4.70483,0.65,step,-4
2355,1,6.01283,0.8,step,-3
2355,2,7.38108,0.95,step,-2
2355,3,8.18438,1.1,step,-1
2355,4,8.95822,1.25,step,0

frame,idx,score,alpha,step_norm,z_coarse
2356,0,4.70568,0.65,step,-4
2356,1,6.0166,0.8,step,-3
2356,2,7.38748,0.95,step,-2
2356,3,8.19173,1.1,step,-1
2356,4,8.96627,1.25,step,0

frame,idx,score,alpha,step_norm,z_coarse
2357,0,4.70483,0.65,step,-4
2357,1,6.01294,0.8,step,-3
2357,2,7.38303,0.95,step,-2
2357,3,8.18663,1.1,step,-1
2357,4,8.95981,1.25,step,0

frame,idx,score,alpha,step_norm,z_coarse
2358,0,4.70415,0.65,step,-4
2358,1,6.01351,0.8,step,-3
2358,2,7.38521,0.95,step,-2
2358,3,8.19037,1.1,step,-1
2358,4,8.96438,1.25,step,0

frame,idx,score,alpha,step_norm,z_coarse
2359,0,4.7058,0.65,step,-4
2359,1,6.01621,0.8,step,-3
2359,2,7.38751,0.95,step,-2
2359,3,8.19312,1.1,step,-1
2359,4,8.96818,1.25,step,0

frame,idx,score,alpha,step_norm,z_coarse
2360,0,4.70515,0.65,step,-4
2360,1,6.01594,0.8,step,-3
2360,2,7.3864,0.95,step,-2
2360,3,8.18946,1.1,step,-1
2360,4,8.96428,1.25,step,0

frame,idx,score,alpha,step_norm,z_coarse
2361,0,4.70615,0.65,step,-4
2361,1,6.01578,0.8,step,-3
2361,2,7.38828,0.95,step,-2
2361,3,8.19177,1.1,step,-1
2361,4,8.96527,1.25,step,0

frame,idx,score,alpha,step_norm,z_coarse
2362,0,4.70586,0.65,step,-4
2362,1,6.01483,0.8,step,-3
2362,2,7.38397,0.95,step,-2
2362,3,8.18694,1.1,step,-1
2362,4,8.96092,1.25,step,0

frame,idx,score,alpha,step_norm,z_coarse
2363,0,4.70452,0.65,step,-4
2363,1,6.01467,0.8,step,-3
2363,2,7.38507,0.95,step,-2
2363,3,8.1897,1.1,step,-1
2363,4,8.96328,1.25,step,0

frame,idx,score,alpha,step_norm,z_coarse
2364,0,4.70657,0.65,step,-4
2364,1,6.01837,0.8,step,-3
2364,2,7.39051,0.95,step,-2
2364,3,8.19538,1.1,step,-1
2364,4,8.96927,1.25,step,0

frame,idx,score,alpha,step_norm,z_coarse
2365,0,4.70766,0.65,step,-4
2365,1,6.01877,0.8,step,-3
2365,2,7.38995,0.95,step,-2
2365,3,8.19502,1.1,step,-1
2365,4,8.97,1.25,step,0

frame,idx,score,alpha,step_norm,z_coarse
2366,0,4.70756,0.65,step,-4
2366,1,6.01926,0.8,step,-3
2366,2,7.3908,0.95,step,-2
2366,3,8.19735,1.1,step,-1
2366,4,8.97145,1.25,step,0

frame,idx,score,alpha,step_norm,z_coarse
2367,0,4.70725,0.65,step,-4
2367,1,6.01807,0.8,step,-3
2367,2,7.3893,0.95,step,-2
2367,3,8.19516,1.1,step,-1
2367,4,8.96946,1.25,step,0

frame,idx,score,alpha,step_norm,z_coarse
2368,0,4.70605,0.65,step,-4
2368,1,6.01572,0.8,step,-3
2368,2,7.38786,0.95,step,-2
2368,3,8.19303,1.1,step,-1
2368,4,8.96807,1.25,step,0

frame,idx,score,alpha,step_norm,z_coarse
2369,0,4.70739,0.65,step,-4
2369,1,6.02141,0.8,step,-3
2369,2,7.3903,0.95,step,-2
2369,3,8.19342,1.1,step,-1
2369,4,8.96667,1.25,step,0

frame,idx,score,alpha,step_norm,z_coarse
2370,0,4.70734,0.65,step,-4
2370,1,6.01841,0.8,step,-3
2370,2,7.39485,0.95,step,-2
2370,3,8.2035,1.1,step,-1
2370,4,8.97859,1.25,step,0

frame,idx,score,alpha,step_norm,z_coarse
2371,0,4.70556,0.65,step,-4
2371,1,6.01832,0.8,step,-3
2371,2,7.38946,0.95,step,-2
2371,3,8.19378,1.1,step,-1
2371,4,8.96763,1.25,step,0

frame,idx,score,alpha,step_norm,z_coarse
2372,0,4.708,0.65,step,-4
2372,1,6.0172,0.8,step,-3
2372,2,7.38946,0.95,step,-2
2372,3,8.19551,1.1,step,-1
2372,4,8.96986,1.25,step,0

frame,idx,score,alpha,step_norm,z_coarse
2373,0,4.70593,0.65,step,-4
2373,1,6.01567,0.8,step,-3
2373,2,7.38714,0.95,step,-2
2373,3,8.19327,1.1,step,-1
2373,4,8.96747,1.25,step,0

frame,idx,score,alpha,step_norm,z_coarse
2374,0,4.70596,0.65,step,-4
2374,1,6.01575,0.8,step,-3
2374,2,7.38516,0.95,step,-2
2374,3,8.18978,1.1,step,-1
2374,4,8.96402,1.25,step,0

frame,idx,score,alpha,step_norm,z_coarse
2375,0,4.70542,0.65,step,-4
2375,1,6.0162,0.8,step,-3
2375,2,7.38772,0.95,step,-2
2375,3,8.19301,1.1,step,-1
2375,4,8.9667,1.25,step,0

frame,idx,score,alpha,step_norm,z_coarse
2376,0,4.70327,0.65,step,-4
2376,1,6.0138,0.8,step,-3
2376,2,7.38535,0.95,step,-2
2376,3,8.18974,1.1,step,-1
2376,4,8.96383,1.25,step,0

frame,idx,score,alpha,step_norm,z_coarse
2377,0,4.70402,0.65,step,-4
2377,1,6.01281,0.8,step,-3
2377,2,7.38379,0.95,step,-2
2377,3,8.18808,1.1,step,-1
2377,4,8.96165,1.25,step,0

frame,idx,score,alpha,step_norm,z_coarse
2378,0,4.70358,0.65,step,-4
2378,1,6.01132,0.8,step,-3
2378,2,7.38094,0.95,step,-2
2378,3,8.18598,1.1,step,-1
2378,4,8.9606,1.25,step,0

frame,idx,score,alpha,step_norm,z_coarse
2379,0,4.70928,0.65,step,-4
2379,1,6.01995,0.8,step,-3
2379,2,7.39382,0.95,step,-2
2379,3,8.20089,1.1,step,-1
2379,4,8.97552,1.25,step,0

frame,idx,score,alpha,step_norm,z_coarse
2380,0,4.70841,0.65,step,-4
2380,1,6.02063,0.8,step,-3
2380,2,7.39202,0.95,step,-2
2380,3,8.19848,1.1,step,-1
2380,4,8.97261,1.25,step,0

frame,idx,score,alpha,step_norm,z_coarse
2381,0,4.70343,0.65,step,-4
2381,1,6.01379,0.8,step,-3
2381,2,7.38373,0.95,step,-2
2381,3,8.18737,1.1,step,-1
2381,4,8.96131,1.25,step,0

frame,idx,score,alpha,step_norm,z_coarse
2382,0,4.70344,0.65,step,-4
2382,1,6.01342,0.8,step,-3
2382,2,7.38543,0.95,step,-2
2382,3,8.19137,1.1,step,-1
2382,4,8.96541,1.25,step,0

frame,idx,score,alpha,step_norm,z_coarse
2383,0,4.70699,0.65,step,-4
2383,1,6.01984,0.8,step,-3
2383,2,7.39308,0.95,step,-2
2383,3,8.19999,1.1,step,-1
2383,4,8.97418,1.25,step,0

frame,idx,score,alpha,step_norm,z_coarse
2384,0,4.70494,0.65,step,-4
2384,1,6.01632,0.8,step,-3
2384,2,7.38766,0.95,step,-2
2384,3,8.19024,1.1,step,-1
2384,4,8.96447,1.25,step,0

frame,idx,score,alpha,step_norm,z_coarse
2385,0,4.70378,0.65,step,-4
2385,1,6.01424,0.8,step,-3
2385,2,7.38529,0.95,step,-2
2385,3,8.18824,1.1,step,-1
2385,4,8.96179,1.25,step,0

frame,idx,score,alpha,step_norm,z_coarse
2386,0,4.70882,0.65,step,-4
2386,1,6.02184,0.8,step,-3
2386,2,7.39355,0.95,step,-2
2386,3,8.19676,1.1,step,-1
2386,4,8.97029,1.25,step,0

frame,idx,score,alpha,step_norm,z_coarse
2387,0,4.70457,0.65,step,-4
2387,1,6.01291,0.8,step,-3
2387,2,7.38033,0.95,step,-2
2387,3,8.18392,1.1,step,-1
2387,4,8.95994,1.25,step,0

frame,idx,score,alpha,step_norm,z_coarse
2388,0,4.70462,0.65,step,-4
2388,1,6.01236,0.8,step,-3
2388,2,7.38196,0.95,step,-2
2388,3,8.18436,1.1,step,-1
2388,4,8.95931,1.25,step,0

frame,idx,score,alpha,step_norm,z_coarse
2389,0,4.70389,0.65,step,-4
2389,1,6.01335,0.8,step,-3
2389,2,7.38412,0.95,step,-2
2389,3,8.18711,1.1,step,-1
2389,4,8.96064,1.25,step,0

frame,idx,score,alpha,step_norm,z_coarse
2390,0,4.7087,0.65,step,-4
2390,1,6.01785,0.8,step,-3
2390,2,7.38871,0.95,step,-2
2390,3,8.19296,1.1,step,-1
2390,4,8.96794,1.25,step,0

frame,idx,score,alpha,step_norm,z_coarse
2391,0,4.70445,0.65,step,-4
2391,1,6.01466,0.8,step,-3
2391,2,7.38715,0.95,step,-2
2391,3,8.19191,1.1,step,-1
2391,4,8.96632,1.25,step,0

frame,idx,score,alpha,step_norm,z_coarse
2392,0,4.70548,0.65,step,-4
2392,1,6.01441,0.8,step,-3
2392,2,7.387,0.95,step,-2
2392,3,8.19177,1.1,step,-1
2392,4,8.96526,1.25,step,0

frame,idx,score,alpha,step_norm,z_coarse
2393,0,4.70485,0.65,step,-4
2393,1,6.01419,0.8,step,-3
2393,2,7.38213,0.95,step,-2
2393,3,8.18731,1.1,step,-1
2393,4,8.96257,1.25,step,0

frame,idx,score,alpha,step_norm,z_coarse
2394,0,4.70486,0.65,step,-4
2394,1,6.01418,0.8,step,-3
2394,2,7.38238,0.95,step,-2
2394,3,8.18683,1.1,step,-1
2394,4,8.96246,1.25,step,0

frame,idx,score,alpha,step_norm,z_coarse
2395,0,4.70377,0.65,step,-4
2395,1,6.01143,0.8,step,-3
2395,2,7.3806,0.95,step,-2
2395,3,8.18407,1.1,step,-1
2395,4,8.95814,1.25,step,0

frame,idx,score,alpha,step_norm,z_coarse
2396,0,4.70484,0.65,step,-4
2396,1,6.01335,0.8,step,-3
2396,2,7.3797,0.95,step,-2
2396,3,8.17916,1.1,step,-1
2396,4,8.95216,1.25,step,0

frame,idx,score,alpha,step_norm,z_coarse
2397,0,4.70259,0.65,step,-4
2397,1,6.01074,0.8,step,-3
2397,2,7.37823,0.95,step,-2
2397,3,8.18024,1.1,step,-1
2397,4,8.95514,1.25,step,0

frame,idx,score,alpha,step_norm,z_coarse
2398,0,4.70044,0.65,step,-4
2398,1,6.00697,0.8,step,-3
2398,2,7.37466,0.95,step,-2
2398,3,8.17483,1.1,step,-1
2398,4,8.94787,1.25,step,0

frame,idx,score,alpha,step_norm,z_coarse
2399,0,4.70234,0.65,step,-4
2399,1,6.00803,0.8,step,-3
2399,2,7.37476,0.95,step,-2
2399,3,8.17565,1.1,step,-1
2399,4,8.95037,1.25,step,0

frame,idx,score,alpha,step_norm,z_coarse
2400,0,4.7014,0.65,step,-4
2400,1,6.0077,0.8,step,-3
2400,2,7.36998,0.95,step,-2
2400,3,8.16747,1.1,step,-1
2400,4,8.93997,1.25,step,0

frame,idx,score,alpha,step_norm,z_coarse
2401,0,4.69906,0.65,step,-4
2401,1,6.00715,0.8,step,-3
2401,2,7.37054,0.95,step,-2
2401,3,8.17091,1.1,step,-1
2401,4,8.94582,1.25,step,0

frame,idx,score,alpha,step_norm,z_coarse
2402,0,4.70449,0.65,step,-4
2402,1,6.01164,0.8,step,-3
2402,2,7.37806,0.95,step,-2
2402,3,8.17959,1.1,step,-1
2402,4,8.95323,1.25,step,0

frame,idx,score,alpha,step_norm,z_coarse
2403,0,4.70418,0.65,step,-4
2403,1,6.0102,0.8,step,-3
2403,2,7.37782,0.95,step,-2
2403,3,8.17883,1.1,step,-1
2403,4,8.95216,1.25,step,0

frame,idx,score,alpha,step_norm,z_coarse
2404,0,4.70372,0.65,step,-4
2404,1,6.01022,0.8,step,-3
2404,2,7.37721,0.95,step,-2
2404,3,8.17918,1.1,step,-1
2404,4,8.95406,1.25,step,0

frame,idx,score,alpha,step_norm,z_coarse
2405,0,4.70295,0.65,step,-4
2405,1,6.00833,0.8,step,-3
2405,2,7.3781,0.95,step,-2
2405,3,8.18254,1.1,step,-1
2405,4,8.95741,1.25,step,0

frame,idx,score,alpha,step_norm,z_coarse
2406,0,4.70029,0.65,step,-4
2406,1,6.00913,0.8,step,-3
2406,2,7.37608,0.95,step,-2
2406,3,8.17701,1.1,step,-1
2406,4,8.95126,1.25,step,0

frame,idx,score,alpha,step_norm,z_coarse
2407,0,4.70151,0.65,step,-4
2407,1,6.00636,0.8,step,-3
2407,2,7.37042,0.95,step,-2
2407,3,8.17111,1.1,step,-1
2407,4,8.94589,1.25,step,0

frame,idx,score,alpha,step_norm,z_coarse
2408,0,4.70097,0.65,step,-4
2408,1,6.00585,0.8,step,-3
2408,2,7.3727,0.95,step,-2
2408,3,8.17128,1.1,step,-1
2408,4,8.9439,1.25,step,0

frame,idx,score,alpha,step_norm,z_coarse
2409,0,4.70366,0.65,step,-4
2409,1,6.01007,0.8,step,-3
2409,2,7.37759,0.95,step,-2
2409,3,8.17894,1.1,step,-1
2409,4,8.95416,1.25,step,0

frame,idx,score,alpha,step_norm,z_coarse
2410,0,4.70226,0.65,step,-4
2410,1,6.01067,0.8,step,-3
2410,2,7.38136,0.95,step,-2
2410,3,8.18318,1.1,step,-1
2410,4,8.95695,1.25,step,0

frame,idx,score,alpha,step_norm,z_coarse
2411,0,4.70261,0.65,step,-4
2411,1,6.01043,0.8,step,-3
2411,2,7.37653,0.95,step,-2
2411,3,8.17556,1.1,step,-1
2411,4,8.94867,1.25,step,0

frame,idx,score,alpha,step_norm,z_coarse
2412,0,4.70141,0.65,step,-4
2412,1,6.00557,0.8,step,-3
2412,2,7.36876,0.95,step,-2
2412,3,8.16816,1.1,step,-1
2412,4,8.94291,1.25,step,0

frame,idx,score,alpha,step_norm,z_coarse
2413,0,4.69984,0.65,step,-4
2413,1,6.00612,0.8,step,-3
2413,2,7.37017,0.95,step,-2
2413,3,8.16799,1.1,step,-1
2413,4,8.94127,1.25,step,0

frame,idx,score,alpha,step_norm,z_coarse
2414,0,4.69912,0.65,step,-4
2414,1,6.00586,0.8,step,-3
2414,2,7.37151,0.95,step,-2
2414,3,8.17093,1.1,step,-1
2414,4,8.94463,1.25,step,0

frame,idx,score,alpha,step_norm,z_coarse
2415,0,4.7035,0.65,step,-4
2415,1,6.01181,0.8,step,-3
2415,2,7.37912,0.95,step,-2
2415,3,8.18071,1.1,step,-1
2415,4,8.95515,1.25,step,0

frame,idx,score,alpha,step_norm,z_coarse
2416,0,4.70417,0.65,step,-4
2416,1,6.01161,0.8,step,-3
2416,2,7.3784,0.95,step,-2
2416,3,8.17852,1.1,step,-1
2416,4,8.95149,1.25,step,0

frame,idx,score,alpha,step_norm,z_coarse
2417,0,4.7048,0.65,step,-4
2417,1,6.01282,0.8,step,-3
2417,2,7.38314,0.95,step,-2
2417,3,8.18525,1.1,step,-1
2417,4,8.95765,1.25,step,0

frame,idx,score,alpha,step_norm,z_coarse
2418,0,4.70002,0.65,step,-4
2418,1,6.0064,0.8,step,-3
2418,2,7.37629,0.95,step,-2
2418,3,8.17752,1.1,step,-1
2418,4,8.95026,1.25,step,0

frame,idx,score,alpha,step_norm,z_coarse
2419,0,4.70235,0.65,step,-4
2419,1,6.00711,0.8,step,-3
2419,2,7.37327,0.95,step,-2
2419,3,8.17466,1.1,step,-1
2419,4,8.94954,1.25,step,0

frame,idx,score,alpha,step_norm,z_coarse
2420,0,4.7037,0.65,step,-4
2420,1,6.01052,0.8,step,-3
2420,2,7.37821,0.95,step,-2
2420,3,8.17888,1.1,step,-1
2420,4,8.95278,1.25,step,0

frame,idx,score,alpha,step_norm,z_coarse
2421,0,4.69984,0.65,step,-4
2421,1,6.00236,0.8,step,-3
2421,2,7.36806,0.95,step,-2
2421,3,8.16701,1.1,step,-1
2421,4,8.94023,1.25,step,0

frame,idx,score,alpha,step_norm,z_coarse
2422,0,4.70396,0.65,step,-4
2422,1,6.01201,0.8,step,-3
2422,2,7.37994,0.95,step,-2
2422,3,8.18144,1.1,step,-1
2422,4,8.95582,1.25,step,0

frame,idx,score,alpha,step_norm,z_coarse
2423,0,4.70001,0.65,step,-4
2423,1,6.00739,0.8,step,-3
2423,2,7.37532,0.95,step,-2
2423,3,8.17661,1.1,step,-1
2423,4,8.95015,1.25,step,0

frame,idx,score,alpha,step_norm,z_coarse
2424,0,4.69933,0.65,step,-4
2424,1,6.00438,0.8,step,-3
2424,2,7.37083,0.95,step,-2
2424,3,8.16958,1.1,step,-1
2424,4,8.94261,1.25,step,0

frame,idx,score,alpha,step_norm,z_coarse
2425,0,4.70442,0.65,step,-4
2425,1,6.01129,0.8,step,-3
2425,2,7.37881,0.95,step,-2
2425,3,8.18224,1.1,step,-1
2425,4,8.95694,1.25,step,0

frame,idx,score,alpha,step_norm,z_coarse
2426,0,4.70378,0.65,step,-4
2426,1,6.01061,0.8,step,-3
2426,2,7.37716,0.95,step,-2
2426,3,8.18033,1.1,step,-1
2426,4,8.95475,1.25,step,0

frame,idx,score,alpha,step_norm,z_coarse
2427,0,4.70376,0.65,step,-4
2427,1,6.00858,0.8,step,-3
2427,2,7.37388,0.95,step,-2
2427,3,8.17506,1.1,step,-1
2427,4,8.94943,1.25,step,0

frame,idx,score,alpha,step_norm,z_coarse
2428,0,4.70308,0.65,step,-4
2428,1,6.01058,0.8,step,-3
2428,2,7.37836,0.95,step,-2
2428,3,8.17967,1.1,step,-1
2428,4,8.95301,1.25,step,0

frame,idx,score,alpha,step_norm,z_coarse
2429,0,4.70284,0.65,step,-4
2429,1,6.01088,0.8,step,-3
2429,2,7.37877,0.95,step,-2
2429,3,8.17997,1.1,step,-1
2429,4,8.95167,1.25,step,0

frame,idx,score,alpha,step_norm,z_coarse
2430,0,4.70271,0.65,step,-4
2430,1,6.01081,0.8,step,-3
2430,2,7.37942,0.95,step,-2
2430,3,8.18154,1.1,step,-1
2430,4,8.95375,1.25,step,0

frame,idx,score,alpha,step_norm,z_coarse
2431,0,4.70225,0.65,step,-4
2431,1,6.00669,0.8,step,-3
2431,2,7.37264,0.95,step,-2
2431,3,8.17376,1.1,step,-1
2431,4,8.94817,1.25,step,0

frame,idx,score,alpha,step_norm,z_coarse
2432,0,4.70427,0.65,step,-4
2432,1,6.00991,0.8,step,-3
2432,2,7.3765,0.95,step,-2
2432,3,8.17803,1.1,step,-1
2432,4,8.95203,1.25,step,0

frame,idx,score,alpha,step_norm,z_coarse
2433,0,4.70131,0.65,step,-4
2433,1,6.00685,0.8,step,-3
2433,2,7.3728,0.95,step,-2
2433,3,8.17366,1.1,step,-1
2433,4,8.94708,1.25,step,0

frame,idx,score,alpha,step_norm,z_coarse
2434,0,4.70632,0.65,step,-4
2434,1,6.01742,0.8,step,-3
2434,2,7.38859,0.95,step,-2
2434,3,8.19181,1.1,step,-1
2434,4,8.9657,1.25,step,0

frame,idx,score,alpha,step_norm,z_coarse
2435,0,4.70403,0.65,step,-4
2435,1,6.01217,0.8,step,-3
2435,2,7.3811,0.95,step,-2
2435,3,8.18427,1.1,step,-1
2435,4,8.95886,1.25,step,0

frame,idx,score,alpha,step_norm,z_coarse
2436,0,4.70448,0.65,step,-4
2436,1,6.01162,0.8,step,-3
2436,2,7.37871,0.95,step,-2
2436,3,8.17903,1.1,step,-1
2436,4,8.95165,1.25,step,0

frame,idx,score,alpha,step_norm,z_coarse
2437,0,4.70045,0.65,step,-4
2437,1,6.00774,0.8,step,-3
2437,2,7.37291,0.95,step,-2
2437,3,8.17347,1.1,step,-1
2437,4,8.94713,1.25,step,0

frame,idx,score,alpha,step_norm,z_coarse
2438,0,4.70157,0.65,step,-4
2438,1,6.00597,0.8,step,-3
2438,2,7.37275,0.95,step,-2
2438,3,8.17411,1.1,step,-1
2438,4,8.9482,1.25,step,0

frame,idx,score,alpha,step_norm,z_coarse
2439,0,4.70266,0.65,step,-4
2439,1,6.00829,0.8,step,-3
2439,2,7.37287,0.95,step,-2
2439,3,8.17299,1.1,step,-1
2439,4,8.94702,1.25,step,0

frame,idx,score,alpha,step_norm,z_coarse
2440,0,4.7003,0.65,step,-4
2440,1,6.0058,0.8,step,-3
2440,2,7.36936,0.95,step,-2
2440,3,8.16947,1.1,step,-1
2440,4,8.94335,1.25,step,0

frame,idx,score,alpha,step_norm,z_coarse
2441,0,4.70435,0.65,step,-4
2441,1,6.01045,0.8,step,-3
2441,2,7.37961,0.95,step,-2
2441,3,8.18105,1.1,step,-1
2441,4,8.95409,1.25,step,0

frame,idx,score,alpha,step_norm,z_coarse
2442,0,4.70198,0.65,step,-4
2442,1,6.00885,0.8,step,-3
2442,2,7.37603,0.95,step,-2
2442,3,8.17695,1.1,step,-1
2442,4,8.9491,1.25,step,0

frame,idx,score,alpha,step_norm,z_coarse
2443,0,4.70328,0.65,step,-4
2443,1,6.00946,0.8,step,-3
2443,2,7.37353,0.95,step,-2
2443,3,8.17222,1.1,step,-1
2443,4,8.94454,1.25,step,0

frame,idx,score,alpha,step_norm,z_coarse
2444,0,4.70315,0.65,step,-4
2444,1,6.01097,0.8,step,-3
2444,2,7.37792,0.95,step,-2
2444,3,8.17936,1.1,step,-1
2444,4,8.95387,1.25,step,0

frame,idx,score,alpha,step_norm,z_coarse
2445,0,4.7041,0.65,step,-4
2445,1,6.01389,0.8,step,-3
2445,2,7.38356,0.95,step,-2
2445,3,8.18618,1.1,step,-1
2445,4,8.9604,1.25,step,0

frame,idx,score,alpha,step_norm,z_coarse
2446,0,4.70537,0.65,step,-4
2446,1,6.01614,0.8,step,-3
2446,2,7.38458,0.95,step,-2
2446,3,8.1867,1.1,step,-1
2446,4,8.96056,1.25,step,0

frame,idx,score,alpha,step_norm,z_coarse
2447,0,4.70007,0.65,step,-4
2447,1,6.00658,0.8,step,-3
2447,2,7.3724,0.95,step,-2
2447,3,8.17385,1.1,step,-1
2447,4,8.94897,1.25,step,0

frame,idx,score,alpha,step_norm,z_coarse
2448,0,4.70475,0.65,step,-4
2448,1,6.00988,0.8,step,-3
2448,2,7.37648,0.95,step,-2
2448,3,8.17752,1.1,step,-1
2448,4,8.95126,1.25,step,0

frame,idx,score,alpha,step_norm,z_coarse
2449,0,4.70267,0.65,step,-4
2449,1,6.00822,0.8,step,-3
2449,2,7.3755,0.95,step,-2
2449,3,8.17748,1.1,step,-1
2449,4,8.95164,1.25,step,0

frame,idx,score,alpha,step_norm,z_coarse
2450,0,4.70012,0.65,step,-4
2450,1,6.00723,0.8,step,-3
2450,2,7.3744,0.95,step,-2
2450,3,8.17323,1.1,step,-1
2450,4,8.9457,1.25,step,0

frame,idx,score,alpha,step_norm,z_coarse
2451,0,4.70189,0.65,step,-4
2451,1,6.0074,0.8,step,-3
2451,2,7.37249,0.95,step,-2
2451,3,8.17317,1.1,step,-1
2451,4,8.94699,1.25,step,0

frame,idx,score,alpha,step_norm,z_coarse
2452,0,4.6999,0.65,step,-4
2452,1,6.00691,0.8,step,-3
2452,2,7.3735,0.95,step,-2
2452,3,8.17465,1.1,step,-1
2452,4,8.94906,1.25,step,0

frame,idx,score,alpha,step_norm,z_coarse
2453,0,4.70152,0.65,step,-4
2453,1,6.00822,0.8,step,-3
2453,2,7.37379,0.95,step,-2
2453,3,8.17327,1.1,step,-1
2453,4,8.94672,1.25,step,0

frame,idx,score,alpha,step_norm,z_coarse
2454,0,4.70321,0.65,step,-4
2454,1,6.0102,0.8,step,-3
2454,2,7.37954,0.95,step,-2
2454,3,8.17969,1.1,step,-1
2454,4,8.95378,1.25,step,0

frame,idx,score,alpha,step_norm,z_coarse
2455,0,4.70109,0.65,step,-4
2455,1,6.00973,0.8,step,-3
2455,2,7.37756,0.95,step,-2
2455,3,8.17932,1.1,step,-1
2455,4,8.95292,1.25,step,0

frame,idx,score,alpha,step_norm,z_coarse
2456,0,4.70149,0.65,step,-4
2456,1,6.00899,0.8,step,-3
2456,2,7.37829,0.95,step,-2
2456,3,8.18124,1.1,step,-1
2456,4,8.9556,1.25,step,0

frame,idx,score,alpha,step_norm,z_coarse
2457,0,4.70104,0.65,step,-4
2457,1,6.00576,0.8,step,-3
2457,2,7.37156,0.95,step,-2
2457,3,8.17228,1.1,step,-1
2457,4,8.94718,1.25,step,0

frame,idx,score,alpha,step_norm,z_coarse
2458,0,4.70338,0.65,step,-4
2458,1,6.00982,0.8,step,-3
2458,2,7.37627,0.95,step,-2
2458,3,8.17736,1.1,step,-1
2458,4,8.95202,1.25,step,0

frame,idx,score,alpha,step_norm,z_coarse
2459,0,4.70334,0.65,step,-4
2459,1,6.01044,0.8,step,-3
2459,2,7.37891,0.95,step,-2
2459,3,8.17907,1.1,step,-1
2459,4,8.95285,1.25,step,0

frame,idx,score,alpha,step_norm,z_coarse
2460,0,4.70335,0.65,step,-4
2460,1,6.01056,0.8,step,-3
2460,2,7.37795,0.95,step,-2
2460,3,8.17792,1.1,step,-1
2460,4,8.95029,1.25,step,0

frame,idx,score,alpha,step_norm,z_coarse
2461,0,4.6998,0.65,step,-4
2461,1,6.00517,0.8,step,-3
2461,2,7.37199,0.95,step,-2
2461,3,8.17341,1.1,step,-1
2461,4,8.94777,1.25,step,0

frame,idx,score,alpha,step_norm,z_coarse
2462,0,4.70136,0.65,step,-4
2462,1,6.00581,0.8,step,-3
2462,2,7.37367,0.95,step,-2
2462,3,8.17418,1.1,step,-1
2462,4,8.94769,1.25,step,0

frame,idx,score,alpha,step_norm,z_coarse
2463,0,4.70211,0.65,step,-4
2463,1,6.00624,0.8,step,-3
2463,2,7.37285,0.95,step,-2
2463,3,8.17181,1.1,step,-1
2463,4,8.94407,1.25,step,0

frame,idx,score,alpha,step_norm,z_coarse
2464,0,4.70046,0.65,step,-4
2464,1,6.00581,0.8,step,-3
2464,2,7.36979,0.95,step,-2
2464,3,8.1686,1.1,step,-1
2464,4,8.94169,1.25,step,0

frame,idx,score,alpha,step_norm,z_coarse
2465,0,4.69683,0.65,step,-4
2465,1,5.9995,0.8,step,-3
2465,2,7.3636,0.95,step,-2
2465,3,8.16237,1.1,step,-1
2465,4,8.93735,1.25,step,0

frame,idx,score,alpha,step_norm,z_coarse
2466,0,4.70567,0.65,step,-4
2466,1,6.01136,0.8,step,-3
2466,2,7.37614,0.95,step,-2
2466,3,8.17491,1.1,step,-1
2466,4,8.94772,1.25,step,0

frame,idx,score,alpha,step_norm,z_coarse
2467,0,4.70245,0.65,step,-4
2467,1,6.00461,0.8,step,-3
2467,2,7.36693,0.95,step,-2
2467,3,8.16496,1.1,step,-1
2467,4,8.93863,1.25,step,0

frame,idx,score,alpha,step_norm,z_coarse
2468,0,4.70225,0.65,step,-4
2468,1,6.00903,0.8,step,-3
2468,2,7.37756,0.95,step,-2
2468,3,8.17651,1.1,step,-1
2468,4,8.94933,1.25,step,0

frame,idx,score,alpha,step_norm,z_coarse
2469,0,4.70237,0.65,step,-4
2469,1,6.00901,0.8,step,-3
2469,2,7.37661,0.95,step,-2
2469,3,8.17504,1.1,step,-1
2469,4,8.94768,1.25,step,0

frame,idx,score,alpha,step_norm,z_coarse
2470,0,4.70319,0.65,step,-4
2470,1,6.00983,0.8,step,-3
2470,2,7.37491,0.95,step,-2
2470,3,8.17628,1.1,step,-1
2470,4,8.95203,1.25,step,0

frame,idx,score,alpha,step_norm,z_coarse
2471,0,4.69927,0.65,step,-4
2471,1,6.00407,0.8,step,-3
2471,2,7.36901,0.95,step,-2
2471,3,8.1652,1.1,step,-1
2471,4,8.93671,1.25,step,0

frame,idx,score,alpha,step_norm,z_coarse
2472,0,4.70141,0.65,step,-4
2472,1,6.00524,0.8,step,-3
2472,2,7.37034,0.95,step,-2
2472,3,8.16803,1.1,step,-1
2472,4,8.94155,1.25,step,0

frame,idx,score,alpha,step_norm,z_coarse
2473,0,4.69798,0.65,step,-4
2473,1,6.00105,0.8,step,-3
2473,2,7.36798,0.95,step,-2
2473,3,8.16827,1.1,step,-1
2473,4,8.94262,1.25,step,0

frame,idx,score,alpha,step_norm,z_coarse
2474,0,4.70343,0.65,step,-4
2474,1,6.00762,0.8,step,-3
2474,2,7.37134,0.95,step,-2
2474,3,8.16934,1.1,step,-1
2474,4,8.94369,1.25,step,0

frame,idx,score,alpha,step_norm,z_coarse
2475,0,4.69839,0.65,step,-4
2475,1,6.0005,0.8,step,-3
2475,2,7.3626,0.95,step,-2
2475,3,8.15914,1.1,step,-1
2475,4,8.93229,1.25,step,0

frame,idx,score,alpha,step_norm,z_coarse
2476,0,4.70158,0.65,step,-4
2476,1,6.00575,0.8,step,-3
2476,2,7.37191,0.95,step,-2
2476,3,8.17274,1.1,step,-1
2476,4,8.94594,1.25,step,0

frame,idx,score,alpha,step_norm,z_coarse
2477,0,4.70104,0.65,step,-4
2477,1,6.00571,0.8,step,-3
2477,2,7.37099,0.95,step,-2
2477,3,8.16841,1.1,step,-1
2477,4,8.94209,1.25,step,0

frame,idx,score,alpha,step_norm,z_coarse
2478,0,4.69837,0.65,step,-4
2478,1,6.00128,0.8,step,-3
2478,2,7.36314,0.95,step,-2
2478,3,8.15896,1.1,step,-1
2478,4,8.93242,1.25,step,0

frame,idx,score,alpha,step_norm,z_coarse
2479,0,4.70116,0.65,step,-4
2479,1,6.00541,0.8,step,-3
2479,2,7.37008,0.95,step,-2
2479,3,8.16958,1.1,step,-1
2479,4,8.94354,1.25,step,0

frame,idx,score,alpha,step_norm,z_coarse
2480,0,4.69981,0.65,step,-4
2480,1,6.00303,0.8,step,-3
2480,2,7.36617,0.95,step,-2
2480,3,8.16473,1.1,step,-1
2480,4,8.93864,1.25,step,0

frame,idx,score,alpha,step_norm,z_coarse
2481,0,4.69908,0.65,step,-4
2481,1,5.99983,0.8,step,-3
2481,2,7.36036,0.95,step,-2
2481,3,8.15725,1.1,step,-1
2481,4,8.93141,1.25,step,0

frame,idx,score,alpha,step_norm,z_coarse
2482,0,4.69626,0.65,step,-4
2482,1,5.99761,0.8,step,-3
2482,2,7.35728,0.95,step,-2
2482,3,8.15349,1.1,step,-1
2482,4,8.92819,1.25,step,0

frame,idx,score,alpha,step_norm,z_coarse
2483,0,4.69881,0.65,step,-4
2483,1,6.00153,0.8,step,-3
2483,2,7.36376,0.95,step,-2
2483,3,8.1601,1.1,step,-1
2483,4,8.93337,1.25,step,0

frame,idx,score,alpha,step_norm,z_coarse
2484,0,4.69652,0.65,step,-4
2484,1,5.99915,0.8,step,-3
2484,2,7.36182,0.95,step,-2
2484,3,8.15786,1.1,step,-1
2484,4,8.93083,1.25,step,0

frame,idx,score,alpha,step_norm,z_coarse
2485,0,4.70054,0.65,step,-4
2485,1,6.00464,0.8,step,-3
2485,2,7.36953,0.95,step,-2
2485,3,8.16842,1.1,step,-1
2485,4,8.94165,1.25,step,0

frame,idx,score,alpha,step_norm,z_coarse
2486,0,4.69652,0.65,step,-4
2486,1,6.0008,0.8,step,-3
2486,2,7.36684,0.95,step,-2
2486,3,8.16682,1.1,step,-1
2486,4,8.94143,1.25,step,0

frame,idx,score,alpha,step_norm,z_coarse
2487,0,4.69787,0.65,step,-4
2487,1,6.0025,0.8,step,-3
2487,2,7.36822,0.95,step,-2
2487,3,8.16614,1.1,step,-1
2487,4,8.93833,1.25,step,0

frame,idx,score,alpha,step_norm,z_coarse
2488,0,4.69465,0.65,step,-4
2488,1,5.99674,0.8,step,-3
2488,2,7.36107,0.95,step,-2
2488,3,8.15821,1.1,step,-1
2488,4,8.93166,1.25,step,0

frame,idx,score,alpha,step_norm,z_coarse
2489,0,4.69753,0.65,step,-4
2489,1,6.00199,0.8,step,-3
2489,2,7.3664,0.95,step,-2
2489,3,8.16426,1.1,step,-1
2489,4,8.93694,1.25,step,0

frame,idx,score,alpha,step_norm,z_coarse
2490,0,4.70137,0.65,step,-4
2490,1,6.003,0.8,step,-3
2490,2,7.36867,0.95,step,-2
2490,3,8.16548,1.1,step,-1
2490,4,8.93801,1.25,step,0

frame,idx,score,alpha,step_norm,z_coarse
2491,0,4.69787,0.65,step,-4
2491,1,6.00151,0.8,step,-3
2491,2,7.36506,0.95,step,-2
2491,3,8.16181,1.1,step,-1
2491,4,8.9354,1.25,step,0

frame,idx,score,alpha,step_norm,z_coarse
2492,0,4.69896,0.65,step,-4
2492,1,6.00322,0.8,step,-3
2492,2,7.37037,0.95,step,-2
2492,3,8.16769,1.1,step,-1
2492,4,8.9404,1.25,step,0

frame,idx,score,alpha,step_norm,z_coarse
2493,0,4.69824,0.65,step,-4
2493,1,6.00229,0.8,step,-3
2493,2,7.3682,0.95,step,-2
2493,3,8.16659,1.1,step,-1
2493,4,8.93935,1.25,step,0

frame,idx,score,alpha,step_norm,z_coarse
2494,0,4.69715,0.65,step,-4
2494,1,5.99652,0.8,step,-3
2494,2,7.35816,0.95,step,-2
2494,3,8.15361,1.1,step,-1
2494,4,8.92637,1.25,step,0

frame,idx,score,alpha,step_norm,z_coarse
2495,0,4.6986,0.65,step,-4
2495,1,5.99894,0.8,step,-3
2495,2,7.36054,0.95,step,-2
2495,3,8.15734,1.1,step,-1
2495,4,8.93185,1.25,step,0

frame,idx,score,alpha,step_norm,z_coarse
2496,0,4.69939,0.65,step,-4
2496,1,6.00321,0.8,step,-3
2496,2,7.36727,0.95,step,-2
2496,3,8.16476,1.1,step,-1
2496,4,8.93748,1.25,step,0

frame,idx,score,alpha,step_norm,z_coarse
2497,0,4.69773,0.65,step,-4
2497,1,6.00017,0.8,step,-3
2497,2,7.36273,0.95,step,-2
2497,3,8.15758,1.1,step,-1
2497,4,8.92891,1.25,step,0

frame,idx,score,alpha,step_norm,z_coarse
2498,0,4.69757,0.65,step,-4
2498,1,6.00049,0.8,step,-3
2498,2,7.36659,0.95,step,-2
2498,3,8.16385,1.1,step,-1
2498,4,8.93834,1.25,step,0

frame,idx,score,alpha,step_norm,z_coarse
2499,0,4.69572,0.65,step,-4
2499,1,5.99668,0.8,step,-3
2499,2,7.35831,0.95,step,-2
2499,3,8.15452,1.1,step,-1
2499,4,8.9279,1.25,step,0

frame,idx,score,alpha,step_norm,z_coarse
2500,0,4.69927,0.65,step,-4
2500,1,6.00338,0.8,step,-3
2500,2,7.36664,0.95,step,-2
2500,3,8.16491,1.1,step,-1
2500,4,8.93939,1.25,step,0

frame,idx,score,alpha,step_norm,z_coarse
2501,0,4.6967,0.65,step,-4
2501,1,6.00245,0.8,step,-3
2501,2,7.36765,0.95,step,-2
2501,3,8.16602,1.1,step,-1
2501,4,8.93964,1.25,step,0

frame,idx,score,alpha,step_norm,z_coarse
2502,0,4.70032,0.65,step,-4
2502,1,6.00314,0.8,step,-3
2502,2,7.36677,0.95,step,-2
2502,3,8.16394,1.1,step,-1
2502,4,8.93604,1.25,step,0

frame,idx,score,alpha,step_norm,z_coarse
2503,0,4.69818,0.65,step,-4
2503,1,5.99934,0.8,step,-3
2503,2,7.36459,0.95,step,-2
2503,3,8.15989,1.1,step,-1
2503,4,8.93104,1.25,step,0

frame,idx,score,alpha,step_norm,z_coarse
2504,0,4.69858,0.65,step,-4
2504,1,6.00252,0.8,step,-3
2504,2,7.36518,0.95,step,-2
2504,3,8.16287,1.1,step,-1
2504,4,8.93756,1.25,step,0

frame,idx,score,alpha,step_norm,z_coarse
2505,0,4.69928,0.65,step,-4
2505,1,6.00374,0.8,step,-3
2505,2,7.36689,0.95,step,-2
2505,3,8.16601,1.1,step,-1
2505,4,8.94188,1.25,step,0

frame,idx,score,alpha,step_norm,z_coarse
2506,0,4.69809,0.65,step,-4
2506,1,5.99923,0.8,step,-3
2506,2,7.35987,0.95,step,-2
2506,3,8.15602,1.1,step,-1
2506,4,8.93027,1.25,step,0

frame,idx,score,alpha,step_norm,z_coarse
2507,0,4.69631,0.65,step,-4
2507,1,5.99709,0.8,step,-3
2507,2,7.36127,0.95,step,-2
2507,3,8.15715,1.1,step,-1
2507,4,8.93002,1.25,step,0

frame,idx,score,alpha,step_norm,z_coarse
2508,0,4.69946,0.65,step,-4
2508,1,6.00263,0.8,step,-3
2508,2,7.36539,0.95,step,-2
2508,3,8.16302,1.1,step,-1
2508,4,8.93752,1.25,step,0

frame,idx,score,alpha,step_norm,z_coarse
2509,0,4.69512,0.65,step,-4
2509,1,5.99547,0.8,step,-3
2509,2,7.35666,0.95,step,-2
2509,3,8.15094,1.1,step,-1
2509,4,8.92477,1.25,step,0

frame,idx,score,alpha,step_norm,z_coarse
2510,0,4.69667,0.65,step,-4
2510,1,5.99977,0.8,step,-3
2510,2,7.36545,0.95,step,-2
2510,3,8.16481,1.1,step,-1
2510,4,8.93939,1.25,step,0

frame,idx,score,alpha,step_norm,z_coarse
2511,0,4.70082,0.65,step,-4
2511,1,6.00493,0.8,step,-3
2511,2,7.36949,0.95,step,-2
2511,3,8.16626,1.1,step,-1
2511,4,8.93965,1.25,step,0

frame,idx,score,alpha,step_norm,z_coarse
2512,0,4.6967,0.65,step,-4
2512,1,5.99842,0.8,step,-3
2512,2,7.36074,0.95,step,-2
2512,3,8.15606,1.1,step,-1
2512,4,8.92901,1.25,step,0

frame,idx,score,alpha,step_norm,z_coarse
2513,0,4.69653,0.65,step,-4
2513,1,6.00181,0.8,step,-3
2513,2,7.36553,0.95,step,-2
2513,3,8.16075,1.1,step,-1
2513,4,8.93459,1.25,step,0

frame,idx,score,alpha,step_norm,z_coarse
2514,0,4.70085,0.65,step,-4
2514,1,6.00519,0.8,step,-3
2514,2,7.37129,0.95,step,-2
2514,3,8.17182,1.1,step,-1
2514,4,8.94556,1.25,step,0

frame,idx,score,alpha,step_norm,z_coarse
2515,0,4.69679,0.65,step,-4
2515,1,5.99935,0.8,step,-3
2515,2,7.36342,0.95,step,-2
2515,3,8.16101,1.1,step,-1
2515,4,8.93409,1.25,step,0

frame,idx,score,alpha,step_norm,z_coarse
2516,0,4.70158,0.65,step,-4
2516,1,6.00403,0.8,step,-3
2516,2,7.37119,0.95,step,-2
2516,3,8.16962,1.1,step,-1
2516,4,8.94296,1.25,step,0

frame,idx,score,alpha,step_norm,z_coarse
2517,0,4.69763,0.65,step,-4
2517,1,6.00266,0.8,step,-3
2517,2,7.36719,0.95,step,-2
2517,3,8.1654,1.1,step,-1
2517,4,8.93891,1.25,step,0

frame,idx,score,alpha,step_norm,z_coarse
2518,0,4.69936,0.65,step,-4
2518,1,6.00028,0.8,step,-3
2518,2,7.36209,0.95,step,-2
2518,3,8.15857,1.1,step,-1
2518,4,8.93409,1.25,step,0

frame,idx,score,alpha,step_norm,z_coarse
2519,0,4.69757,0.65,step,-4
2519,1,5.99842,0.8,step,-3
2519,2,7.35724,0.95,step,-2
2519,3,8.15381,1.1,step,-1
2519,4,8.92729,1.25,step,0

frame,idx,score,alpha,step_norm,z_coarse
2520,0,4.69644,0.65,step,-4
2520,1,5.99859,0.8,step,-3
2520,2,7.36227,0.95,step,-2
2520,3,8.15863,1.1,step,-1
2520,4,8.93212,1.25,step,0

frame,idx,score,alpha,step_norm,z_coarse
2521,0,4.69739,0.65,step,-4
2521,1,5.99865,0.8,step,-3
2521,2,7.35888,0.95,step,-2
2521,3,8.15341,1.1,step,-1
2521,4,8.92622,1.25,step,0

frame,idx,score,alpha,step_norm,z_coarse
2522,0,4.69909,0.65,step,-4
2522,1,6.00135,0.8,step,-3
2522,2,7.36444,0.95,step,-2
2522,3,8.16041,1.1,step,-1
2522,4,8.93374,1.25,step,0

frame,idx,score,alpha,step_norm,z_coarse
2523,0,4.69796,0.65,step,-4
2523,1,6.00121,0.8,step,-3
2523,2,7.36714,0.95,step,-2
2523,3,8.16504,1.1,step,-1
2523,4,8.93812,1.25,step,0

frame,idx,score,alpha,step_norm,z_coarse
2524,0,4.69826,0.65,step,-4
2524,1,6.00149,0.8,step,-3
2524,2,7.36479,0.95,step,-2
2524,3,8.1626,1.1,step,-1
2524,4,8.93545,1.25,step,0

frame,idx,score,alpha,step_norm,z_coarse
2525,0,4.69739,0.65,step,-4
2525,1,6.00054,0.8,step,-3
2525,2,7.3649,0.95,step,-2
2525,3,8.16344,1.1,step,-1
2525,4,8.93681,1.25,step,0

frame,idx,score,alpha,step_norm,z_coarse
2526,0,4.69685,0.65,step,-4
2526,1,5.99817,0.8,step,-3
2526,2,7.36294,0.95,step,-2
2526,3,8.16129,1.1,step,-1
2526,4,8.93391,1.25,step,0

frame,idx,score,alpha,step_norm,z_coarse
2527,0,4.69772,0.65,step,-4
2527,1,6.00099,0.8,step,-3
2527,2,7.36821,0.95,step,-2
2527,3,8.16729,1.1,step,-1
2527,4,8.94075,1.25,step,0

frame,idx,score,alpha,step_norm,z_coarse
2528,0,4.70048,0.65,step,-4
2528,1,6.00672,0.8,step,-3
2528,2,7.37352,0.95,step,-2
2528,3,8.17246,1.1,step,-1
2528,4,8.94608,1.25,step,0

frame,idx,score,alpha,step_norm,z_coarse
2529,0,4.70013,0.65,step,-4
2529,1,6.00501,0.8,step,-3
2529,2,7.36932,0.95,step,-2
2529,3,8.16735,1.1,step,-1
2529,4,8.93934,1.25,step,0

frame,idx,score,alpha,step_norm,z_coarse
2530,0,4.69898,0.65,step,-4
2530,1,6.0003,0.8,step,-3
2530,2,7.36405,0.95,step,-2
2530,3,8.16412,1.1,step,-1
2530,4,8.93861,1.25,step,0

frame,idx,score,alpha,step_norm,z_coarse
2531,0,4.70238,0.65,step,-4
2531,1,6.00876,0.8,step,-3
2531,2,7.37916,0.95,step,-2
2531,3,8.17998,1.1,step,-1
2531,4,8.95225,1.25,step,0

frame,idx,score,alpha,step_norm,z_coarse
2532,0,4.70348,0.65,step,-4
2532,1,6.00725,0.8,step,-3
2532,2,7.37222,0.95,step,-2
2532,3,8.17264,1.1,step,-1
2532,4,8.94719,1.25,step,0

frame,idx,score,alpha,step_norm,z_coarse
2533,0,4.69982,0.65,step,-4
2533,1,6.00441,0.8,step,-3
2533,2,7.36878,0.95,step,-2
2533,3,8.1673,1.1,step,-1
2533,4,8.94077,1.25,step,0

frame,idx,score,alpha,step_norm,z_coarse
2534,0,4.70194,0.65,step,-4
2534,1,6.00745,0.8,step,-3
2534,2,7.37534,0.95,step,-2
2534,3,8.17408,1.1,step,-1
2534,4,8.94683,1.25,step,0

frame,idx,score,alpha,step_norm,z_coarse
2535,0,4.70007,0.65,step,-4
2535,1,6.00638,0.8,step,-3
2535,2,7.37247,0.95,step,-2
2535,3,8.17334,1.1,step,-1
2535,4,8.94693,1.25,step,0

frame,idx,score,alpha,step_norm,z_coarse
2536,0,4.70552,0.65,step,-4
2536,1,6.0148,0.8,step,-3
2536,2,7.38526,0.95,step,-2
2536,3,8.18642,1.1,step,-1
2536,4,8.95933,1.25,step,0

frame,idx,score,alpha,step_norm,z_coarse
2537,0,4.70464,0.65,step,-4
2537,1,6.00991,0.8,step,-3
2537,2,7.37864,0.95,step,-2
2537,3,8.18176,1.1,step,-1
2537,4,8.95658,1.25,step,0

frame,idx,score,alpha,step_norm,z_coarse
2538,0,4.70311,0.65,step,-4
2538,1,6.00949,0.8,step,-3
2538,2,7.37449,0.95,step,-2
2538,3,8.17524,1.1,step,-1
2538,4,8.94927,1.25,step,0

frame,idx,score,alpha,step_norm,z_coarse
2539,0,4.70463,0.65,step,-4
2539,1,6.01061,0.8,step,-3
2539,2,7.37748,0.95,step,-2
2539,3,8.1811,1.1,step,-1
2539,4,8.95614,1.25,step,0

frame,idx,score,alpha,step_norm,z_coarse
2540,0,4.70541,0.65,step,-4
2540,1,6.01532,0.8,step,-3
2540,2,7.38348,0.95,step,-2
2540,3,8.18618,1.1,step,-1
2540,4,8.96121,1.25,step,0

frame,idx,score,alpha,step_norm,z_coarse
2541,0,4.70419,0.65,step,-4
2541,1,6.01162,0.8,step,-3
2541,2,7.37947,0.95,step,-2
2541,3,8.17995,1.1,step,-1
2541,4,8.95212,1.25,step,0

frame,idx,score,alpha,step_norm,z_coarse
2542,0,4.70103,0.65,step,-4
2542,1,6.0083,0.8,step,-3
2542,2,7.37705,0.95,step,-2
2542,3,8.17788,1.1,step,-1
2542,4,8.9509,1.25,step,0

frame,idx,score,alpha,step_norm,z_coarse
2543,0,4.70431,0.65,step,-4
2543,1,6.01226,0.8,step,-3
2543,2,7.38112,0.95,step,-2
2543,3,8.1819,1.1,step,-1
2543,4,8.95503,1.25,step,0

frame,idx,score,alpha,step_norm,z_coarse
2544,0,4.70319,0.65,step,-4
2544,1,6.01105,0.8,step,-3
2544,2,7.3807,0.95,step,-2
2544,3,8.18437,1.1,step,-1
2544,4,8.95905,1.25,step,0

frame,idx,score,alpha,step_norm,z_coarse
2545,0,4.70659,0.65,step,-4
2545,1,6.01614,0.8,step,-3
2545,2,7.38726,0.95,step,-2
2545,3,8.1915,1.1,step,-1
2545,4,8.96603,1.25,step,0

frame,idx,score,alpha,step_norm,z_coarse
2546,0,4.70762,0.65,step,-4
2546,1,6.01708,0.8,step,-3
2546,2,7.38716,0.95,step,-2
2546,3,8.19034,1.1,step,-1
2546,4,8.96363,1.25,step,0

frame,idx,score,alpha,step_norm,z_coarse
2547,0,4.70648,0.65,step,-4
2547,1,6.01663,0.8,step,-3
2547,2,7.38436,0.95,step,-2
2547,3,8.18641,1.1,step,-1
2547,4,8.96076,1.25,step,0

frame,idx,score,alpha,step_norm,z_coarse
2548,0,4.70254,0.65,step,-4
2548,1,6.01082,0.8,step,-3
2548,2,7.38128,0.95,step,-2
2548,3,8.18395,1.1,step,-1
2548,4,8.95766,1.25,step,0

frame,idx,score,alpha,step_norm,z_coarse
2549,0,4.70649,0.65,step,-4
2549,1,6.0163,0.8,step,-3
2549,2,7.3871,0.95,step,-2
2549,3,8.19016,1.1,step,-1
2549,4,8.96343,1.25,step,0

frame,idx,score,alpha,step_norm,z_coarse
2550,0,4.70764,0.65,step,-4
2550,1,6.02022,0.8,step,-3
2550,2,7.39396,0.95,step,-2
2550,3,8.19828,1.1,step,-1
2550,4,8.97193,1.25,step,0

frame,idx,score,alpha,step_norm,z_coarse
2551,0,4.7052,0.65,step,-4
2551,1,6.01791,0.8,step,-3
2551,2,7.38867,0.95,step,-2
2551,3,8.19283,1.1,step,-1
2551,4,8.96784,1.25,step,0

frame,idx,score,alpha,step_norm,z_coarse
2552,0,4.7084,0.65,step,-4
2552,1,6.01942,0.8,step,-3
2552,2,7.39148,0.95,step,-2
2552,3,8.19681,1.1,step,-1
2552,4,8.9715,1.25,step,0

frame,idx,score,alpha,step_norm,z_coarse
2553,0,4.7058,0.65,step,-4
2553,1,6.01721,0.8,step,-3
2553,2,7.39057,0.95,step,-2
2553,3,8.19592,1.1,step,-1
2553,4,8.96822,1.25,step,0

frame,idx,score,alpha,step_norm,z_coarse
2554,0,4.70971,0.65,step,-4
2554,1,6.01971,0.8,step,-3
2554,2,7.39048,0.95,step,-2
2554,3,8.19651,1.1,step,-1
2554,4,8.97176,1.25,step,0

frame,idx,score,alpha,step_norm,z_coarse
2555,0,4.70766,0.65,step,-4
2555,1,6.01826,0.8,step,-3
2555,2,7.39052,0.95,step,-2
2555,3,8.19574,1.1,step,-1
2555,4,8.97014,1.25,step,0

frame,idx,score,alpha,step_norm,z_coarse
2556,0,4.71002,0.65,step,-4
2556,1,6.01871,0.8,step,-3
2556,2,7.3913,0.95,step,-2
2556,3,8.19825,1.1,step,-1
2556,4,8.97415,1.25,step,0

frame,idx,score,alpha,step_norm,z_coarse
2557,0,4.71132,0.65,step,-4
2557,1,6.02372,0.8,step,-3
2557,2,7.39627,0.95,step,-2
2557,3,8.20186,1.1,step,-1
2557,4,8.97638,1.25,step,0

frame,idx,score,alpha,step_norm,z_coarse
2558,0,4.71026,0.65,step,-4
2558,1,6.02368,0.8,step,-3
2558,2,7.39714,0.95,step,-2
2558,3,8.20416,1.1,step,-1
2558,4,8.97948,1.25,step,0

frame,idx,score,alpha,step_norm,z_coarse
2559,0,4.71153,0.65,step,-4
2559,1,6.0258,0.8,step,-3
2559,2,7.40092,0.95,step,-2
2559,3,8.20966,1.1,step,-1
2559,4,8.98517,1.25,step,0

frame,idx,score,alpha,step_norm,z_coarse
2560,0,4.70772,0.65,step,-4
2560,1,6.02185,0.8,step,-3
2560,2,7.39609,0.95,step,-2
2560,3,8.20309,1.1,step,-1
2560,4,8.97772,1.25,step,0

frame,idx,score,alpha,step_norm,z_coarse
2561,0,4.7086,0.65,step,-4
2561,1,6.0212,0.8,step,-3
2561,2,7.3964,0.95,step,-2
2561,3,8.20551,1.1,step,-1
2561,4,8.98256,1.25,step,0

frame,idx,score,alpha,step_norm,z_coarse
2562,0,4.7083,0.65,step,-4
2562,1,6.02108,0.8,step,-3
2562,2,7.39523,0.95,step,-2
2562,3,8.20106,1.1,step,-1
2562,4,8.9751,1.25,step,0

frame,idx,score,alpha,step_norm,z_coarse
2563,0,4.71071,0.65,step,-4
2563,1,6.02462,0.8,step,-3
2563,2,7.39808,0.95,step,-2
2563,3,8.20312,1.1,step,-1
2563,4,8.97532,1.25,step,0

frame,idx,score,alpha,step_norm,z_coarse
2564,0,4.70977,0.65,step,-4
2564,1,6.02436,0.8,step,-3
2564,2,7.39878,0.95,step,-2
2564,3,8.20656,1.1,step,-1
2564,4,8.98125,1.25,step,0

frame,idx,score,alpha,step_norm,z_coarse
2565,0,4.70995,0.65,step,-4
2565,1,6.02565,0.8,step,-3
2565,2,7.40157,0.95,step,-2
2565,3,8.2085,1.1,step,-1
2565,4,8.98193,1.25,step,0

frame,idx,score,alpha,step_norm,z_coarse
2566,0,4.71058,0.65,step,-4
2566,1,6.02609,0.8,step,-3
2566,2,7.4044,0.95,step,-2
2566,3,8.21315,1.1,step,-1
2566,4,8.98857,1.25,step,0

frame,idx,score,alpha,step_norm,z_coarse
2567,0,4.71436,0.65,step,-4
2567,1,6.0293,0.8,step,-3
2567,2,7.40777,0.95,step,-2
2567,3,8.22026,1.1,step,-1
2567,4,8.99653,1.25,step,0

frame,idx,score,alpha,step_norm,z_coarse
2568,0,4.71166,0.65,step,-4
2568,1,6.02962,0.8,step,-3
2568,2,7.40828,0.95,step,-2
2568,3,8.21981,1.1,step,-1
2568,4,8.99391,1.25,step,0

frame,idx,score,alpha,step_norm,z_coarse
2569,0,4.71941,0.65,step,-4
2569,1,6.0397,0.8,step,-3
2569,2,7.42123,0.95,step,-2
2569,3,8.23616,1.1,step,-1
2569,4,9.01136,1.25,step,0

frame,idx,score,alpha,step_norm,z_coarse
2570,0,4.71723,0.65,step,-4
2570,1,6.03867,0.8,step,-3
2570,2,7.41958,0.95,step,-2
2570,3,8.23407,1.1,step,-1
2570,4,9.01112,1.25,step,0

frame,idx,score,alpha,step_norm,z_coarse
2571,0,4.71904,0.65,step,-4
2571,1,6.03861,0.8,step,-3
2571,2,7.41821,0.95,step,-2
2571,3,8.23041,1.1,step,-1
2571,4,9.00597,1.25,step,0

frame,idx,score,alpha,step_norm,z_coarse
2572,0,4.71864,0.65,step,-4
2572,1,6.03882,0.8,step,-3
2572,2,7.42295,0.95,step,-2
2572,3,8.23909,1.1,step,-1
2572,4,9.01387,1.25,step,0

frame,idx,score,alpha,step_norm,z_coarse
2573,0,4.71797,0.65,step,-4
2573,1,6.03948,0.8,step,-3
2573,2,7.42331,0.95,step,-2
2573,3,8.23841,1.1,step,-1
2573,4,9.01399,1.25,step,0

frame,idx,score,alpha,step_norm,z_coarse
2574,0,4.71803,0.65,step,-4
2574,1,6.04052,0.8,step,-3
2574,2,7.42227,0.95,step,-2
2574,3,8.23599,1.1,step,-1
2574,4,9.00908,1.25,step,0

frame,idx,score,alpha,step_norm,z_coarse
2575,0,4.71896,0.65,step,-4
2575,1,6.04354,0.8,step,-3
2575,2,7.42799,0.95,step,-2
2575,3,8.24252,1.1,step,-1
2575,4,9.01686,1.25,step,0

frame,idx,score,alpha,step_norm,z_coarse
2576,0,4.72215,0.65,step,-4
2576,1,6.04715,0.8,step,-3
2576,2,7.43314,0.95,step,-2
2576,3,8.25004,1.1,step,-1
2576,4,9.02602,1.25,step,0

frame,idx,score,alpha,step_norm,z_coarse
2577,0,4.7209,0.65,step,-4
2577,1,6.04497,0.8,step,-3
2577,2,7.42993,0.95,step,-2
2577,3,8.24751,1.1,step,-1
2577,4,9.02305,1.25,step,0

frame,idx,score,alpha,step_norm,z_coarse
2578,0,4.72279,0.65,step,-4
2578,1,6.04569,0.8,step,-3
2578,2,7.43168,0.95,step,-2
2578,3,8.24914,1.1,step,-1
2578,4,9.02514,1.25,step,0

frame,idx,score,alpha,step_norm,z_coarse
2579,0,4.7215,0.65,step,-4
2579,1,6.04671,0.8,step,-3
2579,2,7.43275,0.95,step,-2
2579,3,8.25117,1.1,step,-1
2579,4,9.02858,1.25,step,0

frame,idx,score,alpha,step_norm,z_coarse
2580,0,4.72264,0.65,step,-4
2580,1,6.04537,0.8,step,-3
2580,2,7.43139,0.95,step,-2
2580,3,8.24864,1.1,step,-1
2580,4,9.02316,1.25,step,0

frame,idx,score,alpha,step_norm,z_coarse
2581,0,4.72264,0.65,step,-4
2581,1,6.04904,0.8,step,-3
2581,2,7.43706,0.95,step,-2
2581,3,8.2564,1.1,step,-1
2581,4,9.03262,1.25,step,0

frame,idx,score,alpha,step_norm,z_coarse
2582,0,4.72645,0.65,step,-4
2582,1,6.0513,0.8,step,-3
2582,2,7.43668,0.95,step,-2
2582,3,8.25642,1.1,step,-1
2582,4,9.03166,1.25,step,0

frame,idx,score,alpha,step_norm,z_coarse
2583,0,4.72288,0.65,step,-4
2583,1,6.04929,0.8,step,-3
2583,2,7.43582,0.95,step,-2
2583,3,8.25394,1.1,step,-1
2583,4,9.02885,1.25,step,0

frame,idx,score,alpha,step_norm,z_coarse
2584,0,4.72506,0.65,step,-4
2584,1,6.05119,0.8,step,-3
2584,2,7.44239,0.95,step,-2
2584,3,8.26063,1.1,step,-1
2584,4,9.03463,1.25,step,0

frame,idx,score,alpha,step_norm,z_coarse
2585,0,4.72521,0.65,step,-4
2585,1,6.05085,0.8,step,-3
2585,2,7.43711,0.95,step,-2
2585,3,8.25506,1.1,step,-1
2585,4,9.03013,1.25,step,0

frame,idx,score,alpha,step_norm,z_coarse
2586,0,4.72431,0.65,step,-4
2586,1,6.05068,0.8,step,-3
2586,2,7.43978,0.95,step,-2
2586,3,8.26007,1.1,step,-1
2586,4,9.03562,1.25,step,0

frame,idx,score,alpha,step_norm,z_coarse
2587,0,4.72477,0.65,step,-4
2587,1,6.05325,0.8,step,-3
2587,2,7.44184,0.95,step,-2
2587,3,8.26114,1.1,step,-1
2587,4,9.03661,1.25,step,0

frame,idx,score,alpha,step_norm,z_coarse
2588,0,4.72472,0.65,step,-4
2588,1,6.05159,0.8,step,-3
2588,2,7.44174,0.95,step,-2
2588,3,8.2629,1.1,step,-1
2588,4,9.03856,1.25,step,0

frame,idx,score,alpha,step_norm,z_coarse
2589,0,4.72379,0.65,step,-4
2589,1,6.0516,0.8,step,-3
2589,2,7.44029,0.95,step,-2
2589,3,8.26175,1.1,step,-1
2589,4,9.03717,1.25,step,0

frame,idx,score,alpha,step_norm,z_coarse
2590,0,4.73289,0.65,step,-4
2590,1,6.06349,0.8,step,-3
2590,2,7.45545,0.95,step,-2
2590,3,8.27764,1.1,step,-1
2590,4,9.05352,1.25,step,0

frame,idx,score,alpha,step_norm,z_coarse
2591,0,4.73034,0.65,step,-4
2591,1,6.06061,0.8,step,-3
2591,2,7.45482,0.95,step,-2
2591,3,8.28061,1.1,step,-1
2591,4,9.0575,1.25,step,0

frame,idx,score,alpha,step_norm,z_coarse
2592,0,4.73294,0.65,step,-4
2592,1,6.06543,0.8,step,-3
2592,2,7.45909,0.95,step,-2
2592,3,8.28349,1.1,step,-1
2592,4,9.0593,1.25,step,0

frame,idx,score,alpha,step_norm,z_coarse
2593,0,4.73299,0.65,step,-4
2593,1,6.06685,0.8,step,-3
2593,2,7.46207,0.95,step,-2
2593,3,8.28938,1.1,step,-1
2593,4,9.06598,1.25,step,0

frame,idx,score,alpha,step_norm,z_coarse
2594,0,4.73494,0.65,step,-4
2594,1,6.06888,0.8,step,-3
2594,2,7.46606,0.95,step,-2
2594,3,8.29437,1.1,step,-1
2594,4,9.07145,1.25,step,0

frame,idx,score,alpha,step_norm,z_coarse
2595,0,4.73369,0.65,step,-4
2595,1,6.06837,0.8,step,-3
2595,2,7.46628,0.95,step,-2
2595,3,8.29374,1.1,step,-1
2595,4,9.06933,1.25,step,0

frame,idx,score,alpha,step_norm,z_coarse
2596,0,4.73573,0.65,step,-4
2596,1,6.06932,0.8,step,-3
2596,2,7.46715,0.95,step,-2
2596,3,8.29502,1.1,step,-1
2596,4,9.07081,1.25,step,0

frame,idx,score,alpha,step_norm,z_coarse
2597,0,4.73481,0.65,step,-4
2597,1,6.07174,0.8,step,-3
2597,2,7.46707,0.95,step,-2
2597,3,8.29453,1.1,step,-1
2597,4,9.07136,1.25,step,0

frame,idx,score,alpha,step_norm,z_coarse
2598,0,4.73613,0.65,step,-4
2598,1,6.07325,0.8,step,-3
2598,2,7.47546,0.95,step,-2
2598,3,8.30439,1.1,step,-1
2598,4,9.08014,1.25,step,0

frame,idx,score,alpha,step_norm,z_coarse
2599,0,4.74167,0.65,step,-4
2599,1,6.08366,0.8,step,-3
2599,2,7.48463,0.95,step,-2
2599,3,8.31622,1.1,step,-1
2599,4,9.09187,1.25,step,0

frame,idx,score,alpha,step_norm,z_coarse
2600,0,4.77768,0.65,step,-4
2600,1,6.15125,0.8,step,-3
2600,2,7.59251,0.95,step,-2
2600,3,8.45163,1.1,step,-1
2600,4,9.22658,1.25,step,0

frame,idx,score,alpha,step_norm,z_coarse
2601,0,4.79541,0.65,step,-4
2601,1,6.1844,0.8,step,-3
2601,2,7.63759,0.95,step,-2
2601,3,8.50851,1.1,step,-1
2601,4,9.28712,1.25,step,0

frame,idx,score,alpha,step_norm,z_coarse
2602,0,4.79928,0.65,step,-4
2602,1,6.19261,0.8,step,-3
2602,2,7.65129,0.95,step,-2
2602,3,8.5278,1.1,step,-1
2602,4,9.30691,1.25,step,0

frame,idx,score,alpha,step_norm,z_coarse
2603,0,4.81118,0.65,step,-4
2603,1,6.21945,0.8,step,-3
2603,2,7.69444,0.95,step,-2
2603,3,8.57737,1.1,step,-1
2603,4,9.35315,1.25,step,0

frame,idx,score,alpha,step_norm,z_coarse
2604,0,4.86179,0.65,step,-4
2604,1,6.31277,0.8,step,-3
2604,2,7.83632,0.95,step,-2
2604,3,8.75013,1.1,step,-1
2604,4,9.52727,1.25,step,0

frame,idx,score,alpha,step_norm,z_coarse
2605,0,4.89111,0.65,step,-4
2605,1,6.37311,0.8,step,-3
2605,2,7.92997,0.95,step,-2
2605,3,8.8609,1.1,step,-1
2605,4,9.63659,1.25,step,0

frame,idx,score,alpha,step_norm,z_coarse
2606,0,4.92074,0.65,step,-4
2606,1,6.42402,0.8,step,-3
2606,2,8.01014,0.95,step,-2
2606,3,8.95568,1.1,step,-1
2606,4,9.7281,1.25,step,0

frame,idx,score,alpha,step_norm,z_coarse
2607,0,4.9568,0.65,step,-4
2607,1,6.49351,0.8,step,-3
2607,2,8.12302,0.95,step,-2
2607,3,9.08949,1.1,step,-1
2607,4,9.85632,1.25,step,0

frame,idx,score,alpha,step_norm,z_coarse
2608,0,5.00139,0.65,step,-4
2608,1,6.57901,0.8,step,-3
2608,2,8.25942,0.95,step,-2
2608,3,9.24127,1.1,step,-1
2608,4,9.99305,1.25,step,0

frame,idx,score,alpha,step_norm,z_coarse
2609,0,5.02389,0.65,step,-4
2609,1,6.62,0.8,step,-3
2609,2,8.32686,0.95,step,-2
2609,3,9.32042,1.1,step,-1
2609,4,10.0657,1.25,step,0

frame,idx,score,alpha,step_norm,z_coarse
2610,0,5.03095,0.65,step,-4
2610,1,6.63755,0.8,step,-3
2610,2,8.35578,0.95,step,-2
2610,3,9.3525,1.1,step,-1
2610,4,10.0938,1.25,step,0

frame,idx,score,alpha,step_norm,z_coarse
2611,0,5.03849,0.65,step,-4
2611,1,6.65221,0.8,step,-3
2611,2,8.38242,0.95,step,-2
2611,3,9.38538,1.1,step,-1
2611,4,10.1245,1.25,step,0

frame,idx,score,alpha,step_norm,z_coarse
2612,0,5.06938,0.65,step,-4
2612,1,6.70976,0.8,step,-3
2612,2,8.48372,0.95,step,-2
2612,3,9.49588,1.1,step,-1
2612,4,10.2146,1.25,step,0

frame,idx,score,alpha,step_norm,z_coarse
2613,0,5.10901,0.65,step,-4
2613,1,6.78655,0.8,step,-3
2613,2,8.61626,0.95,step,-2
2613,3,9.64137,1.1,step,-1
2613,4,10.3303,1.25,step,0

frame,idx,score,alpha,step_norm,z_coarse
2614,0,5.1192,0.65,step,-4
2614,1,6.80526,0.8,step,-3
2614,2,8.65584,0.95,step,-2
2614,3,9.68403,1.1,step,-1
2614,4,10.3592,1.25,step,0

frame,idx,score,alpha,step_norm,z_coarse
2615,0,5.13327,0.65,step,-4
2615,1,6.82893,0.8,step,-3
2615,2,8.69649,0.95,step,-2
2615,3,9.72842,1.1,step,-1
2615,4,10.391,1.25,step,0

frame,idx,score,alpha,step_norm,z_coarse
2616,0,5.1467,0.65,step,-4
2616,1,6.8558,0.8,step,-3
2616,2,8.74705,0.95,step,-2
2616,3,9.7763,1.1,step,-1
2616,4,10.4169,1.25,step,0

frame,idx,score,alpha,step_norm,z_coarse
2617,0,5.16416,0.65,step,-4
2617,1,6.88444,0.8,step,-3
2617,2,8.79995,0.95,step,-2
2617,3,9.83103,1.1,step,-1
2617,4,10.4488,1.25,step,0

frame,idx,score,alpha,step_norm,z_coarse
2618,0,5.17748,0.65,step,-4
2618,1,6.91173,0.8,step,-3
2618,2,8.85827,0.95,step,-2
2618,3,9.88638,1.1,step,-1
2618,4,10.4734,1.25,step,0

frame,idx,score,alpha,step_norm,z_coarse
2619,0,5.20711,0.65,step,-4
2619,1,6.96136,0.8,step,-3
2619,2,8.94916,0.95,step,-2
2619,3,9.96484,1.1,step,-1
2619,4,10.5017,1.25,step,0

frame,idx,score,alpha,step_norm,z_coarse
2620,0,5.2107,0.65,step,-4
2620,1,6.96816,0.8,step,-3
2620,2,8.96793,0.95,step,-2
2620,3,9.9823,1.1,step,-1
2620,4,10.5077,1.25,step,0

frame,idx,score,alpha,step_norm,z_coarse
2621,0,5.22743,0.65,step,-4
2621,1,6.99403,0.8,step,-3
2621,2,9.01753,0.95,step,-2
2621,3,10.0231,1.1,step,-1
2621,4,10.5165,1.25,step,0

frame,idx,score,alpha,step_norm,z_coarse
2622,0,5.2328,0.65,step,-4
2622,1,7.00228,0.8,step,-3
2622,2,9.03474,0.95,step,-2
2622,3,10.0348,1.1,step,-1
2622,4,10.5168,1.25,step,0

frame,idx,score,alpha,step_norm,z_coarse
2623,0,5.23697,0.65,step,-4
2623,1,7.01418,0.8,step,-3
2623,2,9.05395,0.95,step,-2
2623,3,10.0528,1.1,step,-1
2623,4,10.5262,1.25,step,0

frame,idx,score,alpha,step_norm,z_coarse
2624,0,5.25316,0.65,step,-4
2624,1,7.03456,0.8,step,-3
2624,2,9.09062,0.95,step,-2
2624,3,10.0819,1.1,step,-1
2624,4,10.5301,1.25,step,0

frame,idx,score,alpha,step_norm,z_coarse
2625,0,5.28014,0.65,step,-4
2625,1,7.07725,0.8,step,-3
2625,2,9.17075,0.95,step,-2
2625,3,10.1389,1.1,step,-1
2625,4,10.5328,1.25,step,0

frame,idx,score,alpha,step_norm,z_coarse
2626,0,5.29962,0.65,step,-4
2626,1,7.11026,0.8,step,-3
2626,2,9.22969,0.95,step,-2
2626,3,10.1805,1.1,step,-1
2626,4,10.5353,1.25,step,0

frame,idx,score,alpha,step_norm,z_coarse
2627,0,5.34681,0.65,step,-4
2627,1,7.18092,0.8,step,-3
2627,2,9.34254,0.95,step,-2
2627,3,10.2492,1.1,step,-1
2627,4,10.5254,1.25,step,0

frame,idx,score,alpha,step_norm,z_coarse
2628,0,5.35602,0.65,step,-4
2628,1,7.19679,0.8,step,-3
2628,2,9.36614,0.95,step,-2
2628,3,10.2616,1.1,step,-1
2628,4,10.5195,1.25,step,0

frame,idx,score,alpha,step_norm,z_coarse
2629,0,5.435,0.65,step,-4
2629,1,7.31563,0.8,step,-3
2629,2,9.54497,0.95,step,-2
2629,3,10.3673,1.1,step,-1
2629,4,10.5089,1.25,step,0

frame,idx,score,alpha,step_norm,z_coarse
2630,0,5.46088,0.65,step,-4
2630,1,7.35182,0.8,step,-3
2630,2,9.59601,0.95,step,-2
2630,3,10.3984,1.1,step,-1
2630,4,10.5079,1.25,step,0

frame,idx,score,alpha,step_norm,z_coarse
2631,0,5.46524,0.65,step,-4
2631,1,7.36105,0.8,step,-3
2631,2,9.61304,0.95,step,-2
2631,3,10.4084,1.1,step,-1
2631,4,10.5078,1.25,step,0

frame,idx,score,alpha,step_norm,z_coarse
2632,0,5.51688,0.65,step,-4
2632,1,7.44734,0.8,step,-3
2632,2,9.74222,0.95,step,-2
2632,3,10.4858,1.1,step,-1
2632,4,10.5086,1.25,step,0

frame,idx,score,alpha,step_norm,z_coarse
2633,0,5.55166,0.65,step,-3
2633,1,7.50151,0.8,step,-2
2633,2,9.81794,0.95,step,-1
2633,3,10.5317,1.1,step,0
2633,4,10.5116,1.25,step,1

frame,idx,score,alpha,step_norm,z_coarse
2634,0,5.56,0.65,step,-3
2634,1,7.51377,0.8,step,-2
2634,2,9.8384,0.95,step,-1
2634,3,10.5467,1.1,step,0
2634,4,10.5164,1.25,step,1

frame,idx,score,alpha,step_norm,z_coarse
2635,0,5.56818,0.65,step,-3
2635,1,7.52667,0.8,step,-2
2635,2,9.8541,0.95,step,-1
2635,3,10.5513,1.1,step,0
2635,4,10.5087,1.25,step,1

frame,idx,score,alpha,step_norm,z_coarse
2636,0,5.59749,0.65,step,-3
2636,1,7.57426,0.8,step,-2
2636,2,9.92094,0.95,step,-1
2636,3,10.5925,1.1,step,0
2636,4,10.5144,1.25,step,1

frame,idx,score,alpha,step_norm,z_coarse
2637,0,5.62075,0.65,step,-3
2637,1,7.60907,0.8,step,-2
2637,2,9.97357,0.95,step,-1
2637,3,10.6221,1.1,step,0
2637,4,10.512,1.25,step,1

frame,idx,score,alpha,step_norm,z_coarse
2638,0,5.63825,0.65,step,-3
2638,1,7.63708,0.8,step,-2
2638,2,10.0101,0.95,step,-1
2638,3,10.6415,1.1,step,0
2638,4,10.511,1.25,step,1

frame,idx,score,alpha,step_norm,z_coarse
2639,0,5.6413,0.65,step,-3
2639,1,7.64634,0.8,step,-2
2639,2,10.0236,0.95,step,-1
2639,3,10.6492,1.1,step,0
2639,4,10.5118,1.25,step,1

frame,idx,score,alpha,step_norm,z_coarse
2640,0,5.68076,0.65,step,-3
2640,1,7.70513,0.8,step,-2
2640,2,10.1012,0.95,step,-1
2640,3,10.6912,1.1,step,0
2640,4,10.5098,1.25,step,1

frame,idx,score,alpha,step_norm,z_coarse
2641,0,5.68916,0.65,step,-3
2641,1,7.71946,0.8,step,-2
2641,2,10.1246,0.95,step,-1
2641,3,10.701,1.1,step,0
2641,4,10.5046,1.25,step,1

frame,idx,score,alpha,step_norm,z_coarse
2642,0,5.71954,0.65,step,-3
2642,1,7.77276,0.8,step,-2
2642,2,10.1954,0.95,step,-1
2642,3,10.7363,1.1,step,0
2642,4,10.4982,1.25,step,1

frame,idx,score,alpha,step_norm,z_coarse
2643,0,5.77423,0.65,step,-3
2643,1,7.86256,0.8,step,-2
2643,2,10.3125,0.95,step,-1
2643,3,10.7942,1.1,step,0
2643,4,10.4903,1.25,step,1

frame,idx,score,alpha,step_norm,z_coarse
2644,0,5.81517,0.65,step,-3
2644,1,7.93036,0.8,step,-2
2644,2,10.3941,0.95,step,-1
2644,3,10.8296,1.1,step,0
2644,4,10.4769,1.25,step,1

frame,idx,score,alpha,step_norm,z_coarse
2645,0,5.82337,0.65,step,-3
2645,1,7.94219,0.8,step,-2
2645,2,10.4141,0.95,step,-1
2645,3,10.8382,1.1,step,0
2645,4,10.4738,1.25,step,1

frame,idx,score,alpha,step_norm,z_coarse
2646,0,5.88178,0.65,step,-3
2646,1,8.04696,0.8,step,-2
2646,2,10.5509,0.95,step,-1
2646,3,10.9051,1.1,step,0
2646,4,10.4678,1.25,step,1

frame,idx,score,alpha,step_norm,z_coarse
2647,0,5.88949,0.65,step,-3
2647,1,8.06607,0.8,step,-2
2647,2,10.5704,0.95,step,-1
2647,3,10.9114,1.1,step,0
2647,4,10.4609,1.25,step,1

frame,idx,score,alpha,step_norm,z_coarse
2648,0,5.89972,0.65,step,-3
2648,1,8.08244,0.8,step,-2
2648,2,10.5929,0.95,step,-1
2648,3,10.9166,1.1,step,0
2648,4,10.4495,1.25,step,1

frame,idx,score,alpha,step_norm,z_coarse
2649,0,5.90665,0.65,step,-3
2649,1,8.09655,0.8,step,-2
2649,2,10.607,0.95,step,-1
2649,3,10.9236,1.1,step,0
2649,4,10.4508,1.25,step,1

frame,idx,score,alpha,step_norm,z_coarse
2650,0,5.92374,0.65,step,-3
2650,1,8.12594,0.8,step,-2
2650,2,10.6449,0.95,step,-1
2650,3,10.9373,1.1,step,0
2650,4,10.4404,1.25,step,1

frame,idx,score,alpha,step_norm,z_coarse
2651,0,5.95691,0.65,step,-3
2651,1,8.19412,0.8,step,-2
2651,2,10.7297,0.95,step,-1
2651,3,10.9741,1.1,step,0
2651,4,10.4328,1.25,step,1

frame,idx,score,alpha,step_norm,z_coarse
2652,0,5.99098,0.65,step,-3
2652,1,8.25561,0.8,step,-2
2652,2,10.7966,0.95,step,-1
2652,3,10.9912,1.1,step,0
2652,4,10.4093,1.25,step,1

frame,idx,score,alpha,step_norm,z_coarse
2653,0,5.9982,0.65,step,-3
2653,1,8.27664,0.8,step,-2
2653,2,10.823,0.95,step,-1
2653,3,11,1.1,step,0
2653,4,10.4018,1.25,step,1

frame,idx,score,alpha,step_norm,z_coarse
2654,0,6.00324,0.65,step,-3
2654,1,8.28828,0.8,step,-2
2654,2,10.8344,0.95,step,-1
2654,3,11.0014,1.1,step,0
2654,4,10.3956,1.25,step,1

frame,idx,score,alpha,step_norm,z_coarse
2655,0,6.03319,0.65,step,-3
2655,1,8.34075,0.8,step,-2
2655,2,10.8829,0.95,step,-1
2655,3,11.0082,1.1,step,0
2655,4,10.3715,1.25,step,1

frame,idx,score,alpha,step_norm,z_coarse
2656,0,6.03837,0.65,step,-3
2656,1,8.35449,0.8,step,-2
2656,2,10.8988,0.95,step,-1
2656,3,11.0039,1.1,step,0
2656,4,10.3508,1.25,step,1

frame,idx,score,alpha,step_norm,z_coarse
2657,0,6.05368,0.65,step,-3
2657,1,8.38534,0.8,step,-2
2657,2,10.9254,0.95,step,-1
2657,3,11.0022,1.1,step,0
2657,4,10.329,1.25,step,1

frame,idx,score,alpha,step_norm,z_coarse
2658,0,6.06441,0.65,step,-3
2658,1,8.40345,0.8,step,-2
2658,2,10.9368,0.95,step,-1
2658,3,10.9942,1.1,step,0
2658,4,10.3064,1.25,step,1

frame,idx,score,alpha,step_norm,z_coarse
2659,0,6.07495,0.65,step,-3
2659,1,8.42443,0.8,step,-2
2659,2,10.949,0.95,step,-1
2659,3,10.9823,1.1,step,0
2659,4,10.2816,1.25,step,1

frame,idx,score,alpha,step_norm,z_coarse
2660,0,6.08556,0.65,step,-3
2660,1,8.44573,0.8,step,-2
2660,2,10.9676,0.95,step,-1
2660,3,10.9795,1.1,step,0
2660,4,10.2624,1.25,step,1

frame,idx,score,alpha,step_norm,z_coarse
2661,0,6.08964,0.65,step,-3
2661,1,8.44883,0.8,step,-2
2661,2,10.9588,0.95,step,-1
2661,3,10.959,1.1,step,0
2661,4,10.2389,1.25,step,1

frame,idx,score,alpha,step_norm,z_coarse
2662,0,6.10039,0.65,step,-2
2662,1,8.47806,0.8,step,-1
2662,2,10.9807,0.95,step,0
2662,3,10.9581,1.1,step,1
2662,4,10.2226,1.25,step,2

frame,idx,score,alpha,step_norm,z_coarse
2663,0,6.10501,0.65,step,-2
2663,1,8.48064,0.8,step,-1
2663,2,10.976,0.95,step,0
2663,3,10.947,1.1,step,1
2663,4,10.2091,1.25,step,2

frame,idx,score,alpha,step_norm,z_coarse
2664,0,6.10617,0.65,step,-2
2664,1,8.48576,0.8,step,-1
2664,2,10.9767,0.95,step,0
2664,3,10.9403,1.1,step,1
2664,4,10.199,1.25,step,2

frame,idx,score,alpha,step_norm,z_coarse
2665,0,6.11198,0.65,step,-2
2665,1,8.49737,0.8,step,-1
2665,2,10.9777,0.95,step,0
2665,3,10.927,1.1,step,1
2665,4,10.1796,1.25,step,2

frame,idx,score,alpha,step_norm,z_coarse
2666,0,6.11936,0.65,step,-2
2666,1,8.50623,0.8,step,-1
2666,2,10.9876,0.95,step,0
2666,3,10.9282,1.1,step,1
2666,4,10.1737,1.25,step,2

frame,idx,score,alpha,step_norm,z_coarse
2667,0,6.12012,0.65,step,-2
2667,1,8.51348,0.8,step,-1
2667,2,10.9888,0.95,step,0
2667,3,10.9227,1.1,step,1
2667,4,10.1648,1.25,step,2

frame,idx,score,alpha,step_norm,z_coarse
2668,0,6.11955,0.65,step,-2
2668,1,8.51228,0.8,step,-1
2668,2,10.9838,0.95,step,0
2668,3,10.9134,1.1,step,1
2668,4,10.1543,1.25,step,2

frame,idx,score,alpha,step_norm,z_coarse
2669,0,6.12262,0.65,step,-2
2669,1,8.51699,0.8,step,-1
2669,2,10.983,0.95,step,0
2669,3,10.9063,1.1,step,1
2669,4,10.1448,1.25,step,2

frame,idx,score,alpha,step_norm,z_coarse
2670,0,6.13196,0.65,step,-2
2670,1,8.53333,0.8,step,-1
2670,2,10.9852,0.95,step,0
2670,3,10.8877,1.1,step,1
2670,4,10.1161,1.25,step,2

frame,idx,score,alpha,step_norm,z_coarse
2671,0,6.13624,0.65,step,-2
2671,1,8.54626,0.8,step,-1
2671,2,10.984,0.95,step,0
2671,3,10.8703,1.1,step,1
2671,4,10.0925,1.25,step,2

frame,idx,score,alpha,step_norm,z_coarse
2672,0,6.13809,0.65,step,-2
2672,1,8.55117,0.8,step,-1
2672,2,10.9864,0.95,step,0
2672,3,10.8654,1.1,step,1
2672,4,10.0834,1.25,step,2

frame,idx,score,alpha,step_norm,z_coarse
2673,0,6.14416,0.65,step,-2
2673,1,8.56592,0.8,step,-1
2673,2,10.9901,0.95,step,0
2673,3,10.8512,1.1,step,1
2673,4,10.0597,1.25,step,2

frame,idx,score,alpha,step_norm,z_coarse
2674,0,6.15498,0.65,step,-2
2674,1,8.57844,0.8,step,-1
2674,2,10.9832,0.95,step,0
2674,3,10.8298,1.1,step,1
2674,4,10.0365,1.25,step,2

frame,idx,score,alpha,step_norm,z_coarse
2675,0,6.16708,0.65,step,-2
2675,1,8.60341,0.8,step,-1
2675,2,10.9907,0.95,step,0
2675,3,10.8102,1.1,step,1
2675,4,10.0024,1.25,step,2

frame,idx,score,alpha,step_norm,z_coarse
2676,0,6.17551,0.65,step,-2
2676,1,8.6176,0.8,step,-1
2676,2,10.9928,0.95,step,0
2676,3,10.7967,1.1,step,1
2676,4,9.98135,1.25,step,2

frame,idx,score,alpha,step_norm,z_coarse
2677,0,6.19572,0.65,step,-2
2677,1,8.65357,0.8,step,-1
2677,2,10.985,0.95,step,0
2677,3,10.7449,1.1,step,1
2677,4,9.91423,1.25,step,2

frame,idx,score,alpha,step_norm,z_coarse
2678,0,6.19848,0.65,step,-2
2678,1,8.6588,0.8,step,-1
2678,2,10.9835,0.95,step,0
2678,3,10.7326,1.1,step,1
2678,4,9.89593,1.25,step,2

frame,idx,score,alpha,step_norm,z_coarse
2679,0,6.2057,0.65,step,-2
2679,1,8.67089,0.8,step,-1
2679,2,10.9872,0.95,step,0
2679,3,10.7246,1.1,step,1
2679,4,9.88324,1.25,step,2

frame,idx,score,alpha,step_norm,z_coarse
2680,0,6.22429,0.65,step,-2
2680,1,8.70428,0.8,step,-1
2680,2,10.9871,0.95,step,0
2680,3,10.6899,1.1,step,1
2680,4,9.83473,1.25,step,2

frame,idx,score,alpha,step_norm,z_coarse
2681,0,6.23846,0.65,step,-2
2681,1,8.72358,0.8,step,-1
2681,2,10.9836,0.95,step,0
2681,3,10.6653,1.1,step,1
2681,4,9.8052,1.25,step,2

frame,idx,score,alpha,step_norm,z_coarse
2682,0,6.24951,0.65,step,-2
2682,1,8.74598,0.8,step,-1
2682,2,10.9918,0.95,step,0
2682,3,10.6502,1.1,step,1
2682,4,9.77805,1.25,step,2

frame,idx,score,alpha,step_norm,z_coarse
2683,0,6.26885,0.65,step,-2
2683,1,8.77423,0.8,step,-1
2683,2,11.0002,0.95,step,0
2683,3,10.6357,1.1,step,1
2683,4,9.75598,1.25,step,2

frame,idx,score,alpha,step_norm,z_coarse
2684,0,6.27112,0.65,step,-2
2684,1,8.77866,0.8,step,-1
2684,2,10.9968,0.95,step,0
2684,3,10.6237,1.1,step,1
2684,4,9.74012,1.25,step,2

frame,idx,score,alpha,step_norm,z_coarse
2685,0,6.27588,0.65,step,-2
2685,1,8.78481,0.8,step,-1
2685,2,10.9948,0.95,step,0
2685,3,10.6139,1.1,step,1
2685,4,9.72778,1.25,step,2

frame,idx,score,alpha,step_norm,z_coarse
2686,0,6.30272,0.65,step,-2
2686,1,8.82755,0.8,step,-1
2686,2,11.0098,0.95,step,0
2686,3,10.5916,1.1,step,1
2686,4,9.68875,1.25,step,2

frame,idx,score,alpha,step_norm,z_coarse
2687,0,6.32296,0.65,step,-2
2687,1,8.86436,0.8,step,-1
2687,2,11.0122,0.95,step,0
2687,3,10.5591,1.1,step,1
2687,4,9.64438,1.25,step,2

frame,idx,score,alpha,step_norm,z_coarse
2688,0,6.33324,0.65,step,-2
2688,1,8.8782,0.8,step,-1
2688,2,11.0164,0.95,step,0
2688,3,10.5501,1.1,step,1
2688,4,9.63001,1.25,step,2

frame,idx,score,alpha,step_norm,z_coarse
2689,0,6.34934,0.65,step,-2
2689,1,8.90032,0.8,step,-1
2689,2,11.0207,0.95,step,0
2689,3,10.5367,1.1,step,1
2689,4,9.61023,1.25,step,2

frame,idx,score,alpha,step_norm,z_coarse
2690,0,6.37362,0.65,step,-2
2690,1,8.93923,0.8,step,-1
2690,2,11.0326,0.95,step,0
2690,3,10.5144,1.1,step,1
2690,4,9.57363,1.25,step,2

frame,idx,score,alpha,step_norm,z_coarse
2691,0,6.40399,0.65,step,-2
2691,1,8.9899,0.8,step,-1
2691,2,11.0521,0.95,step,0
2691,3,10.4949,1.1,step,1
2691,4,9.53924,1.25,step,2

frame,idx,score,alpha,step_norm,z_coarse
2692,0,6.42608,0.65,step,-2
2692,1,9.02753,0.8,step,-1
2692,2,11.0673,0.95,step,0
2692,3,10.4794,1.1,step,1
2692,4,9.51119,1.25,step,2

frame,idx,score,alpha,step_norm,z_coarse
2693,0,6.47673,0.65,step,-2
2693,1,9.10523,0.8,step,-1
2693,2,11.0919,0.95,step,0
2693,3,10.4453,1.1,step,1
2693,4,9.45605,1.25,step,2

frame,idx,score,alpha,step_norm,z_coarse
2694,0,6.4855,0.65,step,-2
2694,1,9.12026,0.8,step,-1
2694,2,11.0964,0.95,step,0
2694,3,10.4396,1.1,step,1
2694,4,9.44811,1.25,step,2

frame,idx,score,alpha,step_norm,z_coarse
2695,0,6.61344,0.65,step,-2
2695,1,9.32211,0.8,step,-1
2695,2,11.159,0.95,step,0
2695,3,10.3613,1.1,step,1
2695,4,9.31945,1.25,step,2

frame,idx,score,alpha,step_norm,z_coarse
2696,0,6.70556,0.65,step,-2
2696,1,9.46662,0.8,step,-1
2696,2,11.2079,0.95,step,0
2696,3,10.32,1.1,step,1
2696,4,9.24778,1.25,step,2

frame,idx,score,alpha,step_norm,z_coarse
2697,0,6.73536,0.65,step,-2
2697,1,9.51507,0.8,step,-1
2697,2,11.2314,0.95,step,0
2697,3,10.3171,1.1,step,1
2697,4,9.23501,1.25,step,2

frame,idx,score,alpha,step_norm,z_coarse
2698,0,6.78679,0.65,step,-2
2698,1,9.5928,0.8,step,-1
2698,2,11.2525,0.95,step,0
2698,3,10.29,1.1,step,1
2698,4,9.19306,1.25,step,2

frame,idx,score,alpha,step_norm,z_coarse
2699,0,6.84538,0.65,step,-2
2699,1,9.68564,0.8,step,-1
2699,2,11.2801,0.95,step,0
2699,3,10.2654,1.1,step,1
2699,4,9.15269,1.25,step,2

frame,idx,score,alpha,step_norm,z_coarse
2700,0,6.91025,0.65,step,-2
2700,1,9.79031,0.8,step,-1
2700,2,11.3234,0.95,step,0
2700,3,10.2549,1.1,step,1
2700,4,9.1248,1.25,step,2

frame,idx,score,alpha,step_norm,z_coarse
2701,0,6.99164,0.65,step,-2
2701,1,9.91412,0.8,step,-1
2701,2,11.3616,0.95,step,0
2701,3,10.2349,1.1,step,1
2701,4,9.089,1.25,step,2

frame,idx,score,alpha,step_norm,z_coarse
2702,0,7.0394,0.65,step,-2
2702,1,9.98999,0.8,step,-1
2702,2,11.3856,0.95,step,0
2702,3,10.2265,1.1,step,1
2702,4,9.0751,1.25,step,2

frame,idx,score,alpha,step_norm,z_coarse
2703,0,7.05702,0.65,step,-2
2703,1,10.0121,0.8,step,-1
2703,2,11.3974,0.95,step,0
2703,3,10.2256,1.1,step,1
2703,4,9.06743,1.25,step,2

frame,idx,score,alpha,step_norm,z_coarse
2704,0,7.06599,0.65,step,-2
2704,1,10.0294,0.8,step,-1
2704,2,11.4023,0.95,step,0
2704,3,10.2227,1.1,step,1
2704,4,9.06415,1.25,step,2

frame,idx,score,alpha,step_norm,z_coarse
2705,0,7.1035,0.65,step,-2
2705,1,10.0918,0.8,step,-1
2705,2,11.4199,0.95,step,0
2705,3,10.2121,1.1,step,1
2705,4,9.04687,1.25,step,2

frame,idx,score,alpha,step_norm,z_coarse
2706,0,7.17062,0.65,step,-2
2706,1,10.1858,0.8,step,-1
2706,2,11.4394,0.95,step,0
2706,3,10.1942,1.1,step,1
2706,4,9.02173,1.25,step,2

frame,idx,score,alpha,step_norm,z_coarse
2707,0,7.21418,0.65,step,-2
2707,1,10.2455,0.8,step,-1
2707,2,11.4499,0.95,step,0
2707,3,10.1816,1.1,step,1
2707,4,9.00738,1.25,step,2

frame,idx,score,alpha,step_norm,z_coarse
2708,0,7.23678,0.65,step,-2
2708,1,10.2784,0.8,step,-1
2708,2,11.4487,0.95,step,0
2708,3,10.168,1.1,step,1
2708,4,8.99481,1.25,step,2

frame,idx,score,alpha,step_norm,z_coarse
2709,0,7.2977,0.65,step,-2
2709,1,10.3622,0.8,step,-1
2709,2,11.4554,0.95,step,0
2709,3,10.1511,1.1,step,1
2709,4,8.97941,1.25,step,2

frame,idx,score,alpha,step_norm,z_coarse
2710,0,7.32742,0.65,step,-2
2710,1,10.4028,0.8,step,-1
2710,2,11.4591,0.95,step,0
2710,3,10.1415,1.1,step,1
2710,4,8.97022,1.25,step,2

frame,idx,score,alpha,step_norm,z_coarse
2711,0,7.36172,0.65,step,-2
2711,1,10.4484,0.8,step,-1
2711,2,11.4659,0.95,step,0
2711,3,10.1382,1.1,step,1
2711,4,8.96848,1.25,step,2

frame,idx,score,alpha,step_norm,z_coarse
2712,0,7.40912,0.65,step,-2
2712,1,10.503,0.8,step,-1
2712,2,11.4545,0.95,step,0
2712,3,10.1114,1.1,step,1
2712,4,8.94729,1.25,step,2

frame,idx,score,alpha,step_norm,z_coarse
2713,0,7.43906,0.65,step,-2
2713,1,10.5427,0.8,step,-1
2713,2,11.4528,0.95,step,0
2713,3,10.1015,1.1,step,1
2713,4,8.94234,1.25,step,2

frame,idx,score,alpha,step_norm,z_coarse
2714,0,7.46958,0.65,step,-2
2714,1,10.5694,0.8,step,-1
2714,2,11.4358,0.95,step,0
2714,3,10.0816,1.1,step,1
2714,4,8.92838,1.25,step,2

frame,idx,score,alpha,step_norm,z_coarse
2715,0,7.49957,0.65,step,-2
2715,1,10.5988,0.8,step,-1
2715,2,11.4175,0.95,step,0
2715,3,10.0618,1.1,step,1
2715,4,8.9166,1.25,step,2

frame,idx,score,alpha,step_norm,z_coarse
2716,0,7.53081,0.65,step,-2
2716,1,10.6317,0.8,step,-1
2716,2,11.4116,0.95,step,0
2716,3,10.0479,1.1,step,1
2716,4,8.90508,1.25,step,2

frame,idx,score,alpha,step_norm,z_coarse
2717,0,7.55308,0.65,step,-2
2717,1,10.646,0.8,step,-1
2717,2,11.3848,0.95,step,0
2717,3,10.0251,1.1,step,1
2717,4,8.89169,1.25,step,2

frame,idx,score,alpha,step_norm,z_coarse
2718,0,7.58611,0.65,step,-2
2718,1,10.6746,0.8,step,-1
2718,2,11.3695,0.95,step,0
2718,3,10.0044,1.1,step,1
2718,4,8.877,1.25,step,2

frame,idx,score,alpha,step_norm,z_coarse
2719,0,7.60914,0.65,step,-2
2719,1,10.6883,0.8,step,-1
2719,2,11.3425,0.95,step,0
2719,3,9.97775,1.1,step,1
2719,4,8.85828,1.25,step,2

frame,idx,score,alpha,step_norm,z_coarse
2720,0,7.65076,0.65,step,-2
2720,1,10.7134,0.8,step,-1
2720,2,11.2993,0.95,step,0
2720,3,9.93783,1.1,step,1
2720,4,8.83218,1.25,step,2

frame,idx,score,alpha,step_norm,z_coarse
2721,0,7.67607,0.65,step,-2
2721,1,10.7217,0.8,step,-1
2721,2,11.2638,0.95,step,0
2721,3,9.90615,1.1,step,1
2721,4,8.81171,1.25,step,2

frame,idx,score,alpha,step_norm,z_coarse
2722,0,7.70277,0.65,step,-2
2722,1,10.7332,0.8,step,-1
2722,2,11.2293,0.95,step,0
2722,3,9.87682,1.1,step,1
2722,4,8.79295,1.25,step,2

frame,idx,score,alpha,step_norm,z_coarse
2723,0,7.71595,0.65,step,-2
2723,1,10.7338,0.8,step,-1
2723,2,11.2088,0.95,step,0
2723,3,9.86088,1.1,step,1
2723,4,8.78339,1.25,step,2

frame,idx,score,alpha,step_norm,z_coarse
2724,0,7.7334,0.65,step,-2
2724,1,10.7488,0.8,step,-1
2724,2,11.1915,0.95,step,0
2724,3,9.84123,1.1,step,1
2724,4,8.76707,1.25,step,2

frame,idx,score,alpha,step_norm,z_coarse
2725,0,7.74826,0.65,step,-2
2725,1,10.7454,0.8,step,-1
2725,2,11.1667,0.95,step,0
2725,3,9.8218,1.1,step,1
2725,4,8.75569,1.25,step,2

frame,idx,score,alpha,step_norm,z_coarse
2726,0,7.75595,0.65,step,-2
2726,1,10.7531,0.8,step,-1
2726,2,11.1606,0.95,step,0
2726,3,9.81302,1.1,step,1
2726,4,8.74734,1.25,step,2

frame,idx,score,alpha,step_norm,z_coarse
2727,0,7.75989,0.65,step,-2
2727,1,10.7523,0.8,step,-1
2727,2,11.1643,0.95,step,0
2727,3,9.81789,1.1,step,1
2727,4,8.75045,1.25,step,2

frame,idx,score,alpha,step_norm,z_coarse
2728,0,7.75809,0.65,step,-2
2728,1,10.755,0.8,step,-1
2728,2,11.166,0.95,step,0
2728,3,9.82114,1.1,step,1
2728,4,8.7547,1.25,step,2

frame,idx,score,alpha,step_norm,z_coarse
2729,0,7.75277,0.65,step,-2
2729,1,10.7476,0.8,step,-1
2729,2,11.1574,0.95,step,0
2729,3,9.81116,1.1,step,1
2729,4,8.74548,1.25,step,2

frame,idx,score,alpha,step_norm,z_coarse
2730,0,7.75782,0.65,step,-2
2730,1,10.7566,0.8,step,-1
2730,2,11.1619,0.95,step,0
2730,3,9.81345,1.1,step,1
2730,4,8.74732,1.25,step,2

frame,idx,score,alpha,step_norm,z_coarse
2731,0,7.73836,0.65,step,-2
2731,1,10.7458,0.8,step,-1
2731,2,11.1821,0.95,step,0
2731,3,9.83454,1.1,step,1
2731,4,8.76345,1.25,step,2

frame,idx,score,alpha,step_norm,z_coarse
2732,0,7.74059,0.65,step,-2
2732,1,10.7513,0.8,step,-1
2732,2,11.1924,0.95,step,0
2732,3,9.84102,1.1,step,1
2732,4,8.76625,1.25,step,2

frame,idx,score,alpha,step_norm,z_coarse
2733,0,7.73536,0.65,step,-2
2733,1,10.7466,0.8,step,-1
2733,2,11.1892,0.95,step,0
2733,3,9.83821,1.1,step,1
2733,4,8.76395,1.25,step,2

frame,idx,score,alpha,step_norm,z_coarse
2734,0,7.73618,0.65,step,-2
2734,1,10.7509,0.8,step,-1
2734,2,11.1942,0.95,step,0
2734,3,9.84397,1.1,step,1
2734,4,8.76996,1.25,step,2

frame,idx,score,alpha,step_norm,z_coarse
2735,0,7.72627,0.65,step,-2
2735,1,10.7469,0.8,step,-1
2735,2,11.2049,0.95,step,0
2735,3,9.85095,1.1,step,1
2735,4,8.77135,1.25,step,2

frame,idx,score,alpha,step_norm,z_coarse
2736,0,7.71653,0.65,step,-2
2736,1,10.742,0.8,step,-1
2736,2,11.2182,0.95,step,0
2736,3,9.86174,1.1,step,1
2736,4,8.77718,1.25,step,2

frame,idx,score,alpha,step_norm,z_coarse
2737,0,7.72086,0.65,step,-2
2737,1,10.7457,0.8,step,-1
2737,2,11.2205,0.95,step,0
2737,3,9.86586,1.1,step,1
2737,4,8.78312,1.25,step,2

frame,idx,score,alpha,step_norm,z_coarse
2738,0,7.7186,0.65,step,-2
2738,1,10.7475,0.8,step,-1
2738,2,11.2216,0.95,step,0
2738,3,9.86674,1.1,step,1
2738,4,8.78445,1.25,step,2

frame,idx,score,alpha,step_norm,z_coarse
2739,0,7.70419,0.65,step,-2
2739,1,10.7373,0.8,step,-1
2739,2,11.2329,0.95,step,0
2739,3,9.87593,1.1,step,1
2739,4,8.78919,1.25,step,2

frame,idx,score,alpha,step_norm,z_coarse
2740,0,7.70378,0.65,step,-2
2740,1,10.7403,0.8,step,-1
2740,2,11.2395,0.95,step,0
2740,3,9.88113,1.1,step,1
2740,4,8.79289,1.25,step,2

frame,idx,score,alpha,step_norm,z_coarse
2741,0,7.7031,0.65,step,-2
2741,1,10.7415,0.8,step,-1
2741,2,11.2406,0.95,step,0
2741,3,9.87967,1.1,step,1
2741,4,8.78925,1.25,step,2

frame,idx,score,alpha,step_norm,z_coarse
2742,0,7.68573,0.65,step,-2
2742,1,10.7341,0.8,step,-1
2742,2,11.2576,0.95,step,0
2742,3,9.89824,1.1,step,1
2742,4,8.80496,1.25,step,2

frame,idx,score,alpha,step_norm,z_coarse
2743,0,7.68552,0.65,step,-2
2743,1,10.7322,0.8,step,-1
2743,2,11.2571,0.95,step,0
2743,3,9.89804,1.1,step,1
2743,4,8.80405,1.25,step,2

frame,idx,score,alpha,step_norm,z_coarse
2744,0,7.6809,0.65,step,-2
2744,1,10.7278,0.8,step,-1
2744,2,11.2581,0.95,step,0
2744,3,9.89655,1.1,step,1
2744,4,8.80007,1.25,step,2

frame,idx,score,alpha,step_norm,z_coarse
2745,0,7.68533,0.65,step,-2
2745,1,10.7326,0.8,step,-1
2745,2,11.2588,0.95,step,0
2745,3,9.89857,1.1,step,1
2745,4,8.8038,1.25,step,2

frame,idx,score,alpha,step_norm,z_coarse
2746,0,7.68868,0.65,step,-2
2746,1,10.7363,0.8,step,-1
2746,2,11.2582,0.95,step,0
2746,3,9.89722,1.1,step,1
2746,4,8.80385,1.25,step,2

frame,idx,score,alpha,step_norm,z_coarse
2747,0,7.69167,0.65,step,-2
2747,1,10.7351,0.8,step,-1
2747,2,11.2568,0.95,step,0
2747,3,9.89827,1.1,step,1
2747,4,8.80466,1.25,step,2

frame,idx,score,alpha,step_norm,z_coarse
2748,0,7.68641,0.65,step,-2
2748,1,10.7389,0.8,step,-1
2748,2,11.2637,0.95,step,0
2748,3,9.90045,1.1,step,1
2748,4,8.80439,1.25,step,2

frame,idx,score,alpha,step_norm,z_coarse
2749,0,7.68794,0.65,step,-2
2749,1,10.7353,0.8,step,-1
2749,2,11.2651,0.95,step,0
2749,3,9.90413,1.1,step,1
2749,4,8.80817,1.25,step,2

frame,idx,score,alpha,step_norm,z_coarse
2750,0,7.68364,0.65,step,-2
2750,1,10.7312,0.8,step,-1
2750,2,11.2602,0.95,step,0
2750,3,9.90184,1.1,step,1
2750,4,8.80801,1.25,step,2

frame,idx,score,alpha,step_norm,z_coarse
2751,0,7.68837,0.65,step,-2
2751,1,10.7318,0.8,step,-1
2751,2,11.2605,0.95,step,0
2751,3,9.90046,1.1,step,1
2751,4,8.80561,1.25,step,2

frame,idx,score,alpha,step_norm,z_coarse
2752,0,7.68407,0.65,step,-2
2752,1,10.7328,0.8,step,-1
2752,2,11.258,0.95,step,0
2752,3,9.89872,1.1,step,1
2752,4,8.80307,1.25,step,2

frame,idx,score,alpha,step_norm,z_coarse
2753,0,7.69411,0.65,step,-2
2753,1,10.7385,0.8,step,-1
2753,2,11.26,0.95,step,0
2753,3,9.90029,1.1,step,1
2753,4,8.80655,1.25,step,2

frame,idx,score,alpha,step_norm,z_coarse
2754,0,7.6917,0.65,step,-2
2754,1,10.7358,0.8,step,-1
2754,2,11.258,0.95,step,0
2754,3,9.89734,1.1,step,1
2754,4,8.80233,1.25,step,2

frame,idx,score,alpha,step_norm,z_coarse
2755,0,7.6878,0.65,step,-2
2755,1,10.7343,0.8,step,-1
2755,2,11.2591,0.95,step,0
2755,3,9.89979,1.1,step,1
2755,4,8.80606,1.25,step,2

frame,idx,score,alpha,step_norm,z_coarse
2756,0,7.68106,0.65,step,-2
2756,1,10.732,0.8,step,-1
2756,2,11.2642,0.95,step,0
2756,3,9.90461,1.1,step,1
2756,4,8.81105,1.25,step,2

frame,idx,score,alpha,step_norm,z_coarse
2757,0,7.68423,0.65,step,-2
2757,1,10.7321,0.8,step,-1
2757,2,11.2598,0.95,step,0
2757,3,9.89971,1.1,step,1
2757,4,8.80425,1.25,step,2

frame,idx,score,alpha,step_norm,z_coarse
2758,0,7.68596,0.65,step,-2
2758,1,10.7348,0.8,step,-1
2758,2,11.2619,0.95,step,0
2758,3,9.90008,1.1,step,1
2758,4,8.80516,1.25,step,2

frame,idx,score,alpha,step_norm,z_coarse
2759,0,7.6898,0.65,step,-2
2759,1,10.7368,0.8,step,-1
2759,2,11.2603,0.95,step,0
2759,3,9.89932,1.1,step,1
2759,4,8.80432,1.25,step,2

frame,idx,score,alpha,step_norm,z_coarse
2760,0,7.68322,0.65,step,-2
2760,1,10.7318,0.8,step,-1
2760,2,11.2574,0.95,step,0
2760,3,9.89528,1.1,step,1
2760,4,8.80119,1.25,step,2

frame,idx,score,alpha,step_norm,z_coarse
2761,0,7.68255,0.65,step,-2
2761,1,10.7308,0.8,step,-1
2761,2,11.2599,0.95,step,0
2761,3,9.90071,1.1,step,1
2761,4,8.80653,1.25,step,2

frame,idx,score,alpha,step_norm,z_coarse
2762,0,7.68138,0.65,step,-2
2762,1,10.7358,0.8,step,-1
2762,2,11.2658,0.95,step,0
2762,3,9.90302,1.1,step,1
2762,4,8.80617,1.25,step,2

frame,idx,score,alpha,step_norm,z_coarse
2763,0,7.68973,0.65,step,-2
2763,1,10.7329,0.8,step,-1
2763,2,11.2556,0.95,step,0
2763,3,9.89834,1.1,step,1
2763,4,8.80601,1.25,step,2

frame,idx,score,alpha,step_norm,z_coarse
2764,0,7.68705,0.65,step,-2
2764,1,10.7297,0.8,step,-1
2764,2,11.2543,0.95,step,0
2764,3,9.89609,1.1,step,1
2764,4,8.80331,1.25,step,2

frame,idx,score,alpha,step_norm,z_coarse
2765,0,7.68113,0.65,step,-2
2765,1,10.7273,0.8,step,-1
2765,2,11.2519,0.95,step,0
2765,3,9.89051,1.1,step,1
2765,4,8.79599,1.25,step,2

frame,idx,score,alpha,step_norm,z_coarse
2766,0,7.69359,0.65,step,-2
2766,1,10.7356,0.8,step,-1
2766,2,11.2531,0.95,step,0
2766,3,9.89308,1.1,step,1
2766,4,8.79858,1.25,step,2

frame,idx,score,alpha,step_norm,z_coarse
2767,0,7.68827,0.65,step,-2
2767,1,10.7328,0.8,step,-1
2767,2,11.2591,0.95,step,0
2767,3,9.89922,1.1,step,1
2767,4,8.80472,1.25,step,2

frame,idx,score,alpha,step_norm,z_coarse
2768,0,7.68552,0.65,step,-2
2768,1,10.7272,0.8,step,-1
2768,2,11.2525,0.95,step,0
2768,3,9.89451,1.1,step,1
2768,4,8.8029,1.25,step,2

frame,idx,score,alpha,step_norm,z_coarse
2769,0,7.68899,0.65,step,-2
2769,1,10.7342,0.8,step,-1
2769,2,11.2521,0.95,step,0
2769,3,9.89193,1.1,step,1
2769,4,8.79904,1.25,step,2

frame,idx,score,alpha,step_norm,z_coarse
2770,0,7.69615,0.65,step,-2
2770,1,10.7401,0.8,step,-1
2770,2,11.2541,0.95,step,0
2770,3,9.89515,1.1,step,1
2770,4,8.8031,1.25,step,2

frame,idx,score,alpha,step_norm,z_coarse
2771,0,7.69321,0.65,step,-2
2771,1,10.7357,0.8,step,-1
2771,2,11.2522,0.95,step,0
2771,3,9.89224,1.1,step,1
2771,4,8.79997,1.25,step,2

frame,idx,score,alpha,step_norm,z_coarse
2772,0,7.6929,0.65,step,-2
2772,1,10.739,0.8,step,-1
2772,2,11.2621,0.95,step,0
2772,3,9.90091,1.1,step,1
2772,4,8.80551,1.25,step,2

frame,idx,score,alpha,step_norm,z_coarse
2773,0,7.69108,0.65,step,-2
2773,1,10.7362,0.8,step,-1
2773,2,11.2638,0.95,step,0
2773,3,9.90243,1.1,step,1
2773,4,8.80517,1.25,step,2

frame,idx,score,alpha,step_norm,z_coarse
2774,0,7.68754,0.65,step,-2
2774,1,10.7335,0.8,step,-1
2774,2,11.2512,0.95,step,0
2774,3,9.89196,1.1,step,1
2774,4,8.80026,1.25,step,2

frame,idx,score,alpha,step_norm,z_coarse
2775,0,7.69198,0.65,step,-2
2775,1,10.7317,0.8,step,-1
2775,2,11.2448,0.95,step,0
2775,3,9.88615,1.1,step,1
2775,4,8.79421,1.25,step,2

frame,idx,score,alpha,step_norm,z_coarse
2776,0,7.69864,0.65,step,-2
2776,1,10.7397,0.8,step,-1
2776,2,11.2504,0.95,step,0
2776,3,9.89068,1.1,step,1
2776,4,8.79828,1.25,step,2

frame,idx,score,alpha,step_norm,z_coarse
2777,0,7.68959,0.65,step,-2
2777,1,10.7326,0.8,step,-1
2777,2,11.2506,0.95,step,0
2777,3,9.89222,1.1,step,1
2777,4,8.80067,1.25,step,2

frame,idx,score,alpha,step_norm,z_coarse
2778,0,7.6959,0.65,step,-2
2778,1,10.7384,0.8,step,-1
2778,2,11.25,0.95,step,0
2778,3,9.89145,1.1,step,1
2778,4,8.79877,1.25,step,2

frame,idx,score,alpha,step_norm,z_coarse
2779,0,7.6983,0.65,step,-2
2779,1,10.7362,0.8,step,-1
2779,2,11.2422,0.95,step,0
2779,3,9.88432,1.1,step,1
2779,4,8.7954,1.25,step,2

frame,idx,score,alpha,step_norm,z_coarse
2780,0,7.69179,0.65,step,-2
2780,1,10.7346,0.8,step,-1
2780,2,11.2489,0.95,step,0
2780,3,9.89141,1.1,step,1
2780,4,8.79969,1.25,step,2

frame,idx,score,alpha,step_norm,z_coarse
2781,0,7.69017,0.65,step,-2
2781,1,10.741,0.8,step,-1
2781,2,11.2573,0.95,step,0
2781,3,9.89503,1.1,step,1
2781,4,8.80142,1.25,step,2

frame,idx,score,alpha,step_norm,z_coarse
2782,0,7.69453,0.65,step,-2
2782,1,10.7362,0.8,step,-1
2782,2,11.251,0.95,step,0
2782,3,9.89236,1.1,step,1
2782,4,8.79858,1.25,step,2

frame,idx,score,alpha,step_norm,z_coarse
2783,0,7.68785,0.65,step,-2
2783,1,10.731,0.8,step,-1
2783,2,11.2482,0.95,step,0
2783,3,9.89075,1.1,step,1
2783,4,8.80077,1.25,step,2

frame,idx,score,alpha,step_norm,z_coarse
2784,0,7.69192,0.65,step,-2
2784,1,10.7363,0.8,step,-1
2784,2,11.2544,0.95,step,0
2784,3,9.89465,1.1,step,1
2784,4,8.80275,1.25,step,2

frame,idx,score,alpha,step_norm,z_coarse
2785,0,7.69121,0.65,step,-2
2785,1,10.7357,0.8,step,-1
2785,2,11.2583,0.95,step,0
2785,3,9.89998,1.1,step,1
2785,4,8.8063,1.25,step,2

frame,idx,score,alpha,step_norm,z_coarse
2786,0,7.69066,0.65,step,-2
2786,1,10.7362,0.8,step,-1
2786,2,11.2604,0.95,step,0
2786,3,9.90076,1.1,step,1
2786,4,8.80739,1.25,step,2

frame,idx,score,alpha,step_norm,z_coarse
2787,0,7.69302,0.65,step,-2
2787,1,10.736,0.8,step,-1
2787,2,11.2545,0.95,step,0
2787,3,9.89374,1.1,step,1
2787,4,8.79964,1.25,step,2

frame,idx,score,alpha,step_norm,z_coarse
2788,0,7.69843,0.65,step,-2
2788,1,10.7397,0.8,step,-1
2788,2,11.2481,0.95,step,0
2788,3,9.88768,1.1,step,1
2788,4,8.79661,1.25,step,2

frame,idx,score,alpha,step_norm,z_coarse
2789,0,7.69473,0.65,step,-2
2789,1,10.7336,0.8,step,-1
2789,2,11.2423,0.95,step,0
2789,3,9.88356,1.1,step,1
2789,4,8.79377,1.25,step,2

frame,idx,score,alpha,step_norm,z_coarse
2790,0,7.69573,0.65,step,-2
2790,1,10.7403,0.8,step,-1
2790,2,11.2551,0.95,step,0
2790,3,9.89318,1.1,step,1
2790,4,8.79976,1.25,step,2

frame,idx,score,alpha,step_norm,z_coarse
2791,0,7.69313,0.65,step,-2
2791,1,10.7354,0.8,step,-1
2791,2,11.2485,0.95,step,0
2791,3,9.89092,1.1,step,1
2791,4,8.80055,1.25,step,2

frame,idx,score,alpha,step_norm,z_coarse
2792,0,7.69267,0.65,step,-2
2792,1,10.7357,0.8,step,-1
2792,2,11.248,0.95,step,0
2792,3,9.88877,1.1,step,1
2792,4,8.79736,1.25,step,2

frame,idx,score,alpha,step_norm,z_coarse
2793,0,7.69898,0.65,step,-2
2793,1,10.7372,0.8,step,-1
2793,2,11.2462,0.95,step,0
2793,3,9.88775,1.1,step,1
2793,4,8.79624,1.25,step,2

frame,idx,score,alpha,step_norm,z_coarse
2794,0,7.70214,0.65,step,-2
2794,1,10.743,0.8,step,-1
2794,2,11.2478,0.95,step,0
2794,3,9.8891,1.1,step,1
2794,4,8.79891,1.25,step,2

frame,idx,score,alpha,step_norm,z_coarse
2795,0,7.69668,0.65,step,-2
2795,1,10.74,0.8,step,-1
2795,2,11.2454,0.95,step,0
2795,3,9.88751,1.1,step,1
2795,4,8.79648,1.25,step,2

frame,idx,score,alpha,step_norm,z_coarse
2796,0,7.69851,0.65,step,-2
2796,1,10.7407,0.8,step,-1
2796,2,11.2546,0.95,step,0
2796,3,9.89371,1.1,step,1
2796,4,8.80092,1.25,step,2

frame,idx,score,alpha,step_norm,z_coarse
2797,0,7.69662,0.65,step,-2
2797,1,10.7377,0.8,step,-1
2797,2,11.243,0.95,step,0
2797,3,9.88455,1.1,step,1
2797,4,8.79517,1.25,step,2

frame,idx,score,alpha,step_norm,z_coarse
2798,0,7.70029,0.65,step,-2
2798,1,10.7397,0.8,step,-1
2798,2,11.2424,0.95,step,0
2798,3,9.88367,1.1,step,1
2798,4,8.79359,1.25,step,2

frame,idx,score,alpha,step_norm,z_coarse
2799,0,7.69522,0.65,step,-2
2799,1,10.7329,0.8,step,-1
2799,2,11.2423,0.95,step,0
2799,3,9.88517,1.1,step,1
2799,4,8.79575,1.25,step,2

frame,idx,score,alpha,step_norm,z_coarse
2800,0,7.69613,0.65,step,-2
2800,1,10.7346,0.8,step,-1
2800,2,11.2355,0.95,step,0
2800,3,9.87747,1.1,step,1
2800,4,8.79027,1.25,step,2

frame,idx,score,alpha,step_norm,z_coarse
2801,0,7.7003,0.65,step,-2
2801,1,10.7378,0.8,step,-1
2801,2,11.238,0.95,step,0
2801,3,9.88359,1.1,step,1
2801,4,8.7965,1.25,step,2

frame,idx,score,alpha,step_norm,z_coarse
2802,0,7.70319,0.65,step,-2
2802,1,10.739,0.8,step,-1
2802,2,11.2335,0.95,step,0
2802,3,9.87509,1.1,step,1
2802,4,8.78741,1.25,step,2

frame,idx,score,alpha,step_norm,z_coarse
2803,0,7.70461,0.65,step,-2
2803,1,10.7388,0.8,step,-1
2803,2,11.2334,0.95,step,0
2803,3,9.87691,1.1,step,1
2803,4,8.78972,1.25,step,2

frame,idx,score,alpha,step_norm,z_coarse
2804,0,7.70613,0.65,step,-2
2804,1,10.7429,0.8,step,-1
2804,2,11.2403,0.95,step,0
2804,3,9.88246,1.1,step,1
2804,4,8.79411,1.25,step,2

frame,idx,score,alpha,step_norm,z_coarse
2805,0,7.71074,0.65,step,-2
2805,1,10.7435,0.8,step,-1
2805,2,11.2364,0.95,step,0
2805,3,9.87825,1.1,step,1
2805,4,8.79019,1.25,step,2

frame,idx,score,alpha,step_norm,z_coarse
2806,0,7.71283,0.65,step,-2
2806,1,10.7447,0.8,step,-1
2806,2,11.2278,0.95,step,0
2806,3,9.87152,1.1,step,1
2806,4,8.78704,1.25,step,2

frame,idx,score,alpha,step_norm,z_coarse
2807,0,7.70766,0.65,step,-2
2807,1,10.735,0.8,step,-1
2807,2,11.2261,0.95,step,0
2807,3,9.87152,1.1,step,1
2807,4,8.78627,1.25,step,2

frame,idx,score,alpha,step_norm,z_coarse
2808,0,7.70767,0.65,step,-2
2808,1,10.7373,0.8,step,-1
2808,2,11.2298,0.95,step,0
2808,3,9.87532,1.1,step,1
2808,4,8.78955,1.25,step,2

frame,idx,score,alpha,step_norm,z_coarse
2809,0,7.70948,0.65,step,-2
2809,1,10.7398,0.8,step,-1
2809,2,11.2284,0.95,step,0
2809,3,9.87255,1.1,step,1
2809,4,8.78568,1.25,step,2

frame,idx,score,alpha,step_norm,z_coarse
2810,0,7.71958,0.65,step,-2
2810,1,10.7495,0.8,step,-1
2810,2,11.2244,0.95,step,0
2810,3,9.86751,1.1,step,1
2810,4,8.7839,1.25,step,2

frame,idx,score,alpha,step_norm,z_coarse
2811,0,7.71521,0.65,step,-2
2811,1,10.7431,0.8,step,-1
2811,2,11.2195,0.95,step,0
2811,3,9.86517,1.1,step,1
2811,4,8.78179,1.25,step,2

frame,idx,score,alpha,step_norm,z_coarse
2812,0,7.71576,0.65,step,-2
2812,1,10.7418,0.8,step,-1
2812,2,11.221,0.95,step,0
2812,3,9.8691,1.1,step,1
2812,4,8.78856,1.25,step,2

frame,idx,score,alpha,step_norm,z_coarse
2813,0,7.71522,0.65,step,-2
2813,1,10.7401,0.8,step,-1
2813,2,11.2213,0.95,step,0
2813,3,9.86895,1.1,step,1
2813,4,8.78537,1.25,step,2

frame,idx,score,alpha,step_norm,z_coarse
2814,0,7.71996,0.65,step,-2
2814,1,10.7428,0.8,step,-1
2814,2,11.2115,0.95,step,0
2814,3,9.85769,1.1,step,1
2814,4,8.77833,1.25,step,2

frame,idx,score,alpha,step_norm,z_coarse
2815,0,7.71732,0.65,step,-2
2815,1,10.739,0.8,step,-1
2815,2,11.2103,0.95,step,0
2815,3,9.85694,1.1,step,1
2815,4,8.77577,1.25,step,2

frame,idx,score,alpha,step_norm,z_coarse
2816,0,7.71765,0.65,step,-2
2816,1,10.7343,0.8,step,-1
2816,2,11.2046,0.95,step,0
2816,3,9.85593,1.1,step,1
2816,4,8.77841,1.25,step,2

frame,idx,score,alpha,step_norm,z_coarse
2817,0,7.72065,0.65,step,-2
2817,1,10.7442,0.8,step,-1
2817,2,11.2146,0.95,step,0
2817,3,9.86263,1.1,step,1
2817,4,8.78232,1.25,step,2

frame,idx,score,alpha,step_norm,z_coarse
2818,0,7.72949,0.65,step,-2
2818,1,10.747,0.8,step,-1
2818,2,11.2116,0.95,step,0
2818,3,9.85968,1.1,step,1
2818,4,8.78055,1.25,step,2

frame,idx,score,alpha,step_norm,z_coarse
2819,0,7.72847,0.65,step,-2
2819,1,10.7478,0.8,step,-1
2819,2,11.2106,0.95,step,0
2819,3,9.85803,1.1,step,1
2819,4,8.7791,1.25,step,2

frame,idx,score,alpha,step_norm,z_coarse
2820,0,7.72675,0.65,step,-2
2820,1,10.7471,0.8,step,-1
2820,2,11.2132,0.95,step,0
2820,3,9.86198,1.1,step,1
2820,4,8.7827,1.25,step,2

frame,idx,score,alpha,step_norm,z_coarse
2821,0,7.72419,0.65,step,-2
2821,1,10.7459,0.8,step,-1
2821,2,11.2073,0.95,step,0
2821,3,9.85413,1.1,step,1
2821,4,8.77262,1.25,step,2

frame,idx,score,alpha,step_norm,z_coarse
2822,0,7.73184,0.65,step,-2
2822,1,10.7481,0.8,step,-1
2822,2,11.2016,0.95,step,0
2822,3,9.85039,1.1,step,1
2822,4,8.77442,1.25,step,2

frame,idx,score,alpha,step_norm,z_coarse
2823,0,7.73854,0.65,step,-2
2823,1,10.7509,0.8,step,-1
2823,2,11.1951,0.95,step,0
2823,3,9.84475,1.1,step,1
2823,4,8.76944,1.25,step,2

frame,idx,score,alpha,step_norm,z_coarse
2824,0,7.73668,0.65,step,-2
2824,1,10.7506,0.8,step,-1
2824,2,11.1969,0.95,step,0
2824,3,9.84625,1.1,step,1
2824,4,8.77099,1.25,step,2

frame,idx,score,alpha,step_norm,z_coarse
2825,0,7.74124,0.65,step,-2
2825,1,10.755,0.8,step,-1
2825,2,11.1911,0.95,step,0
2825,3,9.83943,1.1,step,1
2825,4,8.76466,1.25,step,2

frame,idx,score,alpha,step_norm,z_coarse
2826,0,7.74312,0.65,step,-2
2826,1,10.756,0.8,step,-1
2826,2,11.1924,0.95,step,0
2826,3,9.84045,1.1,step,1
2826,4,8.76619,1.25,step,2

frame,idx,score,alpha,step_norm,z_coarse
2827,0,7.73964,0.65,step,-2
2827,1,10.7508,0.8,step,-1
2827,2,11.1877,0.95,step,0
2827,3,9.83638,1.1,step,1
2827,4,8.76226,1.25,step,2

frame,idx,score,alpha,step_norm,z_coarse
2828,0,7.74364,0.65,step,-2
2828,1,10.7508,0.8,step,-1
2828,2,11.1865,0.95,step,0
2828,3,9.8372,1.1,step,1
2828,4,8.76268,1.25,step,2

frame,idx,score,alpha,step_norm,z_coarse
2829,0,7.74264,0.65,step,-2
2829,1,10.7489,0.8,step,-1
2829,2,11.1845,0.95,step,0
2829,3,9.83472,1.1,step,1
2829,4,8.76215,1.25,step,2

frame,idx,score,alpha,step_norm,z_coarse
2830,0,7.74341,0.65,step,-2
2830,1,10.749,0.8,step,-1
2830,2,11.1801,0.95,step,0
2830,3,9.8317,1.1,step,1
2830,4,8.75968,1.25,step,2

frame,idx,score,alpha,step_norm,z_coarse
2831,0,7.74573,0.65,step,-2
2831,1,10.7526,0.8,step,-1
2831,2,11.1806,0.95,step,0
2831,3,9.83244,1.1,step,1
2831,4,8.76124,1.25,step,2

frame,idx,score,alpha,step_norm,z_coarse
2832,0,7.74791,0.65,step,-2
2832,1,10.7494,0.8,step,-1
2832,2,11.1706,0.95,step,0
2832,3,9.82489,1.1,step,1
2832,4,8.75556,1.25,step,2

frame,idx,score,alpha,step_norm,z_coarse
2833,0,7.7453,0.65,step,-2
2833,1,10.7523,0.8,step,-1
2833,2,11.1769,0.95,step,0
2833,3,9.82846,1.1,step,1
2833,4,8.75744,1.25,step,2

frame,idx,score,alpha,step_norm,z_coarse
2834,0,7.74833,0.65,step,-2
2834,1,10.7525,0.8,step,-1
2834,2,11.1814,0.95,step,0
2834,3,9.83209,1.1,step,1
2834,4,8.75916,1.25,step,2

frame,idx,score,alpha,step_norm,z_coarse
2835,0,7.75159,0.65,step,-2
2835,1,10.7524,0.8,step,-1
2835,2,11.1732,0.95,step,0
2835,3,9.82354,1.1,step,1
2835,4,8.7522,1.25,step,2

frame,idx,score,alpha,step_norm,z_coarse
2836,0,7.75439,0.65,step,-2
2836,1,10.7563,0.8,step,-1
2836,2,11.1762,0.95,step,0
2836,3,9.82743,1.1,step,1
2836,4,8.75688,1.25,step,2

frame,idx,score,alpha,step_norm,z_coarse
2837,0,7.75277,0.65,step,-2
2837,1,10.7522,0.8,step,-1
2837,2,11.1721,0.95,step,0
2837,3,9.82663,1.1,step,1
2837,4,8.75867,1.25,step,2

frame,idx,score,alpha,step_norm,z_coarse
2838,0,7.75273,0.65,step,-2
2838,1,10.7539,0.8,step,-1
2838,2,11.1705,0.95,step,0
2838,3,9.82429,1.1,step,1
2838,4,8.75534,1.25,step,2

frame,idx,score,alpha,step_norm,z_coarse
2839,0,7.75221,0.65,step,-2
2839,1,10.7542,0.8,step,-1
2839,2,11.1709,0.95,step,0
2839,3,9.82145,1.1,step,1
2839,4,8.75165,1.25,step,2

frame,idx,score,alpha,step_norm,z_coarse
2840,0,7.75346,0.65,step,-2
2840,1,10.7521,0.8,step,-1
2840,2,11.1683,0.95,step,0
2840,3,9.82409,1.1,step,1
2840,4,8.75726,1.25,step,2

frame,idx,score,alpha,step_norm,z_coarse
2841,0,7.76102,0.65,step,-2
2841,1,10.753,0.8,step,-1
2841,2,11.1542,0.95,step,0
2841,3,9.80979,1.1,step,1
2841,4,8.74554,1.25,step,2

frame,idx,score,alpha,step_norm,z_coarse
2842,0,7.75892,0.65,step,-2
2842,1,10.7548,0.8,step,-1
2842,2,11.1568,0.95,step,0
2842,3,9.81341,1.1,step,1
2842,4,8.7504,1.25,step,2

frame,idx,score,alpha,step_norm,z_coarse
2843,0,7.76737,0.65,step,-2
2843,1,10.7523,0.8,step,-1
2843,2,11.1428,0.95,step,0
2843,3,9.80144,1.1,step,1
2843,4,8.73986,1.25,step,2

frame,idx,score,alpha,step_norm,z_coarse
2844,0,7.76799,0.65,step,-2
2844,1,10.7603,0.8,step,-1
2844,2,11.1503,0.95,step,0
2844,3,9.80544,1.1,step,1
2844,4,8.7426,1.25,step,2

frame,idx,score,alpha,step_norm,z_coarse
2845,0,7.77223,0.65,step,-2
2845,1,10.7617,0.8,step,-1
2845,2,11.1475,0.95,step,0
2845,3,9.80351,1.1,step,1
2845,4,8.74133,1.25,step,2

frame,idx,score,alpha,step_norm,z_coarse
2846,0,7.77266,0.65,step,-2
2846,1,10.7617,0.8,step,-1
2846,2,11.1467,0.95,step,0
2846,3,9.80233,1.1,step,1
2846,4,8.73979,1.25,step,2

frame,idx,score,alpha,step_norm,z_coarse
2847,0,7.77478,0.65,step,-2
2847,1,10.7559,0.8,step,-1
2847,2,11.1397,0.95,step,0
2847,3,9.79777,1.1,step,1
2847,4,8.73676,1.25,step,2

frame,idx,score,alpha,step_norm,z_coarse
2848,0,7.77984,0.65,step,-2
2848,1,10.763,0.8,step,-1
2848,2,11.1378,0.95,step,0
2848,3,9.79494,1.1,step,1
2848,4,8.73672,1.25,step,2

frame,idx,score,alpha,step_norm,z_coarse
2849,0,7.77743,0.65,step,-2
2849,1,10.7549,0.8,step,-1
2849,2,11.1235,0.95,step,0
2849,3,9.78455,1.1,step,1
2849,4,8.72927,1.25,step,2

frame,idx,score,alpha,step_norm,z_coarse
2850,0,7.78115,0.65,step,-2
2850,1,10.7557,0.8,step,-1
2850,2,11.1234,0.95,step,0
2850,3,9.78421,1.1,step,1
2850,4,8.72954,1.25,step,2

frame,idx,score,alpha,step_norm,z_coarse
2851,0,7.77525,0.65,step,-2
2851,1,10.7578,0.8,step,-1
2851,2,11.131,0.95,step,0
2851,3,9.78647,1.1,step,1
2851,4,8.72652,1.25,step,2

frame,idx,score,alpha,step_norm,z_coarse
2852,0,7.78734,0.65,step,-2
2852,1,10.7607,0.8,step,-1
2852,2,11.1188,0.95,step,0
2852,3,9.77978,1.1,step,1
2852,4,8.72597,1.25,step,2

frame,idx,score,alpha,step_norm,z_coarse
2853,0,7.78767,0.65,step,-2
2853,1,10.7612,0.8,step,-1
2853,2,11.1228,0.95,step,0
2853,3,9.78357,1.1,step,1
2853,4,8.72817,1.25,step,2

frame,idx,score,alpha,step_norm,z_coarse
2854,0,7.79101,0.65,step,-2
2854,1,10.7643,0.8,step,-1
2854,2,11.1243,0.95,step,0
2854,3,9.78239,1.1,step,1
2854,4,8.7261,1.25,step,2

frame,idx,score,alpha,step_norm,z_coarse
2855,0,7.78436,0.65,step,-2
2855,1,10.7588,0.8,step,-1
2855,2,11.1124,0.95,step,0
2855,3,9.77181,1.1,step,1
2855,4,8.71801,1.25,step,2

frame,idx,score,alpha,step_norm,z_coarse
2856,0,7.79346,0.65,step,-2
2856,1,10.7665,0.8,step,-1
2856,2,11.1188,0.95,step,0
2856,3,9.77681,1.1,step,1
2856,4,8.72283,1.25,step,2

frame,idx,score,alpha,step_norm,z_coarse
2857,0,7.79196,0.65,step,-2
2857,1,10.762,0.8,step,-1
2857,2,11.1148,0.95,step,0
2857,3,9.77637,1.1,step,1
2857,4,8.72369,1.25,step,2

frame,idx,score,alpha,step_norm,z_coarse
2858,0,7.79633,0.65,step,-2
2858,1,10.7676,0.8,step,-1
2858,2,11.1144,0.95,step,0
2858,3,9.7738,1.1,step,1
2858,4,8.7209,1.25,step,2

frame,idx,score,alpha,step_norm,z_coarse
2859,0,7.79782,0.65,step,-2
2859,1,10.7642,0.8,step,-1
2859,2,11.1084,0.95,step,0
2859,3,9.76986,1.1,step,1
2859,4,8.71866,1.25,step,2

frame,idx,score,alpha,step_norm,z_coarse
2860,0,7.79654,0.65,step,-2
2860,1,10.76,0.8,step,-1
2860,2,11.0982,0.95,step,0
2860,3,9.76052,1.1,step,1
2860,4,8.71063,1.25,step,2

frame,idx,score,alpha,step_norm,z_coarse
2861,0,7.80141,0.65,step,-2
2861,1,10.768,0.8,step,-1
2861,2,11.1042,0.95,step,0
2861,3,9.76495,1.1,step,1
2861,4,8.71491,1.25,step,2

frame,idx,score,alpha,step_norm,z_coarse
2862,0,7.80627,0.65,step,-2
2862,1,10.7667,0.8,step,-1
2862,2,11.0966,0.95,step,0
2862,3,9.75733,1.1,step,1
2862,4,8.70832,1.25,step,2

frame,idx,score,alpha,step_norm,z_coarse
2863,0,7.805,0.65,step,-2
2863,1,10.7657,0.8,step,-1
2863,2,11.0947,0.95,step,0
2863,3,9.75825,1.1,step,1
2863,4,8.71037,1.25,step,2

frame,idx,score,alpha,step_norm,z_coarse
2864,0,7.80746,0.65,step,-2
2864,1,10.7666,0.8,step,-1
2864,2,11.093,0.95,step,0
2864,3,9.75476,1.1,step,1
2864,4,8.70763,1.25,step,2

frame,idx,score,alpha,step_norm,z_coarse
2865,0,7.80332,0.65,step,-2
2865,1,10.7668,0.8,step,-1
2865,2,11.1023,0.95,step,0
2865,3,9.76395,1.1,step,1
2865,4,8.71272,1.25,step,2

frame,idx,score,alpha,step_norm,z_coarse
2866,0,7.80354,0.65,step,-2
2866,1,10.7637,0.8,step,-1
2866,2,11.0936,0.95,step,0
2866,3,9.75587,1.1,step,1
2866,4,8.70785,1.25,step,2

frame,idx,score,alpha,step_norm,z_coarse
2867,0,7.80744,0.65,step,-2
2867,1,10.771,0.8,step,-1
2867,2,11.0991,0.95,step,0
2867,3,9.75889,1.1,step,1
2867,4,8.70914,1.25,step,2

frame,idx,score,alpha,step_norm,z_coarse
2868,0,7.80785,0.65,step,-2
2868,1,10.7668,0.8,step,-1
2868,2,11.0916,0.95,step,0
2868,3,9.75437,1.1,step,1
2868,4,8.70676,1.25,step,2

frame,idx,score,alpha,step_norm,z_coarse
2869,0,7.80547,0.65,step,-2
2869,1,10.7639,0.8,step,-1
2869,2,11.0894,0.95,step,0
2869,3,9.75365,1.1,step,1
2869,4,8.70836,1.25,step,2

frame,idx,score,alpha,step_norm,z_coarse
2870,0,7.81222,0.65,step,-2
2870,1,10.7657,0.8,step,-1
2870,2,11.0798,0.95,step,0
2870,3,9.74331,1.1,step,1
2870,4,8.69782,1.25,step,2

frame,idx,score,alpha,step_norm,z_coarse
2871,0,7.81674,0.65,step,-2
2871,1,10.7671,0.8,step,-1
2871,2,11.0791,0.95,step,0
2871,3,9.74412,1.1,step,1
2871,4,8.70119,1.25,step,2

frame,idx,score,alpha,step_norm,z_coarse
2872,0,7.81148,0.65,step,-2
2872,1,10.7637,0.8,step,-1
2872,2,11.0761,0.95,step,0
2872,3,9.74179,1.1,step,1
2872,4,8.69851,1.25,step,2

frame,idx,score,alpha,step_norm,z_coarse
2873,0,7.8102,0.65,step,-2
2873,1,10.7625,0.8,step,-1
2873,2,11.0768,0.95,step,0
2873,3,9.74362,1.1,step,1
2873,4,8.70077,1.25,step,2

frame,idx,score,alpha,step_norm,z_coarse
2874,0,7.82045,0.65,step,-2
2874,1,10.7684,0.8,step,-1
2874,2,11.0802,0.95,step,0
2874,3,9.74525,1.1,step,1
2874,4,8.70231,1.25,step,2

frame,idx,score,alpha,step_norm,z_coarse
2875,0,7.81205,0.65,step,-2
2875,1,10.7669,0.8,step,-1
2875,2,11.0888,0.95,step,0
2875,3,9.75486,1.1,step,1
2875,4,8.71047,1.25,step,2

frame,idx,score,alpha,step_norm,z_coarse
2876,0,7.81033,0.65,step,-2
2876,1,10.766,0.8,step,-1
2876,2,11.0802,0.95,step,0
2876,3,9.74164,1.1,step,1
2876,4,8.69584,1.25,step,2

frame,idx,score,alpha,step_norm,z_coarse
2877,0,7.81089,0.65,step,-2
2877,1,10.7639,0.8,step,-1
2877,2,11.0832,0.95,step,0
2877,3,9.75011,1.1,step,1
2877,4,8.70531,1.25,step,2

frame,idx,score,alpha,step_norm,z_coarse
2878,0,7.81562,0.65,step,-2
2878,1,10.7638,0.8,step,-1
2878,2,11.0728,0.95,step,0
2878,3,9.74187,1.1,step,1
2878,4,8.70294,1.25,step,2

frame,idx,score,alpha,step_norm,z_coarse
2879,0,7.81618,0.65,step,-2
2879,1,10.7632,0.8,step,-1
2879,2,11.0727,0.95,step,0
2879,3,9.74024,1.1,step,1
2879,4,8.69855,1.25,step,2

frame,idx,score,alpha,step_norm,z_coarse
2880,0,7.81358,0.65,step,-2
2880,1,10.7698,0.8,step,-1
2880,2,11.0796,0.95,step,0
2880,3,9.74139,1.1,step,1
2880,4,8.69575,1.25,step,2

frame,idx,score,alpha,step_norm,z_coarse
2881,0,7.81796,0.65,step,-2
2881,1,10.7731,0.8,step,-1
2881,2,11.0858,0.95,step,0
2881,3,9.75107,1.1,step,1
2881,4,8.70837,1.25,step,2

frame,idx,score,alpha,step_norm,z_coarse
2882,0,7.81699,0.65,step,-2
2882,1,10.77,0.8,step,-1
2882,2,11.0767,0.95,step,0
2882,3,9.74133,1.1,step,1
2882,4,8.69961,1.25,step,2

frame,idx,score,alpha,step_norm,z_coarse
2883,0,7.81335,0.65,step,-2
2883,1,10.767,0.8,step,-1
2883,2,11.0834,0.95,step,0
2883,3,9.75048,1.1,step,1
2883,4,8.70752,1.25,step,2

frame,idx,score,alpha,step_norm,z_coarse
2884,0,7.80842,0.65,step,-2
2884,1,10.7619,0.8,step,-1
2884,2,11.0789,0.95,step,0
2884,3,9.74526,1.1,step,1
2884,4,8.70153,1.25,step,2

frame,idx,score,alpha,step_norm,z_coarse
2885,0,7.81498,0.65,step,-2
2885,1,10.7664,0.8,step,-1
2885,2,11.0761,0.95,step,0
2885,3,9.7407,1.1,step,1
2885,4,8.69881,1.25,step,2

frame,idx,score,alpha,step_norm,z_coarse
2886,0,7.81144,0.65,step,-2
2886,1,10.7659,0.8,step,-1
2886,2,11.0831,0.95,step,0
2886,3,9.74835,1.1,step,1
2886,4,8.70448,1.25,step,2

frame,idx,score,alpha,step_norm,z_coarse
2887,0,7.81223,0.65,step,-2
2887,1,10.7629,0.8,step,-1
2887,2,11.0786,0.95,step,0
2887,3,9.74146,1.1,step,1
2887,4,8.69469,1.25,step,2

frame,idx,score,alpha,step_norm,z_coarse
2888,0,7.81559,0.65,step,-2
2888,1,10.7699,0.8,step,-1
2888,2,11.0806,0.95,step,0
2888,3,9.7439,1.1,step,1
2888,4,8.7002,1.25,step,2

frame,idx,score,alpha,step_norm,z_coarse
2889,0,7.80913,0.65,step,-2
2889,1,10.764,0.8,step,-1
2889,2,11.0816,0.95,step,0
2889,3,9.74683,1.1,step,1
2889,4,8.70313,1.25,step,2

frame,idx,score,alpha,step_norm,z_coarse
2890,0,7.80502,0.65,step,-2
2890,1,10.7574,0.8,step,-1
2890,2,11.0771,0.95,step,0
2890,3,9.74534,1.1,step,1
2890,4,8.70239,1.25,step,2

frame,idx,score,alpha,step_norm,z_coarse
2891,0,7.80955,0.65,step,-2
2891,1,10.7662,0.8,step,-1
2891,2,11.091,0.95,step,0
2891,3,9.7545,1.1,step,1
2891,4,8.70772,1.25,step,2

frame,idx,score,alpha,step_norm,z_coarse
2892,0,7.81239,0.65,step,-2
2892,1,10.7663,0.8,step,-1
2892,2,11.0874,0.95,step,0
2892,3,9.75292,1.1,step,1
2892,4,8.70769,1.25,step,2

frame,idx,score,alpha,step_norm,z_coarse
2893,0,7.80419,0.65,step,-2
2893,1,10.7625,0.8,step,-1
2893,2,11.0935,0.95,step,0
2893,3,9.75836,1.1,step,1
2893,4,8.71079,1.25,step,2

frame,idx,score,alpha,step_norm,z_coarse
2894,0,7.80634,0.65,step,-2
2894,1,10.7672,0.8,step,-1
2894,2,11.097,0.95,step,0
2894,3,9.75829,1.1,step,1
2894,4,8.70946,1.25,step,2

frame,idx,score,alpha,step_norm,z_coarse
2895,0,7.80318,0.65,step,-2
2895,1,10.7636,0.8,step,-1
2895,2,11.1004,0.95,step,0
2895,3,9.76392,1.1,step,1
2895,4,8.71352,1.25,step,2

frame,idx,score,alpha,step_norm,z_coarse
2896,0,7.80012,0.65,step,-2
2896,1,10.7598,0.8,step,-1
2896,2,11.093,0.95,step,0
2896,3,9.75684,1.1,step,1
2896,4,8.70835,1.25,step,2

frame,idx,score,alpha,step_norm,z_coarse
2897,0,7.80052,0.65,step,-2
2897,1,10.7637,0.8,step,-1
2897,2,11.1,0.95,step,0
2897,3,9.76319,1.1,step,1
2897,4,8.71332,1.25,step,2

frame,idx,score,alpha,step_norm,z_coarse
2898,0,7.8002,0.65,step,-2
2898,1,10.7588,0.8,step,-1
2898,2,11.094,0.95,step,0
2898,3,9.757,1.1,step,1
2898,4,8.70839,1.25,step,2

frame,idx,score,alpha,step_norm,z_coarse
2899,0,7.79982,0.65,step,-2
2899,1,10.7625,0.8,step,-1
2899,2,11.1018,0.95,step,0
2899,3,9.76574,1.1,step,1
2899,4,8.71597,1.25,step,2

frame,idx,score,alpha,step_norm,z_coarse
2900,0,7.80069,0.65,step,-2
2900,1,10.7644,0.8,step,-1
2900,2,11.1,0.95,step,0
2900,3,9.76277,1.1,step,1
2900,4,8.71367,1.25,step,2

frame,idx,score,alpha,step_norm,z_coarse
2901,0,7.79871,0.65,step,-2
2901,1,10.7647,0.8,step,-1
2901,2,11.1053,0.95,step,0
2901,3,9.76727,1.1,step,1
2901,4,8.71745,1.25,step,2

frame,idx,score,alpha,step_norm,z_coarse
2902,0,7.79848,0.65,step,-2
2902,1,10.765,0.8,step,-1
2902,2,11.1062,0.95,step,0
2902,3,9.76748,1.1,step,1
2902,4,8.71804,1.25,step,2

frame,idx,score,alpha,step_norm,z_coarse
2903,0,7.79639,0.65,step,-2
2903,1,10.7601,0.8,step,-1
2903,2,11.1019,0.95,step,0
2903,3,9.76641,1.1,step,1
2903,4,8.71836,1.25,step,2

frame,idx,score,alpha,step_norm,z_coarse
2904,0,7.7965,0.65,step,-2
2904,1,10.7618,0.8,step,-1
2904,2,11.1015,0.95,step,0
2904,3,9.76355,1.1,step,1
2904,4,8.71616,1.25,step,2

frame,idx,score,alpha,step_norm,z_coarse
2905,0,7.80332,0.65,step,-2
2905,1,10.7671,0.8,step,-1
2905,2,11.1059,0.95,step,0
2905,3,9.76856,1.1,step,1
2905,4,8.71771,1.25,step,2

frame,idx,score,alpha,step_norm,z_coarse
2906,0,7.79937,0.65,step,-2
2906,1,10.7628,0.8,step,-1
2906,2,11.1005,0.95,step,0
2906,3,9.76168,1.1,step,1
2906,4,8.71161,1.25,step,2

frame,idx,score,alpha,step_norm,z_coarse
2907,0,7.80324,0.65,step,-2
2907,1,10.7621,0.8,step,-1
2907,2,11.0942,0.95,step,0
2907,3,9.75792,1.1,step,1
2907,4,8.71111,1.25,step,2

frame,idx,score,alpha,step_norm,z_coarse
2908,0,7.8047,0.65,step,-2
2908,1,10.7656,0.8,step,-1
2908,2,11.1004,0.95,step,0
2908,3,9.7636,1.1,step,1
2908,4,8.71459,1.25,step,2

frame,idx,score,alpha,step_norm,z_coarse
2909,0,7.80657,0.65,step,-2
2909,1,10.7678,0.8,step,-1
2909,2,11.1042,0.95,step,0
2909,3,9.76731,1.1,step,1
2909,4,8.7181,1.25,step,2

frame,idx,score,alpha,step_norm,z_coarse
2910,0,7.80432,0.65,step,-2
2910,1,10.767,0.8,step,-1
2910,2,11.1016,0.95,step,0
2910,3,9.7622,1.1,step,1
2910,4,8.71281,1.25,step,2

frame,idx,score,alpha,step_norm,z_coarse
2911,0,7.79557,0.65,step,-2
2911,1,10.7599,0.8,step,-1
2911,2,11.1055,0.95,step,0
2911,3,9.76938,1.1,step,1
2911,4,8.71918,1.25,step,2

frame,idx,score,alpha,step_norm,z_coarse
2912,0,7.79247,0.65,step,-2
2912,1,10.7597,0.8,step,-1
2912,2,11.1097,0.95,step,0
2912,3,9.77326,1.1,step,1
2912,4,8.72096,1.25,step,2

frame,idx,score,alpha,step_norm,z_coarse
2913,0,7.79164,0.65,step,-2
2913,1,10.7581,0.8,step,-1
2913,2,11.1135,0.95,step,0
2913,3,9.77644,1.1,step,1
2913,4,8.72326,1.25,step,2

frame,idx,score,alpha,step_norm,z_coarse
2914,0,7.79012,0.65,step,-2
2914,1,10.7585,0.8,step,-1
2914,2,11.1111,0.95,step,0
2914,3,9.77466,1.1,step,1
2914,4,8.72423,1.25,step,2

frame,idx,score,alpha,step_norm,z_coarse
2915,0,7.78783,0.65,step,-2
2915,1,10.7606,0.8,step,-1
2915,2,11.1182,0.95,step,0
2915,3,9.77784,1.1,step,1
2915,4,8.72204,1.25,step,2

frame,idx,score,alpha,step_norm,z_coarse
2916,0,7.79196,0.65,step,-2
2916,1,10.7674,0.8,step,-1
2916,2,11.1152,0.95,step,0
2916,3,9.77401,1.1,step,1
2916,4,8.72256,1.25,step,2

frame,idx,score,alpha,step_norm,z_coarse
2917,0,7.78981,0.65,step,-2
2917,1,10.7605,0.8,step,-1
2917,2,11.12,0.95,step,0
2917,3,9.77918,1.1,step,1
2917,4,8.72339,1.25,step,2

frame,idx,score,alpha,step_norm,z_coarse
2918,0,7.79041,0.65,step,-2
2918,1,10.7643,0.8,step,-1
2918,2,11.1207,0.95,step,0
2918,3,9.77979,1.1,step,1
2918,4,8.725,1.25,step,2

frame,idx,score,alpha,step_norm,z_coarse
2919,0,7.79006,0.65,step,-2
2919,1,10.7632,0.8,step,-1
2919,2,11.1188,0.95,step,0
2919,3,9.78043,1.1,step,1
2919,4,8.729,1.25,step,2

frame,idx,score,alpha,step_norm,z_coarse
2920,0,7.78468,0.65,step,-2
2920,1,10.7595,0.8,step,-1
2920,2,11.119,0.95,step,0
2920,3,9.77805,1.1,step,1
2920,4,8.72329,1.25,step,2

frame,idx,score,alpha,step_norm,z_coarse
2921,0,7.78424,0.65,step,-2
2921,1,10.7553,0.8,step,-1
2921,2,11.1198,0.95,step,0
2921,3,9.77856,1.1,step,1
2921,4,8.72235,1.25,step,2

frame,idx,score,alpha,step_norm,z_coarse
2922,0,7.78425,0.65,step,-2
2922,1,10.761,0.8,step,-1
2922,2,11.125,0.95,step,0
2922,3,9.784,1.1,step,1
2922,4,8.72879,1.25,step,2

frame,idx,score,alpha,step_norm,z_coarse
2923,0,7.78584,0.65,step,-2
2923,1,10.76,0.8,step,-1
2923,2,11.1272,0.95,step,0
2923,3,9.78837,1.1,step,1
2923,4,8.7332,1.25,step,2

frame,idx,score,alpha,step_norm,z_coarse
2924,0,7.78398,0.65,step,-2
2924,1,10.7581,0.8,step,-1
2924,2,11.125,0.95,step,0
2924,3,9.78672,1.1,step,1
2924,4,8.72958,1.25,step,2

frame,idx,score,alpha,step_norm,z_coarse
2925,0,7.77962,0.65,step,-2
2925,1,10.7574,0.8,step,-1
2925,2,11.123,0.95,step,0
2925,3,9.78378,1.1,step,1
2925,4,8.72993,1.25,step,2

frame,idx,score,alpha,step_norm,z_coarse
2926,0,7.7805,0.65,step,-2
2926,1,10.758,0.8,step,-1
2926,2,11.1262,0.95,step,0
2926,3,9.78714,1.1,step,1
2926,4,8.73256,1.25,step,2

frame,idx,score,alpha,step_norm,z_coarse
2927,0,7.77637,0.65,step,-2
2927,1,10.7588,0.8,step,-1
2927,2,11.1307,0.95,step,0
2927,3,9.78963,1.1,step,1
2927,4,8.73226,1.25,step,2

frame,idx,score,alpha,step_norm,z_coarse
2928,0,7.78536,0.65,step,-2
2928,1,10.7627,0.8,step,-1
2928,2,11.1336,0.95,step,0
2928,3,9.79365,1.1,step,1
2928,4,8.73659,1.25,step,2

frame,idx,score,alpha,step_norm,z_coarse
2929,0,7.78141,0.65,step,-2
2929,1,10.7603,0.8,step,-1
2929,2,11.131,0.95,step,0
2929,3,9.78847,1.1,step,1
2929,4,8.73026,1.25,step,2

frame,idx,score,alpha,step_norm,z_coarse
2930,0,7.78389,0.65,step,-2
2930,1,10.7632,0.8,step,-1
2930,2,11.1318,0.95,step,0
2930,3,9.78995,1.1,step,1
2930,4,8.73406,1.25,step,2

frame,idx,score,alpha,step_norm,z_coarse
2931,0,7.78218,0.65,step,-2
2931,1,10.7589,0.8,step,-1
2931,2,11.1305,0.95,step,0
2931,3,9.79006,1.1,step,1
2931,4,8.73198,1.25,step,2

frame,idx,score,alpha,step_norm,z_coarse
2932,0,7.78157,0.65,step,-2
2932,1,10.761,0.8,step,-1
2932,2,11.1307,0.95,step,0
2932,3,9.78799,1.1,step,1
2932,4,8.73065,1.25,step,2

frame,idx,score,alpha,step_norm,z_coarse
2933,0,7.78208,0.65,step,-2
2933,1,10.7568,0.8,step,-1
2933,2,11.1225,0.95,step,0
2933,3,9.78077,1.1,step,1
2933,4,8.7241,1.25,step,2

frame,idx,score,alpha,step_norm,z_coarse
2934,0,7.78244,0.65,step,-2
2934,1,10.7632,0.8,step,-1
2934,2,11.1339,0.95,step,0
2934,3,9.79172,1.1,step,1
2934,4,8.73531,1.25,step,2

frame,idx,score,alpha,step_norm,z_coarse
2935,0,7.77785,0.65,step,-2
2935,1,10.7598,0.8,step,-1
2935,2,11.1403,0.95,step,0
2935,3,9.79725,1.1,step,1
2935,4,8.73724,1.25,step,2

frame,idx,score,alpha,step_norm,z_coarse
2936,0,7.77983,0.65,step,-2
2936,1,10.7637,0.8,step,-1
2936,2,11.1397,0.95,step,0
2936,3,9.79361,1.1,step,1
2936,4,8.73153,1.25,step,2

frame,idx,score,alpha,step_norm,z_coarse
2937,0,7.78282,0.65,step,-2
2937,1,10.7631,0.8,step,-1
2937,2,11.136,0.95,step,0
2937,3,9.79469,1.1,step,1
2937,4,8.73743,1.25,step,2

frame,idx,score,alpha,step_norm,z_coarse
2938,0,7.78358,0.65,step,-2
2938,1,10.7619,0.8,step,-1
2938,2,11.1328,0.95,step,0
2938,3,9.79113,1.1,step,1
2938,4,8.73333,1.25,step,2

frame,idx,score,alpha,step_norm,z_coarse
2939,0,7.78136,0.65,step,-2
2939,1,10.7628,0.8,step,-1
2939,2,11.1292,0.95,step,0
2939,3,9.78436,1.1,step,1
2939,4,8.72596,1.25,step,2

frame,idx,score,alpha,step_norm,z_coarse
2940,0,7.78511,0.65,step,-2
2940,1,10.7651,0.8,step,-1
2940,2,11.132,0.95,step,0
2940,3,9.78917,1.1,step,1
2940,4,8.73065,1.25,step,2

frame,idx,score,alpha,step_norm,z_coarse
2941,0,7.78154,0.65,step,-2
2941,1,10.7625,0.8,step,-1
2941,2,11.1305,0.95,step,0
2941,3,9.79012,1.1,step,1
2941,4,8.73372,1.25,step,2

frame,idx,score,alpha,step_norm,z_coarse
2942,0,7.78326,0.65,step,-2
2942,1,10.7579,0.8,step,-1
2942,2,11.1255,0.95,step,0
2942,3,9.78744,1.1,step,1
2942,4,8.73118,1.25,step,2

frame,idx,score,alpha,step_norm,z_coarse
2943,0,7.78341,0.65,step,-2
2943,1,10.7617,0.8,step,-1
2943,2,11.1242,0.95,step,0
2943,3,9.78232,1.1,step,1
2943,4,8.7259,1.25,step,2

frame,idx,score,alpha,step_norm,z_coarse
2944,0,7.78743,0.65,step,-2
2944,1,10.761,0.8,step,-1
2944,2,11.1139,0.95,step,0
2944,3,9.77444,1.1,step,1
2944,4,8.72249,1.25,step,2

frame,idx,score,alpha,step_norm,z_coarse
2945,0,7.79202,0.65,step,-2
2945,1,10.7609,0.8,step,-1
2945,2,11.1132,0.95,step,0
2945,3,9.77432,1.1,step,1
2945,4,8.72167,1.25,step,2

frame,idx,score,alpha,step_norm,z_coarse
2946,0,7.79924,0.65,step,-2
2946,1,10.7618,0.8,step,-1
2946,2,11.103,0.95,step,0
2946,3,9.76594,1.1,step,1
2946,4,8.71583,1.25,step,2

frame,idx,score,alpha,step_norm,z_coarse
2947,0,7.79727,0.65,step,-2
2947,1,10.7593,0.8,step,-1
2947,2,11.0995,0.95,step,0
2947,3,9.76415,1.1,step,1
2947,4,8.71623,1.25,step,2

frame,idx,score,alpha,step_norm,z_coarse
2948,0,7.79561,0.65,step,-2
2948,1,10.7545,0.8,step,-1
2948,2,11.0951,0.95,step,0
2948,3,9.76108,1.1,step,1
2948,4,8.71184,1.25,step,2

frame,idx,score,alpha,step_norm,z_coarse
2949,0,7.80478,0.65,step,-2
2949,1,10.7647,0.8,step,-1
2949,2,11.0975,0.95,step,0
2949,3,9.75923,1.1,step,1
2949,4,8.71048,1.25,step,2

frame,idx,score,alpha,step_norm,z_coarse
2950,0,7.7999,0.65,step,-2
2950,1,10.7588,0.8,step,-1
2950,2,11.0913,0.95,step,0
2950,3,9.75554,1.1,step,1
2950,4,8.70891,1.25,step,2

frame,idx,score,alpha,step_norm,z_coarse
2951,0,7.80065,0.65,step,-2
2951,1,10.7567,0.8,step,-1
2951,2,11.0888,0.95,step,0
2951,3,9.75398,1.1,step,1
2951,4,8.70735,1.25,step,2

frame,idx,score,alpha,step_norm,z_coarse
2952,0,7.80435,0.65,step,-2
2952,1,10.7614,0.8,step,-1
2952,2,11.0939,0.95,step,0
2952,3,9.76236,1.1,step,1
2952,4,8.71596,1.25,step,2

frame,idx,score,alpha,step_norm,z_coarse
2953,0,7.80741,0.65,step,-2
2953,1,10.7609,0.8,step,-1
2953,2,11.0854,0.95,step,0
2953,3,9.75116,1.1,step,1
2953,4,8.7058,1.25,step,2

frame,idx,score,alpha,step_norm,z_coarse
2954,0,7.80779,0.65,step,-2
2954,1,10.7613,0.8,step,-1
2954,2,11.0807,0.95,step,0
2954,3,9.7479,1.1,step,1
2954,4,8.7054,1.25,step,2

frame,idx,score,alpha,step_norm,z_coarse
2955,0,7.81418,0.65,step,-2
2955,1,10.7572,0.8,step,-1
2955,2,11.0709,0.95,step,0
2955,3,9.74292,1.1,step,1
2955,4,8.7033,1.25,step,2

frame,idx,score,alpha,step_norm,z_coarse
2956,0,7.8163,0.65,step,-2
2956,1,10.7581,0.8,step,-1
2956,2,11.064,0.95,step,0
2956,3,9.73372,1.1,step,1
2956,4,8.69465,1.25,step,2

frame,idx,score,alpha,step_norm,z_coarse
2957,0,7.81642,0.65,step,-2
2957,1,10.7606,0.8,step,-1
2957,2,11.0667,0.95,step,0
2957,3,9.73378,1.1,step,1
2957,4,8.69333,1.25,step,2

frame,idx,score,alpha,step_norm,z_coarse
2958,0,7.81986,0.65,step,-2
2958,1,10.7619,0.8,step,-1
2958,2,11.0702,0.95,step,0
2958,3,9.73922,1.1,step,1
2958,4,8.70073,1.25,step,2

frame,idx,score,alpha,step_norm,z_coarse
2959,0,7.82504,0.65,step,-2
2959,1,10.7662,0.8,step,-1
2959,2,11.0646,0.95,step,0
2959,3,9.73562,1.1,step,1
2959,4,8.69762,1.25,step,2

frame,idx,score,alpha,step_norm,z_coarse
2960,0,7.82543,0.65,step,-2
2960,1,10.7581,0.8,step,-1
2960,2,11.0511,0.95,step,0
2960,3,9.72379,1.1,step,1
2960,4,8.68827,1.25,step,2

frame,idx,score,alpha,step_norm,z_coarse
2961,0,7.82435,0.65,step,-2
2961,1,10.761,0.8,step,-1
2961,2,11.0503,0.95,step,0
2961,3,9.72236,1.1,step,1
2961,4,8.68804,1.25,step,2

frame,idx,score,alpha,step_norm,z_coarse
2962,0,7.82506,0.65,step,-2
2962,1,10.7583,0.8,step,-1
2962,2,11.0482,0.95,step,0
2962,3,9.72216,1.1,step,1
2962,4,8.68831,1.25,step,2

frame,idx,score,alpha,step_norm,z_coarse
2963,0,7.8275,0.65,step,-2
2963,1,10.7574,0.8,step,-1
2963,2,11.0435,0.95,step,0
2963,3,9.71751,1.1,step,1
2963,4,8.68338,1.25,step,2

frame,idx,score,alpha,step_norm,z_coarse
2964,0,7.83214,0.65,step,-2
2964,1,10.758,0.8,step,-1
2964,2,11.0318,0.95,step,0
2964,3,9.70601,1.1,step,1
2964,4,8.67531,1.25,step,2

frame,idx,score,alpha,step_norm,z_coarse
2965,0,7.83242,0.65,step,-2
2965,1,10.7565,0.8,step,-1
2965,2,11.031,0.95,step,0
2965,3,9.70542,1.1,step,1
2965,4,8.67298,1.25,step,2

frame,idx,score,alpha,step_norm,z_coarse
2966,0,7.83363,0.65,step,-2
2966,1,10.7588,0.8,step,-1
2966,2,11.0342,0.95,step,0
2966,3,9.70931,1.1,step,1
2966,4,8.67769,1.25,step,2

frame,idx,score,alpha,step_norm,z_coarse
2967,0,7.83133,0.65,step,-2
2967,1,10.7585,0.8,step,-1
2967,2,11.0386,0.95,step,0
2967,3,9.71516,1.1,step,1
2967,4,8.68462,1.25,step,2

frame,idx,score,alpha,step_norm,z_coarse
2968,0,7.81332,0.65,step,-2
2968,1,10.7552,0.8,step,-1
2968,2,11.0652,0.95,step,0
2968,3,9.73807,1.1,step,1
2968,4,8.69987,1.25,step,2

frame,idx,score,alpha,step_norm,z_coarse
2969,0,7.80578,0.65,step,-2
2969,1,10.7512,0.8,step,-1
2969,2,11.0669,0.95,step,0
2969,3,9.73607,1.1,step,1
2969,4,8.69554,1.25,step,2

frame,idx,score,alpha,step_norm,z_coarse
2970,0,7.79813,0.65,step,-2
2970,1,10.7483,0.8,step,-1
2970,2,11.0842,0.95,step,0
2970,3,9.75615,1.1,step,1
2970,4,8.71257,1.25,step,2

frame,idx,score,alpha,step_norm,z_coarse
2971,0,7.76877,0.65,step,-2
2971,1,10.7425,0.8,step,-1
2971,2,11.1173,0.95,step,0
2971,3,9.78408,1.1,step,1
2971,4,8.73112,1.25,step,2

frame,idx,score,alpha,step_norm,z_coarse
2972,0,7.76256,0.65,step,-2
2972,1,10.7473,0.8,step,-1
2972,2,11.1462,0.95,step,0
2972,3,9.81014,1.1,step,1
2972,4,8.75188,1.25,step,2

frame,idx,score,alpha,step_norm,z_coarse
2973,0,7.73579,0.65,step,-2
2973,1,10.7351,0.8,step,-1
2973,2,11.1707,0.95,step,0
2973,3,9.8294,1.1,step,1
2973,4,8.76093,1.25,step,2

frame,idx,score,alpha,step_norm,z_coarse
2974,0,7.73103,0.65,step,-2
2974,1,10.7342,0.8,step,-1
2974,2,11.1783,0.95,step,0
2974,3,9.83712,1.1,step,1
2974,4,8.76817,1.25,step,2

frame,idx,score,alpha,step_norm,z_coarse
2975,0,7.70808,0.65,step,-2
2975,1,10.7174,0.8,step,-1
2975,2,11.1998,0.95,step,0
2975,3,9.85859,1.1,step,1
2975,4,8.78326,1.25,step,2

frame,idx,score,alpha,step_norm,z_coarse
2976,0,7.68075,0.65,step,-2
2976,1,10.7159,0.8,step,-1
2976,2,11.2521,0.95,step,0
2976,3,9.90393,1.1,step,1
2976,4,8.8134,1.25,step,2

frame,idx,score,alpha,step_norm,z_coarse
2977,0,7.66516,0.65,step,-2
2977,1,10.7074,0.8,step,-1
2977,2,11.2644,0.95,step,0
2977,3,9.91289,1.1,step,1
2977,4,8.81843,1.25,step,2

frame,idx,score,alpha,step_norm,z_coarse
2978,0,7.63114,0.65,step,-2
2978,1,10.6883,0.8,step,-1
2978,2,11.3028,0.95,step,0
2978,3,9.95313,1.1,step,1
2978,4,8.84857,1.25,step,2

frame,idx,score,alpha,step_norm,z_coarse
2979,0,7.61376,0.65,step,-2
2979,1,10.6783,0.8,step,-1
2979,2,11.3102,0.95,step,0
2979,3,9.9581,1.1,step,1
2979,4,8.85194,1.25,step,2

frame,idx,score,alpha,step_norm,z_coarse
2980,0,7.59993,0.65,step,-2
2980,1,10.6722,0.8,step,-1
2980,2,11.3355,0.95,step,0
2980,3,9.98071,1.1,step,1
2980,4,8.86654,1.25,step,2

frame,idx,score,alpha,step_norm,z_coarse
2981,0,7.56762,0.65,step,-2
2981,1,10.6533,0.8,step,-1
2981,2,11.3705,0.95,step,0
2981,3,10.0116,1.1,step,1
2981,4,8.88387,1.25,step,2

frame,idx,score,alpha,step_norm,z_coarse
2982,0,7.54146,0.65,step,-2
2982,1,10.6322,0.8,step,-1
2982,2,11.3912,0.95,step,0
2982,3,10.0321,1.1,step,1
2982,4,8.89725,1.25,step,2

frame,idx,score,alpha,step_norm,z_coarse
2983,0,7.52258,0.65,step,-2
2983,1,10.6175,0.8,step,-1
2983,2,11.4039,0.95,step,0
2983,3,10.0443,1.1,step,1
2983,4,8.90338,1.25,step,2

frame,idx,score,alpha,step_norm,z_coarse
2984,0,7.50422,0.65,step,-2
2984,1,10.6113,0.8,step,-1
2984,2,11.423,0.95,step,0
2984,3,10.0624,1.1,step,1
2984,4,8.91817,1.25,step,2

frame,idx,score,alpha,step_norm,z_coarse
2985,0,7.45638,0.65,step,-2
2985,1,10.5566,0.8,step,-1
2985,2,11.4393,0.95,step,0
2985,3,10.091,1.1,step,1
2985,4,8.94059,1.25,step,2

frame,idx,score,alpha,step_norm,z_coarse
2986,0,7.41828,0.65,step,-2
2986,1,10.5098,0.8,step,-1
2986,2,11.4464,0.95,step,0
2986,3,10.1054,1.1,step,1
2986,4,8.94717,1.25,step,2

frame,idx,score,alpha,step_norm,z_coarse
2987,0,7.38821,0.65,step,-2
2987,1,10.4734,0.8,step,-1
2987,2,11.4592,0.95,step,0
2987,3,10.1282,1.1,step,1
2987,4,8.96543,1.25,step,2

frame,idx,score,alpha,step_norm,z_coarse
2988,0,7.36553,0.65,step,-2
2988,1,10.4527,0.8,step,-1
2988,2,11.4646,0.95,step,0
2988,3,10.1361,1.1,step,1
2988,4,8.969,1.25,step,2

frame,idx,score,alpha,step_norm,z_coarse
2989,0,7.35028,0.65,step,-2
2989,1,10.4281,0.8,step,-1
2989,2,11.4667,0.95,step,0
2989,3,10.1469,1.1,step,1
2989,4,8.9778,1.25,step,2

frame,idx,score,alpha,step_norm,z_coarse
2990,0,7.33729,0.65,step,-2
2990,1,10.4147,0.8,step,-1
2990,2,11.4601,0.95,step,0
2990,3,10.1417,1.1,step,1
2990,4,8.97372,1.25,step,2

frame,idx,score,alpha,step_norm,z_coarse
2991,0,7.3102,0.65,step,-2
2991,1,10.3757,0.8,step,-1
2991,2,11.4608,0.95,step,0
2991,3,10.1559,1.1,step,1
2991,4,8.98548,1.25,step,2

frame,idx,score,alpha,step_norm,z_coarse
2992,0,7.29339,0.65,step,-2
2992,1,10.3535,0.8,step,-1
2992,2,11.4599,0.95,step,0
2992,3,10.1591,1.1,step,1
2992,4,8.98757,1.25,step,2

frame,idx,score,alpha,step_norm,z_coarse
2993,0,7.27621,0.65,step,-2
2993,1,10.3327,0.8,step,-1
2993,2,11.4631,0.95,step,0
2993,3,10.168,1.1,step,1
2993,4,8.99403,1.25,step,2

frame,idx,score,alpha,step_norm,z_coarse
2994,0,7.26932,0.65,step,-2
2994,1,10.3231,0.8,step,-1
2994,2,11.4677,0.95,step,0
2994,3,10.1795,1.1,step,1
2994,4,9.00547,1.25,step,2

frame,idx,score,alpha,step_norm,z_coarse
2995,0,7.25826,0.65,step,-2
2995,1,10.309,0.8,step,-1
2995,2,11.4645,0.95,step,0
2995,3,10.1784,1.1,step,1
2995,4,9.00358,1.25,step,2

frame,idx,score,alpha,step_norm,z_coarse
2996,0,7.23723,0.65,step,-2
2996,1,10.281,0.8,step,-1
2996,2,11.4556,0.95,step,0
2996,3,10.1756,1.1,step,1
2996,4,9.00403,1.25,step,2

frame,idx,score,alpha,step_norm,z_coarse
2997,0,7.22003,0.65,step,-2
2997,1,10.2551,0.8,step,-1
2997,2,11.452,0.95,step,0
2997,3,10.1831,1.1,step,1
2997,4,9.01172,1.25,step,2

frame,idx,score,alpha,step_norm,z_coarse
2998,0,7.20311,0.65,step,-2
2998,1,10.2333,0.8,step,-1
2998,2,11.4528,0.95,step,0
2998,3,10.1925,1.1,step,1
2998,4,9.02035,1.25,step,2

frame,idx,score,alpha,step_norm,z_coarse
2999,0,7.19473,0.65,step,-2
2999,1,10.2164,0.8,step,-1
2999,2,11.4463,0.95,step,0
2999,3,10.1937,1.1,step,1
2999,4,9.02319,1.25,step,2

frame,idx,score,alpha,step_norm,z_coarse
3000,0,7.16838,0.65,step,-2
3000,1,10.1827,0.8,step,-1
3000,2,11.4402,0.95,step,0
3000,3,10.1968,1.1,step,1
3000,4,9.0266,1.25,step,2

frame,idx,score,alpha,step_norm,z_coarse
3001,0,7.15427,0.65,step,-2
3001,1,10.1641,0.8,step,-1
3001,2,11.4457,0.95,step,0
3001,3,10.2097,1.1,step,1
3001,4,9.03933,1.25,step,2

frame,idx,score,alpha,step_norm,z_coarse
3002,0,7.13267,0.65,step,-2
3002,1,10.1289,0.8,step,-1
3002,2,11.4258,0.95,step,0
3002,3,10.206,1.1,step,1
3002,4,9.0422,1.25,step,2

frame,idx,score,alpha,step_norm,z_coarse
3003,0,7.10612,0.65,step,-2
3003,1,10.0875,0.8,step,-1
3003,2,11.4179,0.95,step,0
3003,3,10.2145,1.1,step,1
3003,4,9.05224,1.25,step,2

frame,idx,score,alpha,step_norm,z_coarse
3004,0,7.06037,0.65,step,-2
3004,1,10.0174,0.8,step,-1
3004,2,11.3966,0.95,step,0
3004,3,10.2248,1.1,step,1
3004,4,9.06867,1.25,step,2

frame,idx,score,alpha,step_norm,z_coarse
3005,0,7.05181,0.65,step,-2
3005,1,10.0022,0.8,step,-1
3005,2,11.3927,0.95,step,0
3005,3,10.2276,1.1,step,1
3005,4,9.07388,1.25,step,2

frame,idx,score,alpha,step_norm,z_coarse
3006,0,6.97503,0.65,step,-2
3006,1,9.88528,0.8,step,-1
3006,2,11.356,0.95,step,0
3006,3,10.2434,1.1,step,1
3006,4,9.10034,1.25,step,2

frame,idx,score,alpha,step_norm,z_coarse
3007,0,6.93061,0.65,step,-2
3007,1,9.81878,0.8,step,-1
3007,2,11.3324,0.95,step,0
3007,3,10.2516,1.1,step,1
3007,4,9.11765,1.25,step,2

frame,idx,score,alpha,step_norm,z_coarse
3008,0,6.89909,0.65,step,-2
3008,1,9.76983,0.8,step,-1
3008,2,11.3131,0.95,step,0
3008,3,10.2584,1.1,step,1
3008,4,9.13301,1.25,step,2

frame,idx,score,alpha,step_norm,z_coarse
3009,0,6.85903,0.65,step,-2
3009,1,9.70186,0.8,step,-1
3009,2,11.2842,0.95,step,0
3009,3,10.2616,1.1,step,1
3009,4,9.14822,1.25,step,2

frame,idx,score,alpha,step_norm,z_coarse
3010,0,6.85126,0.65,step,-2
3010,1,9.69362,0.8,step,-1
3010,2,11.288,0.95,step,0
3010,3,10.2722,1.1,step,1
3010,4,9.15874,1.25,step,2

frame,idx,score,alpha,step_norm,z_coarse
3011,0,6.84551,0.65,step,-2
3011,1,9.68837,0.8,step,-1
3011,2,11.2862,0.95,step,0
3011,3,10.2732,1.1,step,1
3011,4,9.16056,1.25,step,2

frame,idx,score,alpha,step_norm,z_coarse
3012,0,6.84275,0.65,step,-2
3012,1,9.67988,0.8,step,-1
3012,2,11.2781,0.95,step,0
3012,3,10.2715,1.1,step,1
3012,4,9.1635,1.25,step,2

frame,idx,score,alpha,step_norm,z_coarse
3013,0,6.834,0.65,step,-2
3013,1,9.66784,0.8,step,-1
3013,2,11.2773,0.95,step,0
3013,3,10.2767,1.1,step,1
3013,4,9.16899,1.25,step,2

frame,idx,score,alpha,step_norm,z_coarse
3014,0,6.81474,0.65,step,-2
3014,1,9.63693,0.8,step,-1
3014,2,11.2668,0.95,step,0
3014,3,10.2831,1.1,step,1
3014,4,9.18205,1.25,step,2

frame,idx,score,alpha,step_norm,z_coarse
3015,0,6.80393,0.65,step,-2
3015,1,9.62272,0.8,step,-1
3015,2,11.2567,0.95,step,0
3015,3,10.2759,1.1,step,1
3015,4,9.17473,1.25,step,2

frame,idx,score,alpha,step_norm,z_coarse
3016,0,6.80212,0.65,step,-2
3016,1,9.61908,0.8,step,-1
3016,2,11.2575,0.95,step,0
3016,3,10.2809,1.1,step,1
3016,4,9.18041,1.25,step,2

frame,idx,score,alpha,step_norm,z_coarse
3017,0,6.80536,0.65,step,-2
3017,1,9.62303,0.8,step,-1
3017,2,11.2637,0.95,step,0
3017,3,10.2864,1.1,step,1
3017,4,9.18498,1.25,step,2

frame,idx,score,alpha,step_norm,z_coarse
3018,0,6.80879,0.65,step,-2
3018,1,9.6262,0.8,step,-1
3018,2,11.2656,0.95,step,0
3018,3,10.2845,1.1,step,1
3018,4,9.18123,1.25,step,2

frame,idx,score,alpha,step_norm,z_coarse
3019,0,6.79587,0.65,step,-2
3019,1,9.60794,0.8,step,-1
3019,2,11.2541,0.95,step,0
3019,3,10.2858,1.1,step,1
3019,4,9.18867,1.25,step,2

frame,idx,score,alpha,step_norm,z_coarse
3020,0,6.79305,0.65,step,-2
3020,1,9.60342,0.8,step,-1
3020,2,11.2509,0.95,step,0
3020,3,10.2838,1.1,step,1
3020,4,9.18747,1.25,step,2

frame,idx,score,alpha,step_norm,z_coarse
3021,0,6.79821,0.65,step,-2
3021,1,9.60876,0.8,step,-1
3021,2,11.2578,0.95,step,0
3021,3,10.2871,1.1,step,1
3021,4,9.18701,1.25,step,2

frame,idx,score,alpha,step_norm,z_coarse
3022,0,6.79307,0.65,step,-2
3022,1,9.60468,0.8,step,-1
3022,2,11.2534,0.95,step,0
3022,3,10.2882,1.1,step,1
3022,4,9.19322,1.25,step,2

frame,idx,score,alpha,step_norm,z_coarse
3023,0,6.78835,0.65,step,-2
3023,1,9.5947,0.8,step,-1
3023,2,11.2491,0.95,step,0
3023,3,10.2859,1.1,step,1
3023,4,9.18906,1.25,step,2

frame,idx,score,alpha,step_norm,z_coarse
3024,0,6.7884,0.65,step,-2
3024,1,9.59407,0.8,step,-1
3024,2,11.2494,0.95,step,0
3024,3,10.2873,1.1,step,1
3024,4,9.19206,1.25,step,2

frame,idx,score,alpha,step_norm,z_coarse
3025,0,6.78475,0.65,step,-2
3025,1,9.59209,0.8,step,-1
3025,2,11.2507,0.95,step,0
3025,3,10.2878,1.1,step,1
3025,4,9.19001,1.25,step,2

frame,idx,score,alpha,step_norm,z_coarse
3026,0,6.78381,0.65,step,-2
3026,1,9.58883,0.8,step,-1
3026,2,11.2488,0.95,step,0
3026,3,10.2899,1.1,step,1
3026,4,9.1957,1.25,step,2

frame,idx,score,alpha,step_norm,z_coarse
3027,0,6.77725,0.65,step,-2
3027,1,9.58099,0.8,step,-1
3027,2,11.2435,0.95,step,0
3027,3,10.2888,1.1,step,1
3027,4,9.19683,1.25,step,2

frame,idx,score,alpha,step_norm,z_coarse
3028,0,6.77335,0.65,step,-2
3028,1,9.57054,0.8,step,-1
3028,2,11.2402,0.95,step,0
3028,3,10.2931,1.1,step,1
3028,4,9.20306,1.25,step,2

frame,idx,score,alpha,step_norm,z_coarse
3029,0,6.76141,0.65,step,-2
3029,1,9.55645,0.8,step,-1
3029,2,11.2319,0.95,step,0
3029,3,10.2922,1.1,step,1
3029,4,9.20585,1.25,step,2

frame,idx,score,alpha,step_norm,z_coarse
3030,0,6.75915,0.65,step,-2
3030,1,9.55182,0.8,step,-1
3030,2,11.2385,0.95,step,0
3030,3,10.303,1.1,step,1
3030,4,9.21565,1.25,step,2

frame,idx,score,alpha,step_norm,z_coarse
3031,0,6.74682,0.65,step,-2
3031,1,9.53218,0.8,step,-1
3031,2,11.2262,0.95,step,0
3031,3,10.2987,1.1,step,1
3031,4,9.21473,1.25,step,2

frame,idx,score,alpha,step_norm,z_coarse
3032,0,6.73456,0.65,step,-2
3032,1,9.51381,0.8,step,-1
3032,2,11.2156,0.95,step,0
3032,3,10.2996,1.1,step,1
3032,4,9.22049,1.25,step,2

frame,idx,score,alpha,step_norm,z_coarse
3033,0,6.73411,0.65,step,-2
3033,1,9.50891,0.8,step,-1
3033,2,11.2184,0.95,step,0
3033,3,10.3054,1.1,step,1
3033,4,9.22655,1.25,step,2

frame,idx,score,alpha,step_norm,z_coarse
3034,0,6.71265,0.65,step,-2
3034,1,9.47778,0.8,step,-1
3034,2,11.2086,0.95,step,0
3034,3,10.3158,1.1,step,1
3034,4,9.24253,1.25,step,2

frame,idx,score,alpha,step_norm,z_coarse
3035,0,6.68726,0.65,step,-2
3035,1,9.43821,0.8,step,-1
3035,2,11.1909,0.95,step,0
3035,3,10.3219,1.1,step,1
3035,4,9.25757,1.25,step,2

frame,idx,score,alpha,step_norm,z_coarse
3036,0,6.66676,0.65,step,-2
3036,1,9.41275,0.8,step,-1
3036,2,11.1889,0.95,step,0
3036,3,10.3353,1.1,step,1
3036,4,9.27549,1.25,step,2

frame,idx,score,alpha,step_norm,z_coarse
3037,0,6.65597,0.65,step,-2
3037,1,9.39329,0.8,step,-1
3037,2,11.1757,0.95,step,0
3037,3,10.3327,1.1,step,1
3037,4,9.27696,1.25,step,2

frame,idx,score,alpha,step_norm,z_coarse
3038,0,6.64203,0.65,step,-2
3038,1,9.36919,0.8,step,-1
3038,2,11.1749,0.95,step,0
3038,3,10.3509,1.1,step,1
3038,4,9.2999,1.25,step,2

frame,idx,score,alpha,step_norm,z_coarse
3039,0,6.62846,0.65,step,-2
3039,1,9.34629,0.8,step,-1
3039,2,11.157,0.95,step,0
3039,3,10.3465,1.1,step,1
3039,4,9.3037,1.25,step,2

frame,idx,score,alpha,step_norm,z_coarse
3040,0,6.62054,0.65,step,-2
3040,1,9.33977,0.8,step,-1
3040,2,11.1638,0.95,step,0
3040,3,10.3579,1.1,step,1
3040,4,9.31336,1.25,step,2

frame,idx,score,alpha,step_norm,z_coarse
3041,0,6.61177,0.65,step,-2
3041,1,9.32608,0.8,step,-1
3041,2,11.1598,0.95,step,0
3041,3,10.3625,1.1,step,1
3041,4,9.32195,1.25,step,2

frame,idx,score,alpha,step_norm,z_coarse
3042,0,6.60291,0.65,step,-2
3042,1,9.308,0.8,step,-1
3042,2,11.1504,0.95,step,0
3042,3,10.363,1.1,step,1
3042,4,9.32479,1.25,step,2

frame,idx,score,alpha,step_norm,z_coarse
3043,0,6.59356,0.65,step,-2
3043,1,9.29422,0.8,step,-1
3043,2,11.1418,0.95,step,0
3043,3,10.3634,1.1,step,1
3043,4,9.32864,1.25,step,2

frame,idx,score,alpha,step_norm,z_coarse
3044,0,6.58806,0.65,step,-2
3044,1,9.28824,0.8,step,-1
3044,2,11.1424,0.95,step,0
3044,3,10.367,1.1,step,1
3044,4,9.33528,1.25,step,2

frame,idx,score,alpha,step_norm,z_coarse
3045,0,6.58512,0.65,step,-2
3045,1,9.28007,0.8,step,-1
3045,2,11.1396,0.95,step,0
3045,3,10.3685,1.1,step,1
3045,4,9.33713,1.25,step,2

frame,idx,score,alpha,step_norm,z_coarse
3046,0,6.58352,0.65,step,-2
3046,1,9.28254,0.8,step,-1
3046,2,11.1414,0.95,step,0
3046,3,10.3696,1.1,step,1
3046,4,9.33688,1.25,step,2

frame,idx,score,alpha,step_norm,z_coarse
3047,0,6.5813,0.65,step,-2
3047,1,9.27689,0.8,step,-1
3047,2,11.1406,0.95,step,0
3047,3,10.3747,1.1,step,1
3047,4,9.34551,1.25,step,2

frame,idx,score,alpha,step_norm,z_coarse
3048,0,6.58387,0.65,step,-2
3048,1,9.27797,0.8,step,-1
3048,2,11.1393,0.95,step,0
3048,3,10.3736,1.1,step,1
3048,4,9.34374,1.25,step,2

frame,idx,score,alpha,step_norm,z_coarse
3049,0,6.57414,0.65,step,-2
3049,1,9.26586,0.8,step,-1
3049,2,11.1323,0.95,step,0
3049,3,10.3733,1.1,step,1
3049,4,9.3471,1.25,step,2

frame,idx,score,alpha,step_norm,z_coarse
3050,0,6.58315,0.65,step,-2
3050,1,9.27837,0.8,step,-1
3050,2,11.1426,0.95,step,0
3050,3,10.3742,1.1,step,1
3050,4,9.34232,1.25,step,2

frame,idx,score,alpha,step_norm,z_coarse
3051,0,6.58839,0.65,step,-2
3051,1,9.28698,0.8,step,-1
3051,2,11.1455,0.95,step,0
3051,3,10.3725,1.1,step,1
3051,4,9.33899,1.25,step,2

frame,idx,score,alpha,step_norm,z_coarse
3052,0,6.58847,0.65,step,-2
3052,1,9.28731,0.8,step,-1
3052,2,11.1472,0.95,step,0
3052,3,10.3727,1.1,step,1
3052,4,9.33859,1.25,step,2

frame,idx,score,alpha,step_norm,z_coarse
3053,0,6.58634,0.65,step,-2
3053,1,9.28438,0.8,step,-1
3053,2,11.1415,0.95,step,0
3053,3,10.3702,1.1,step,1
3053,4,9.33957,1.25,step,2

frame,idx,score,alpha,step_norm,z_coarse
3054,0,6.58754,0.65,step,-2
3054,1,9.28299,0.8,step,-1
3054,2,11.1468,0.95,step,0
3054,3,10.377,1.1,step,1
3054,4,9.34508,1.25,step,2

frame,idx,score,alpha,step_norm,z_coarse
3055,0,6.58682,0.65,step,-2
3055,1,9.28329,0.8,step,-1
3055,2,11.1456,0.95,step,0
3055,3,10.3754,1.1,step,1
3055,4,9.34262,1.25,step,2

frame,idx,score,alpha,step_norm,z_coarse
3056,0,6.58765,0.65,step,-2
3056,1,9.28664,0.8,step,-1
3056,2,11.1478,0.95,step,0
3056,3,10.3739,1.1,step,1
3056,4,9.34066,1.25,step,2

frame,idx,score,alpha,step_norm,z_coarse
3057,0,6.58794,0.65,step,-2
3057,1,9.28662,0.8,step,-1
3057,2,11.1438,0.95,step,0
3057,3,10.3719,1.1,step,1
3057,4,9.34001,1.25,step,2

frame,idx,score,alpha,step_norm,z_coarse
3058,0,6.58415,0.65,step,-2
3058,1,9.2793,0.8,step,-1
3058,2,11.1418,0.95,step,0
3058,3,10.3721,1.1,step,1
3058,4,9.34132,1.25,step,2

frame,idx,score,alpha,step_norm,z_coarse
3059,0,6.58811,0.65,step,-2
3059,1,9.28513,0.8,step,-1
3059,2,11.145,0.95,step,0
3059,3,10.3737,1.1,step,1
3059,4,9.34137,1.25,step,2

frame,idx,score,alpha,step_norm,z_coarse
3060,0,6.58227,0.65,step,-2
3060,1,9.28089,0.8,step,-1
3060,2,11.1401,0.95,step,0
3060,3,10.3701,1.1,step,1
3060,4,9.3397,1.25,step,2

frame,idx,score,alpha,step_norm,z_coarse
3061,0,6.58447,0.65,step,-2
3061,1,9.28188,0.8,step,-1
3061,2,11.1432,0.95,step,0
3061,3,10.3742,1.1,step,1
3061,4,9.34216,1.25,step,2

frame,idx,score,alpha,step_norm,z_coarse
3062,0,6.58491,0.65,step,-2
3062,1,9.28105,0.8,step,-1
3062,2,11.1442,0.95,step,0
3062,3,10.3768,1.1,step,1
3062,4,9.34664,1.25,step,2

frame,idx,score,alpha,step_norm,z_coarse
3063,0,6.58254,0.65,step,-2
3063,1,9.27763,0.8,step,-1
3063,2,11.1378,0.95,step,0
3063,3,10.3684,1.1,step,1
3063,4,9.33831,1.25,step,2

frame,idx,score,alpha,step_norm,z_coarse
3064,0,6.57764,0.65,step,-2
3064,1,9.27091,0.8,step,-1
3064,2,11.1312,0.95,step,0
3064,3,10.3669,1.1,step,1
3064,4,9.33964,1.25,step,2

frame,idx,score,alpha,step_norm,z_coarse
3065,0,6.58043,0.65,step,-2
3065,1,9.27342,0.8,step,-1
3065,2,11.137,0.95,step,0
3065,3,10.3717,1.1,step,1
3065,4,9.34298,1.25,step,2

frame,idx,score,alpha,step_norm,z_coarse
3066,0,6.57984,0.65,step,-2
3066,1,9.27364,0.8,step,-1
3066,2,11.1409,0.95,step,0
3066,3,10.3742,1.1,step,1
3066,4,9.34189,1.25,step,2

frame,idx,score,alpha,step_norm,z_coarse
3067,0,6.58025,0.65,step,-2
3067,1,9.27143,0.8,step,-1
3067,2,11.1403,0.95,step,0
3067,3,10.3767,1.1,step,1
3067,4,9.3459,1.25,step,2

frame,idx,score,alpha,step_norm,z_coarse
3068,0,6.58022,0.65,step,-2
3068,1,9.27684,0.8,step,-1
3068,2,11.1424,0.95,step,0
3068,3,10.3774,1.1,step,1
3068,4,9.34721,1.25,step,2

frame,idx,score,alpha,step_norm,z_coarse
3069,0,6.57672,0.65,step,-2
3069,1,9.27043,0.8,step,-1
3069,2,11.1401,0.95,step,0
3069,3,10.3764,1.1,step,1
3069,4,9.34702,1.25,step,2

frame,idx,score,alpha,step_norm,z_coarse
3070,0,6.58319,0.65,step,-2
3070,1,9.27629,0.8,step,-1
3070,2,11.142,0.95,step,0
3070,3,10.3765,1.1,step,1
3070,4,9.34555,1.25,step,2

frame,idx,score,alpha,step_norm,z_coarse
3071,0,6.57947,0.65,step,-2
3071,1,9.27568,0.8,step,-1
3071,2,11.1392,0.95,step,0
3071,3,10.3742,1.1,step,1
3071,4,9.34434,1.25,step,2

frame,idx,score,alpha,step_norm,z_coarse
3072,0,6.57974,0.65,step,-2
3072,1,9.27487,0.8,step,-1
3072,2,11.1424,0.95,step,0
3072,3,10.377,1.1,step,1
3072,4,9.34568,1.25,step,2

frame,idx,score,alpha,step_norm,z_coarse
3073,0,6.58283,0.65,step,-2
3073,1,9.27516,0.8,step,-1
3073,2,11.141,0.95,step,0
3073,3,10.3741,1.1,step,1
3073,4,9.34295,1.25,step,2

frame,idx,score,alpha,step_norm,z_coarse
3074,0,6.58027,0.65,step,-2
3074,1,9.27552,0.8,step,-1
3074,2,11.1402,0.95,step,0
3074,3,10.3737,1.1,step,1
3074,4,9.34359,1.25,step,2

frame,idx,score,alpha,step_norm,z_coarse
3075,0,6.57856,0.65,step,-2
3075,1,9.27139,0.8,step,-1
3075,2,11.1361,0.95,step,0
3075,3,10.3735,1.1,step,1
3075,4,9.34487,1.25,step,2

frame,idx,score,alpha,step_norm,z_coarse
3076,0,6.5813,0.65,step,-2
3076,1,9.27307,0.8,step,-1
3076,2,11.1379,0.95,step,0
3076,3,10.3733,1.1,step,1
3076,4,9.34496,1.25,step,2

frame,idx,score,alpha,step_norm,z_coarse
3077,0,6.58076,0.65,step,-2
3077,1,9.27551,0.8,step,-1
3077,2,11.1415,0.95,step,0
3077,3,10.3763,1.1,step,1
3077,4,9.34716,1.25,step,2

frame,idx,score,alpha,step_norm,z_coarse
3078,0,6.57898,0.65,step,-2
3078,1,9.27297,0.8,step,-1
3078,2,11.1422,0.95,step,0
3078,3,10.3802,1.1,step,1
3078,4,9.35163,1.25,step,2

frame,idx,score,alpha,step_norm,z_coarse
3079,0,6.57959,0.65,step,-2
3079,1,9.27145,0.8,step,-1
3079,2,11.1406,0.95,step,0
3079,3,10.3776,1.1,step,1
3079,4,9.34774,1.25,step,2

frame,idx,score,alpha,step_norm,z_coarse
3080,0,6.58214,0.65,step,-2
3080,1,9.2746,0.8,step,-1
3080,2,11.1426,0.95,step,0
3080,3,10.3804,1.1,step,1
3080,4,9.35153,1.25,step,2

frame,idx,score,alpha,step_norm,z_coarse
3081,0,6.57923,0.65,step,-2
3081,1,9.27517,0.8,step,-1
3081,2,11.1414,0.95,step,0
3081,3,10.3751,1.1,step,1
3081,4,9.34355,1.25,step,2

frame,idx,score,alpha,step_norm,z_coarse
3082,0,6.57508,0.65,step,-2
3082,1,9.26678,0.8,step,-1
3082,2,11.1275,0.95,step,0
3082,3,10.3644,1.1,step,1
3082,4,9.337,1.25,step,2

frame,idx,score,alpha,step_norm,z_coarse
3083,0,6.57977,0.65,step,-2
3083,1,9.27253,0.8,step,-1
3083,2,11.1368,0.95,step,0
3083,3,10.3745,1.1,step,1
3083,4,9.34635,1.25,step,2

frame,idx,score,alpha,step_norm,z_coarse
3084,0,6.57872,0.65,step,-2
3084,1,9.2671,0.8,step,-1
3084,2,11.1361,0.95,step,0
3084,3,10.3747,1.1,step,1
3084,4,9.34654,1.25,step,2

frame,idx,score,alpha,step_norm,z_coarse
3085,0,6.57992,0.65,step,-2
3085,1,9.27063,0.8,step,-1
3085,2,11.1351,0.95,step,0
3085,3,10.372,1.1,step,1
3085,4,9.34245,1.25,step,2

frame,idx,score,alpha,step_norm,z_coarse
3086,0,6.58205,0.65,step,-2
3086,1,9.27816,0.8,step,-1
3086,2,11.1448,0.95,step,0
3086,3,10.378,1.1,step,1
3086,4,9.34728,1.25,step,2

frame,idx,score,alpha,step_norm,z_coarse
3087,0,6.58065,0.65,step,-2
3087,1,9.27883,0.8,step,-1
3087,2,11.143,0.95,step,0
3087,3,10.3761,1.1,step,1
3087,4,9.34552,1.25,step,2

frame,idx,score,alpha,step_norm,z_coarse
3088,0,6.58768,0.65,step,-2
3088,1,9.28459,0.8,step,-1
3088,2,11.1416,0.95,step,0
3088,3,10.3682,1.1,step,1
3088,4,9.33639,1.25,step,2

frame,idx,score,alpha,step_norm,z_coarse
3089,0,6.58998,0.65,step,-2
3089,1,9.29071,0.8,step,-1
3089,2,11.1436,0.95,step,0
3089,3,10.368,1.1,step,1
3089,4,9.33535,1.25,step,2

frame,idx,score,alpha,step_norm,z_coarse
3090,0,6.58985,0.65,step,-2
3090,1,9.28952,0.8,step,-1
3090,2,11.1428,0.95,step,0
3090,3,10.3642,1.1,step,1
3090,4,9.32903,1.25,step,2

frame,idx,score,alpha,step_norm,z_coarse
3091,0,6.59487,0.65,step,-2
3091,1,9.29611,0.8,step,-1
3091,2,11.1472,0.95,step,0
3091,3,10.3682,1.1,step,1
3091,4,9.33226,1.25,step,2

frame,idx,score,alpha,step_norm,z_coarse
3092,0,6.59111,0.65,step,-2
3092,1,9.29278,0.8,step,-1
3092,2,11.1375,0.95,step,0
3092,3,10.3604,1.1,step,1
3092,4,9.32858,1.25,step,2

frame,idx,score,alpha,step_norm,z_coarse
3093,0,6.59225,0.65,step,-2
3093,1,9.29383,0.8,step,-1
3093,2,11.1447,0.95,step,0
3093,3,10.3644,1.1,step,1
3093,4,9.32798,1.25,step,2

frame,idx,score,alpha,step_norm,z_coarse
3094,0,6.60269,0.65,step,-2
3094,1,9.30747,0.8,step,-1
3094,2,11.153,0.95,step,0
3094,3,10.3668,1.1,step,1
3094,4,9.32862,1.25,step,2

frame,idx,score,alpha,step_norm,z_coarse
3095,0,6.59841,0.65,step,-2
3095,1,9.30299,0.8,step,-1
3095,2,11.1426,0.95,step,0
3095,3,10.359,1.1,step,1
3095,4,9.32454,1.25,step,2

frame,idx,score,alpha,step_norm,z_coarse
3096,0,6.59728,0.65,step,-2
3096,1,9.29895,0.8,step,-1
3096,2,11.1447,0.95,step,0
3096,3,10.3624,1.1,step,1
3096,4,9.32728,1.25,step,2

frame,idx,score,alpha,step_norm,z_coarse
3097,0,6.60392,0.65,step,-2
3097,1,9.31144,0.8,step,-1
3097,2,11.1473,0.95,step,0
3097,3,10.3581,1.1,step,1
3097,4,9.32288,1.25,step,2

frame,idx,score,alpha,step_norm,z_coarse
3098,0,6.60184,0.65,step,-2
3098,1,9.31061,0.8,step,-1
3098,2,11.1541,0.95,step,0
3098,3,10.3648,1.1,step,1
3098,4,9.32526,1.25,step,2

frame,idx,score,alpha,step_norm,z_coarse
3099,0,6.60056,0.65,step,-2
3099,1,9.30813,0.8,step,-1
3099,2,11.1489,0.95,step,0
3099,3,10.3601,1.1,step,1
3099,4,9.32234,1.25,step,2

frame,idx,score,alpha,step_norm,z_coarse
3100,0,6.60941,0.65,step,-2
3100,1,9.32101,0.8,step,-1
3100,2,11.1567,0.95,step,0
3100,3,10.3636,1.1,step,1
3100,4,9.32507,1.25,step,2

frame,idx,score,alpha,step_norm,z_coarse
3101,0,6.60308,0.65,step,-2
3101,1,9.31499,0.8,step,-1
3101,2,11.1523,0.95,step,0
3101,3,10.3575,1.1,step,1
3101,4,9.31661,1.25,step,2

frame,idx,score,alpha,step_norm,z_coarse
3102,0,6.61095,0.65,step,-2
3102,1,9.32277,0.8,step,-1
3102,2,11.1559,0.95,step,0
3102,3,10.3595,1.1,step,1
3102,4,9.31962,1.25,step,2

frame,idx,score,alpha,step_norm,z_coarse
3103,0,6.60748,0.65,step,-2
3103,1,9.31612,0.8,step,-1
3103,2,11.1468,0.95,step,0
3103,3,10.3515,1.1,step,1
3103,4,9.31263,1.25,step,2

frame,idx,score,alpha,step_norm,z_coarse
3104,0,6.60985,0.65,step,-2
3104,1,9.32422,0.8,step,-1
3104,2,11.1545,0.95,step,0
3104,3,10.3573,1.1,step,1
3104,4,9.3181,1.25,step,2

frame,idx,score,alpha,step_norm,z_coarse
3105,0,6.60717,0.65,step,-2
3105,1,9.31867,0.8,step,-1
3105,2,11.1506,0.95,step,0
3105,3,10.3535,1.1,step,1
3105,4,9.31309,1.25,step,2

frame,idx,score,alpha,step_norm,z_coarse
3106,0,6.61182,0.65,step,-2
3106,1,9.32244,0.8,step,-1
3106,2,11.1561,0.95,step,0
3106,3,10.3575,1.1,step,1
3106,4,9.31464,1.25,step,2

frame,idx,score,alpha,step_norm,z_coarse
3107,0,6.6099,0.65,step,-2
3107,1,9.3204,0.8,step,-1
3107,2,11.1518,0.95,step,0
3107,3,10.3564,1.1,step,1
3107,4,9.31691,1.25,step,2

frame,idx,score,alpha,step_norm,z_coarse
3108,0,6.61277,0.65,step,-2
3108,1,9.32468,0.8,step,-1
3108,2,11.1563,0.95,step,0
3108,3,10.3596,1.1,step,1
3108,4,9.31957,1.25,step,2

frame,idx,score,alpha,step_norm,z_coarse
3109,0,6.61269,0.65,step,-2
3109,1,9.32446,0.8,step,-1
3109,2,11.1563,0.95,step,0
3109,3,10.3571,1.1,step,1
3109,4,9.3148,1.25,step,2

frame,idx,score,alpha,step_norm,z_coarse
3110,0,6.61669,0.65,step,-2
3110,1,9.32807,0.8,step,-1
3110,2,11.1552,0.95,step,0
3110,3,10.3525,1.1,step,1
3110,4,9.31058,1.25,step,2

frame,idx,score,alpha,step_norm,z_coarse
3111,0,6.61908,0.65,step,-2
3111,1,9.33483,0.8,step,-1
3111,2,11.1569,0.95,step,0
3111,3,10.3492,1.1,step,1
3111,4,9.30461,1.25,step,2

frame,idx,score,alpha,step_norm,z_coarse
3112,0,6.62454,0.65,step,-2
3112,1,9.34586,0.8,step,-1
3112,2,11.1609,0.95,step,0
3112,3,10.347,1.1,step,1
3112,4,9.30053,1.25,step,2

frame,idx,score,alpha,step_norm,z_coarse
3113,0,6.62259,0.65,step,-2
3113,1,9.33849,0.8,step,-1
3113,2,11.1585,0.95,step,0
3113,3,10.3494,1.1,step,1
3113,4,9.30483,1.25,step,2

frame,idx,score,alpha,step_norm,z_coarse
3114,0,6.62393,0.65,step,-2
3114,1,9.34163,0.8,step,-1
3114,2,11.1601,0.95,step,0
3114,3,10.349,1.1,step,1
3114,4,9.30366,1.25,step,2

frame,idx,score,alpha,step_norm,z_coarse
3115,0,6.62785,0.65,step,-2
3115,1,9.34553,0.8,step,-1
3115,2,11.1566,0.95,step,0
3115,3,10.3432,1.1,step,1
3115,4,9.29839,1.25,step,2

frame,idx,score,alpha,step_norm,z_coarse
3116,0,6.62942,0.65,step,-2
3116,1,9.34998,0.8,step,-1
3116,2,11.1637,0.95,step,0
3116,3,10.3499,1.1,step,1
3116,4,9.30416,1.25,step,2

frame,idx,score,alpha,step_norm,z_coarse
3117,0,6.6265,0.65,step,-2
3117,1,9.3477,0.8,step,-1
3117,2,11.1617,0.95,step,0
3117,3,10.3465,1.1,step,1
3117,4,9.30028,1.25,step,2

frame,idx,score,alpha,step_norm,z_coarse
3118,0,6.6277,0.65,step,-2
3118,1,9.34828,0.8,step,-1
3118,2,11.1612,0.95,step,0
3118,3,10.3458,1.1,step,1
3118,4,9.29943,1.25,step,2

frame,idx,score,alpha,step_norm,z_coarse
3119,0,6.63164,0.65,step,-2
3119,1,9.35468,0.8,step,-1
3119,2,11.1648,0.95,step,0
3119,3,10.3481,1.1,step,1
3119,4,9.30167,1.25,step,2

frame,idx,score,alpha,step_norm,z_coarse
3120,0,6.63419,0.65,step,-2
3120,1,9.35656,0.8,step,-1
3120,2,11.1691,0.95,step,0
3120,3,10.3465,1.1,step,1
3120,4,9.29556,1.25,step,2

frame,idx,score,alpha,step_norm,z_coarse
3121,0,6.63513,0.65,step,-2
3121,1,9.35938,0.8,step,-1
3121,2,11.1644,0.95,step,0
3121,3,10.3453,1.1,step,1
3121,4,9.29909,1.25,step,2

frame,idx,score,alpha,step_norm,z_coarse
3122,0,6.63799,0.65,step,-2
3122,1,9.36054,0.8,step,-1
3122,2,11.1661,0.95,step,0
3122,3,10.3424,1.1,step,1
3122,4,9.29336,1.25,step,2

frame,idx,score,alpha,step_norm,z_coarse
3123,0,6.63978,0.65,step,-2
3123,1,9.36472,0.8,step,-1
3123,2,11.1717,0.95,step,0
3123,3,10.3482,1.1,step,1
3123,4,9.2982,1.25,step,2

frame,idx,score,alpha,step_norm,z_coarse
3124,0,6.63848,0.65,step,-2
3124,1,9.36199,0.8,step,-1
3124,2,11.1622,0.95,step,0
3124,3,10.3381,1.1,step,1
3124,4,9.28934,1.25,step,2

frame,idx,score,alpha,step_norm,z_coarse
3125,0,6.63669,0.65,step,-2
3125,1,9.36304,0.8,step,-1
3125,2,11.169,0.95,step,0
3125,3,10.3449,1.1,step,1
3125,4,9.29416,1.25,step,2

frame,idx,score,alpha,step_norm,z_coarse
3126,0,6.63475,0.65,step,-2
3126,1,9.35789,0.8,step,-1
3126,2,11.1606,0.95,step,0
3126,3,10.3391,1.1,step,1
3126,4,9.29359,1.25,step,2

frame,idx,score,alpha,step_norm,z_coarse
3127,0,6.63418,0.65,step,-2
3127,1,9.35439,0.8,step,-1
3127,2,11.1656,0.95,step,0
3127,3,10.3479,1.1,step,1
3127,4,9.30128,1.25,step,2

frame,idx,score,alpha,step_norm,z_coarse
3128,0,6.63255,0.65,step,-2
3128,1,9.36052,0.8,step,-1
3128,2,11.172,0.95,step,0
3128,3,10.3513,1.1,step,1
3128,4,9.30095,1.25,step,2

frame,idx,score,alpha,step_norm,z_coarse
3129,0,6.64326,0.65,step,-2
3129,1,9.36991,0.8,step,-1
3129,2,11.1738,0.95,step,0
3129,3,10.3468,1.1,step,1
3129,4,9.29456,1.25,step,2

frame,idx,score,alpha,step_norm,z_coarse
3130,0,6.6395,0.65,step,-2
3130,1,9.3636,0.8,step,-1
3130,2,11.1666,0.95,step,0
3130,3,10.3434,1.1,step,1
3130,4,9.2949,1.25,step,2

frame,idx,score,alpha,step_norm,z_coarse
3131,0,6.63579,0.65,step,-2
3131,1,9.36034,0.8,step,-1
3131,2,11.1645,0.95,step,0
3131,3,10.3423,1.1,step,1
3131,4,9.29292,1.25,step,2

frame,idx,score,alpha,step_norm,z_coarse
3132,0,6.63848,0.65,step,-2
3132,1,9.36489,0.8,step,-1
3132,2,11.1699,0.95,step,0
3132,3,10.3455,1.1,step,1
3132,4,9.29448,1.25,step,2

frame,idx,score,alpha,step_norm,z_coarse
3133,0,6.6395,0.65,step,-2
3133,1,9.36679,0.8,step,-1
3133,2,11.1683,0.95,step,0
3133,3,10.3437,1.1,step,1
3133,4,9.29419,1.25,step,2

frame,idx,score,alpha,step_norm,z_coarse
3134,0,6.64489,0.65,step,-2
3134,1,9.3759,0.8,step,-1
3134,2,11.1765,0.95,step,0
3134,3,10.348,1.1,step,1
3134,4,9.29582,1.25,step,2

frame,idx,score,alpha,step_norm,z_coarse
3135,0,6.64485,0.65,step,-2
3135,1,9.37004,0.8,step,-1
3135,2,11.1669,0.95,step,0
3135,3,10.3366,1.1,step,1
3135,4,9.28466,1.25,step,2

frame,idx,score,alpha,step_norm,z_coarse
3136,0,6.64482,0.65,step,-2
3136,1,9.37385,0.8,step,-1
3136,2,11.1707,0.95,step,0
3136,3,10.341,1.1,step,1
3136,4,9.28945,1.25,step,2

frame,idx,score,alpha,step_norm,z_coarse
3137,0,6.64158,0.65,step,-2
3137,1,9.36522,0.8,step,-1
3137,2,11.1612,0.95,step,0
3137,3,10.332,1.1,step,1
3137,4,9.28151,1.25,step,2

frame,idx,score,alpha,step_norm,z_coarse
3138,0,6.64258,0.65,step,-2
3138,1,9.37248,0.8,step,-1
3138,2,11.1725,0.95,step,0
3138,3,10.3428,1.1,step,1
3138,4,9.28986,1.25,step,2

frame,idx,score,alpha,step_norm,z_coarse
3139,0,6.64822,0.65,step,-2
3139,1,9.37946,0.8,step,-1
3139,2,11.1698,0.95,step,0
3139,3,10.3373,1.1,step,1
3139,4,9.28624,1.25,step,2

frame,idx,score,alpha,step_norm,z_coarse
3140,0,6.64071,0.65,step,-2
3140,1,9.36936,0.8,step,-1
3140,2,11.171,0.95,step,0
3140,3,10.3426,1.1,step,1
3140,4,9.29053,1.25,step,2

frame,idx,score,alpha,step_norm,z_coarse
3141,0,6.64372,0.65,step,-2
3141,1,9.37334,0.8,step,-1
3141,2,11.1689,0.95,step,0
3141,3,10.3362,1.1,step,1
3141,4,9.28365,1.25,step,2

frame,idx,score,alpha,step_norm,z_coarse
3142,0,6.64716,0.65,step,-2
3142,1,9.37652,0.8,step,-1
3142,2,11.1693,0.95,step,0
3142,3,10.3346,1.1,step,1
3142,4,9.28223,1.25,step,2

frame,idx,score,alpha,step_norm,z_coarse
3143,0,6.64656,0.65,step,-2
3143,1,9.37597,0.8,step,-1
3143,2,11.1656,0.95,step,0
3143,3,10.3334,1.1,step,1
3143,4,9.28296,1.25,step,2

frame,idx,score,alpha,step_norm,z_coarse
3144,0,6.64574,0.65,step,-2
3144,1,9.37518,0.8,step,-1
3144,2,11.1768,0.95,step,0
3144,3,10.3464,1.1,step,1
3144,4,9.29208,1.25,step,2

frame,idx,score,alpha,step_norm,z_coarse
3145,0,6.6495,0.65,step,-2
3145,1,9.3836,0.8,step,-1
3145,2,11.1806,0.95,step,0
3145,3,10.3439,1.1,step,1
3145,4,9.28875,1.25,step,2

frame,idx,score,alpha,step_norm,z_coarse
3146,0,6.65123,0.65,step,-2
3146,1,9.38546,0.8,step,-1
3146,2,11.1747,0.95,step,0
3146,3,10.3347,1.1,step,1
3146,4,9.27851,1.25,step,2

frame,idx,score,alpha,step_norm,z_coarse
3147,0,6.65193,0.65,step,-2
3147,1,9.38383,0.8,step,-1
3147,2,11.1731,0.95,step,0
3147,3,10.337,1.1,step,1
3147,4,9.2845,1.25,step,2

frame,idx,score,alpha,step_norm,z_coarse
3148,0,6.64945,0.65,step,-2
3148,1,9.38027,0.8,step,-1
3148,2,11.1682,0.95,step,0
3148,3,10.332,1.1,step,1
3148,4,9.2794,1.25,step,2

frame,idx,score,alpha,step_norm,z_coarse
3149,0,6.65075,0.65,step,-2
3149,1,9.38211,0.8,step,-1
3149,2,11.1703,0.95,step,0
3149,3,10.3325,1.1,step,1
3149,4,9.27995,1.25,step,2

frame,idx,score,alpha,step_norm,z_coarse
3150,0,6.65418,0.65,step,-2
3150,1,9.38731,0.8,step,-1
3150,2,11.178,0.95,step,0
3150,3,10.3394,1.1,step,1
3150,4,9.28482,1.25,step,2

frame,idx,score,alpha,step_norm,z_coarse
3151,0,6.65082,0.65,step,-2
3151,1,9.38322,0.8,step,-1
3151,2,11.1748,0.95,step,0
3151,3,10.3356,1.1,step,1
3151,4,9.27975,1.25,step,2

frame,idx,score,alpha,step_norm,z_coarse
3152,0,6.65103,0.65,step,-2
3152,1,9.38215,0.8,step,-1
3152,2,11.1713,0.95,step,0
3152,3,10.3327,1.1,step,1
3152,4,9.27854,1.25,step,2

frame,idx,score,alpha,step_norm,z_coarse
3153,0,6.65262,0.65,step,-2
3153,1,9.38716,0.8,step,-1
3153,2,11.1728,0.95,step,0
3153,3,10.3321,1.1,step,1
3153,4,9.27706,1.25,step,2

frame,idx,score,alpha,step_norm,z_coarse
3154,0,6.65728,0.65,step,-2
3154,1,9.39297,0.8,step,-1
3154,2,11.1784,0.95,step,0
3154,3,10.3357,1.1,step,1
3154,4,9.27946,1.25,step,2

frame,idx,score,alpha,step_norm,z_coarse
3155,0,6.65344,0.65,step,-2
3155,1,9.38783,0.8,step,-1
3155,2,11.1747,0.95,step,0
3155,3,10.3307,1.1,step,1
3155,4,9.27425,1.25,step,2

frame,idx,score,alpha,step_norm,z_coarse
3156,0,6.65969,0.65,step,-2
3156,1,9.39693,0.8,step,-1
3156,2,11.1825,0.95,step,0
3156,3,10.3367,1.1,step,1
3156,4,9.27893,1.25,step,2

frame,idx,score,alpha,step_norm,z_coarse
3157,0,6.65997,0.65,step,-2
3157,1,9.39755,0.8,step,-1
3157,2,11.1824,0.95,step,0
3157,3,10.3371,1.1,step,1
3157,4,9.27881,1.25,step,2

frame,idx,score,alpha,step_norm,z_coarse
3158,0,6.65327,0.65,step,-2
3158,1,9.38965,0.8,step,-1
3158,2,11.1745,0.95,step,0
3158,3,10.3347,1.1,step,1
3158,4,9.28192,1.25,step,2

frame,idx,score,alpha,step_norm,z_coarse
3159,0,6.658,0.65,step,-2
3159,1,9.39147,0.8,step,-1
3159,2,11.1732,0.95,step,0
3159,3,10.3282,1.1,step,1
3159,4,9.27225,1.25,step,2

frame,idx,score,alpha,step_norm,z_coarse
3160,0,6.65631,0.65,step,-2
3160,1,9.39133,0.8,step,-1
3160,2,11.1788,0.95,step,0
3160,3,10.3372,1.1,step,1
3160,4,9.28039,1.25,step,2

frame,idx,score,alpha,step_norm,z_coarse
3161,0,6.66053,0.65,step,-2
3161,1,9.39691,0.8,step,-1
3161,2,11.1799,0.95,step,0
3161,3,10.3365,1.1,step,1
3161,4,9.28129,1.25,step,2

frame,idx,score,alpha,step_norm,z_coarse
3162,0,6.65406,0.65,step,-2
3162,1,9.38814,0.8,step,-1
3162,2,11.1708,0.95,step,0
3162,3,10.3282,1.1,step,1
3162,4,9.27284,1.25,step,2

frame,idx,score,alpha,step_norm,z_coarse
3163,0,6.65615,0.65,step,-2
3163,1,9.38891,0.8,step,-1
3163,2,11.1716,0.95,step,0
3163,3,10.3308,1.1,step,1
3163,4,9.27685,1.25,step,2

frame,idx,score,alpha,step_norm,z_coarse
3164,0,6.66174,0.65,step,-2
3164,1,9.39929,0.8,step,-1
3164,2,11.1826,0.95,step,0
3164,3,10.3368,1.1,step,1
3164,4,9.28076,1.25,step,2

frame,idx,score,alpha,step_norm,z_coarse
3165,0,6.66338,0.65,step,-2
3165,1,9.40296,0.8,step,-1
3165,2,11.1852,0.95,step,0
3165,3,10.337,1.1,step,1
3165,4,9.27848,1.25,step,2

frame,idx,score,alpha,step_norm,z_coarse
3166,0,6.65581,0.65,step,-2
3166,1,9.39002,0.8,step,-1
3166,2,11.1757,0.95,step,0
3166,3,10.333,1.1,step,1
3166,4,9.27793,1.25,step,2

frame,idx,score,alpha,step_norm,z_coarse
3167,0,6.66168,0.65,step,-2
3167,1,9.39766,0.8,step,-1
3167,2,11.1823,0.95,step,0
3167,3,10.3385,1.1,step,1
3167,4,9.28139,1.25,step,2

frame,idx,score,alpha,step_norm,z_coarse
3168,0,6.65966,0.65,step,-2
3168,1,9.39908,0.8,step,-1
3168,2,11.1823,0.95,step,0
3168,3,10.3366,1.1,step,1
3168,4,9.27873,1.25,step,2

frame,idx,score,alpha,step_norm,z_coarse
3169,0,6.65646,0.65,step,-2
3169,1,9.39339,0.8,step,-1
3169,2,11.181,0.95,step,0
3169,3,10.3358,1.1,step,1
3169,4,9.27778,1.25,step,2

frame,idx,score,alpha,step_norm,z_coarse
3170,0,6.66176,0.65,step,-2
3170,1,9.40156,0.8,step,-1
3170,2,11.177,0.95,step,0
3170,3,10.3276,1.1,step,1
3170,4,9.27014,1.25,step,2

frame,idx,score,alpha,step_norm,z_coarse
3171,0,6.66186,0.65,step,-2
3171,1,9.39947,0.8,step,-1
3171,2,11.1801,0.95,step,0
3171,3,10.3323,1.1,step,1
3171,4,9.27527,1.25,step,2

frame,idx,score,alpha,step_norm,z_coarse
3172,0,6.65879,0.65,step,-2
3172,1,9.40005,0.8,step,-1
3172,2,11.18,0.95,step,0
3172,3,10.3314,1.1,step,1
3172,4,9.27369,1.25,step,2

frame,idx,score,alpha,step_norm,z_coarse
3173,0,6.66135,0.65,step,-2
3173,1,9.39956,0.8,step,-1
3173,2,11.1807,0.95,step,0
3173,3,10.3352,1.1,step,1
3173,4,9.27909,1.25,step,2

frame,idx,score,alpha,step_norm,z_coarse
3174,0,6.66072,0.65,step,-2
3174,1,9.40038,0.8,step,-1
3174,2,11.1789,0.95,step,0
3174,3,10.3303,1.1,step,1
3174,4,9.27353,1.25,step,2

frame,idx,score,alpha,step_norm,z_coarse
3175,0,6.65885,0.65,step,-2
3175,1,9.39721,0.8,step,-1
3175,2,11.1768,0.95,step,0
3175,3,10.3287,1.1,step,1
3175,4,9.27083,1.25,step,2

frame,idx,score,alpha,step_norm,z_coarse
3176,0,6.66107,0.65,step,-2
3176,1,9.39643,0.8,step,-1
3176,2,11.1785,0.95,step,0
3176,3,10.3349,1.1,step,1
3176,4,9.27935,1.25,step,2

frame,idx,score,alpha,step_norm,z_coarse
3177,0,6.65483,0.65,step,-2
3177,1,9.38988,0.8,step,-1
3177,2,11.1738,0.95,step,0
3177,3,10.3314,1.1,step,1
3177,4,9.27676,1.25,step,2

frame,idx,score,alpha,step_norm,z_coarse
3178,0,6.65805,0.65,step,-2
3178,1,9.39704,0.8,step,-1
3178,2,11.178,0.95,step,0
3178,3,10.3339,1.1,step,1
3178,4,9.27683,1.25,step,2

frame,idx,score,alpha,step_norm,z_coarse
3179,0,6.66076,0.65,step,-2
3179,1,9.39809,0.8,step,-1
3179,2,11.1807,0.95,step,0
3179,3,10.337,1.1,step,1
3179,4,9.28012,1.25,step,2

frame,idx,score,alpha,step_norm,z_coarse
3180,0,6.6567,0.65,step,-2
3180,1,9.39577,0.8,step,-1
3180,2,11.1796,0.95,step,0
3180,3,10.3344,1.1,step,1
3180,4,9.27638,1.25,step,2

frame,idx,score,alpha,step_norm,z_coarse
3181,0,6.66131,0.65,step,-2
3181,1,9.39966,0.8,step,-1
3181,2,11.1845,0.95,step,0
3181,3,10.3382,1.1,step,1
3181,4,9.28088,1.25,step,2

frame,idx,score,alpha,step_norm,z_coarse
3182,0,6.6626,0.65,step,-2
3182,1,9.39798,0.8,step,-1
3182,2,11.1813,0.95,step,0
3182,3,10.3392,1.1,step,1
3182,4,9.28445,1.25,step,2

frame,idx,score,alpha,step_norm,z_coarse
3183,0,6.65725,0.65,step,-2
3183,1,9.39497,0.8,step,-1
3183,2,11.1759,0.95,step,0
3183,3,10.3296,1.1,step,1
3183,4,9.27272,1.25,step,2

frame,idx,score,alpha,step_norm,z_coarse
3184,0,6.65789,0.65,step,-2
3184,1,9.39366,0.8,step,-1
3184,2,11.178,0.95,step,0
3184,3,10.3341,1.1,step,1
3184,4,9.27866,1.25,step,2

frame,idx,score,alpha,step_norm,z_coarse
3185,0,6.65246,0.65,step,-2
3185,1,9.38706,0.8,step,-1
3185,2,11.1741,0.95,step,0
3185,3,10.3351,1.1,step,1
3185,4,9.28168,1.25,step,2

frame,idx,score,alpha,step_norm,z_coarse
3186,0,6.65205,0.65,step,-2
3186,1,9.38678,0.8,step,-1
3186,2,11.1753,0.95,step,0
3186,3,10.3347,1.1,step,1
3186,4,9.27888,1.25,step,2

frame,idx,score,alpha,step_norm,z_coarse
3187,0,6.65865,0.65,step,-2
3187,1,9.39477,0.8,step,-1
3187,2,11.1768,0.95,step,0
3187,3,10.3321,1.1,step,1
3187,4,9.27467,1.25,step,2

frame,idx,score,alpha,step_norm,z_coarse
3188,0,6.65792,0.65,step,-2
3188,1,9.39115,0.8,step,-1
3188,2,11.1773,0.95,step,0
3188,3,10.3345,1.1,step,1
3188,4,9.27752,1.25,step,2

frame,idx,score,alpha,step_norm,z_coarse
3189,0,6.65081,0.65,step,-2
3189,1,9.38032,0.8,step,-1
3189,2,11.1691,0.95,step,0
3189,3,10.3321,1.1,step,1
3189,4,9.27859,1.25,step,2

frame,idx,score,alpha,step_norm,z_coarse
3190,0,6.65759,0.65,step,-2
3190,1,9.39245,0.8,step,-1
3190,2,11.1766,0.95,step,0
3190,3,10.335,1.1,step,1
3190,4,9.28008,1.25,step,2

frame,idx,score,alpha,step_norm,z_coarse
3191,0,6.64757,0.65,step,-2
3191,1,9.38064,0.8,step,-1
3191,2,11.1777,0.95,step,0
3191,3,10.3415,1.1,step,1
3191,4,9.28534,1.25,step,2

frame,idx,score,alpha,step_norm,z_coarse
3192,0,6.64893,0.65,step,-2
3192,1,9.38054,0.8,step,-1
3192,2,11.1716,0.95,step,0
3192,3,10.3374,1.1,step,1
3192,4,9.28427,1.25,step,2

frame,idx,score,alpha,step_norm,z_coarse
3193,0,6.65265,0.65,step,-2
3193,1,9.39059,0.8,step,-1
3193,2,11.1846,0.95,step,0
3193,3,10.3476,1.1,step,1
3193,4,9.29152,1.25,step,2

frame,idx,score,alpha,step_norm,z_coarse
3194,0,6.65479,0.65,step,-2
3194,1,9.38675,0.8,step,-1
3194,2,11.176,0.95,step,0
3194,3,10.3377,1.1,step,1
3194,4,9.28347,1.25,step,2

frame,idx,score,alpha,step_norm,z_coarse
3195,0,6.65483,0.65,step,-2
3195,1,9.38935,0.8,step,-1
3195,2,11.174,0.95,step,0
3195,3,10.3345,1.1,step,1
3195,4,9.28147,1.25,step,2

frame,idx,score,alpha,step_norm,z_coarse
3196,0,6.65055,0.65,step,-2
3196,1,9.38389,0.8,step,-1
3196,2,11.1752,0.95,step,0
3196,3,10.3399,1.1,step,1
3196,4,9.28556,1.25,step,2

frame,idx,score,alpha,step_norm,z_coarse
3197,0,6.65066,0.65,step,-2
3197,1,9.38466,0.8,step,-1
3197,2,11.175,0.95,step,0
3197,3,10.3399,1.1,step,1
3197,4,9.28681,1.25,step,2

frame,idx,score,alpha,step_norm,z_coarse
3198,0,6.64606,0.65,step,-2
3198,1,9.37897,0.8,step,-1
3198,2,11.1732,0.95,step,0
3198,3,10.3372,1.1,step,1
3198,4,9.28306,1.25,step,2

frame,idx,score,alpha,step_norm,z_coarse
3199,0,6.65433,0.65,step,-2
3199,1,9.38866,0.8,step,-1
3199,2,11.1775,0.95,step,0
3199,3,10.3379,1.1,step,1
3199,4,9.28244,1.25,step,2

frame,idx,score,alpha,step_norm,z_coarse
3200,0,6.65453,0.65,step,-2
3200,1,9.38927,0.8,step,-1
3200,2,11.1749,0.95,step,0
3200,3,10.3357,1.1,step,1
3200,4,9.28199,1.25,step,2

frame,idx,score,alpha,step_norm,z_coarse
3201,0,6.64982,0.65,step,-2
3201,1,9.37956,0.8,step,-1
3201,2,11.168,0.95,step,0
3201,3,10.3297,1.1,step,1
3201,4,9.27627,1.25,step,2

frame,idx,score,alpha,step_norm,z_coarse
3202,0,6.64871,0.65,step,-2
3202,1,9.38329,0.8,step,-1
3202,2,11.177,0.95,step,0
3202,3,10.3408,1.1,step,1
3202,4,9.28596,1.25,step,2

frame,idx,score,alpha,step_norm,z_coarse
3203,0,6.65162,0.65,step,-2
3203,1,9.38143,0.8,step,-1
3203,2,11.1689,0.95,step,0
3203,3,10.3314,1.1,step,1
3203,4,9.27935,1.25,step,2

frame,idx,score,alpha,step_norm,z_coarse
3204,0,6.64697,0.65,step,-2
3204,1,9.37998,0.8,step,-1
3204,2,11.1673,0.95,step,0
3204,3,10.3331,1.1,step,1
3204,4,9.28191,1.25,step,2

frame,idx,score,alpha,step_norm,z_coarse
3205,0,6.64697,0.65,step,-2
3205,1,9.37927,0.8,step,-1
3205,2,11.1733,0.95,step,0
3205,3,10.338,1.1,step,1
3205,4,9.28518,1.25,step,2

frame,idx,score,alpha,step_norm,z_coarse
3206,0,6.65065,0.65,step,-2
3206,1,9.38476,0.8,step,-1
3206,2,11.1776,0.95,step,0
3206,3,10.3401,1.1,step,1
3206,4,9.28343,1.25,step,2

frame,idx,score,alpha,step_norm,z_coarse
3207,0,6.64801,0.65,step,-2
3207,1,9.38156,0.8,step,-1
3207,2,11.1735,0.95,step,0
3207,3,10.3355,1.1,step,1
3207,4,9.27994,1.25,step,2

frame,idx,score,alpha,step_norm,z_coarse
3208,0,6.64776,0.65,step,-2
3208,1,9.38075,0.8,step,-1
3208,2,11.1747,0.95,step,0
3208,3,10.3387,1.1,step,1
3208,4,9.28412,1.25,step,2

frame,idx,score,alpha,step_norm,z_coarse
3209,0,6.65433,0.65,step,-2
3209,1,9.38571,0.8,step,-1
3209,2,11.1785,0.95,step,0
3209,3,10.342,1.1,step,1
3209,4,9.28651,1.25,step,2

frame,idx,score,alpha,step_norm,z_coarse
3210,0,6.65364,0.65,step,-2
3210,1,9.38674,0.8,step,-1
3210,2,11.1748,0.95,step,0
3210,3,10.336,1.1,step,1
3210,4,9.2826,1.25,step,2

frame,idx,score,alpha,step_norm,z_coarse
3211,0,6.65216,0.65,step,-2
3211,1,9.38631,0.8,step,-1
3211,2,11.1738,0.95,step,0
3211,3,10.3341,1.1,step,1
3211,4,9.27789,1.25,step,2

frame,idx,score,alpha,step_norm,z_coarse
3212,0,6.6544,0.65,step,-2
3212,1,9.39021,0.8,step,-1
3212,2,11.1769,0.95,step,0
3212,3,10.3366,1.1,step,1
3212,4,9.28345,1.25,step,2

frame,idx,score,alpha,step_norm,z_coarse
3213,0,6.65769,0.65,step,-2
3213,1,9.39264,0.8,step,-1
3213,2,11.1787,0.95,step,0
3213,3,10.3355,1.1,step,1
3213,4,9.2795,1.25,step,2

frame,idx,score,alpha,step_norm,z_coarse
3214,0,6.65589,0.65,step,-2
3214,1,9.39231,0.8,step,-1
3214,2,11.1759,0.95,step,0
3214,3,10.3318,1.1,step,1
3214,4,9.27494,1.25,step,2

frame,idx,score,alpha,step_norm,z_coarse
3215,0,6.65548,0.65,step,-2
3215,1,9.39084,0.8,step,-1
3215,2,11.1732,0.95,step,0
3215,3,10.3276,1.1,step,1
3215,4,9.27188,1.25,step,2

frame,idx,score,alpha,step_norm,z_coarse
3216,0,6.66178,0.65,step,-2
3216,1,9.40171,0.8,step,-1
3216,2,11.1841,0.95,step,0
3216,3,10.3383,1.1,step,1
3216,4,9.28133,1.25,step,2

frame,idx,score,alpha,step_norm,z_coarse
3217,0,6.66325,0.65,step,-2
3217,1,9.40323,0.8,step,-1
3217,2,11.1799,0.95,step,0
3217,3,10.3301,1.1,step,1
3217,4,9.27284,1.25,step,2

frame,idx,score,alpha,step_norm,z_coarse
3218,0,6.6667,0.65,step,-2
3218,1,9.40854,0.8,step,-1
3218,2,11.182,0.95,step,0
3218,3,10.3291,1.1,step,1
3218,4,9.27006,1.25,step,2

frame,idx,score,alpha,step_norm,z_coarse
3219,0,6.66691,0.65,step,-2
3219,1,9.40942,0.8,step,-1
3219,2,11.1807,0.95,step,0
3219,3,10.329,1.1,step,1
3219,4,9.2707,1.25,step,2

frame,idx,score,alpha,step_norm,z_coarse
3220,0,6.66804,0.65,step,-2
3220,1,9.41275,0.8,step,-1
3220,2,11.1821,0.95,step,0
3220,3,10.3267,1.1,step,1
3220,4,9.26762,1.25,step,2

frame,idx,score,alpha,step_norm,z_coarse
3221,0,6.66637,0.65,step,-2
3221,1,9.40896,0.8,step,-1
3221,2,11.1795,0.95,step,0
3221,3,10.3234,1.1,step,1
3221,4,9.26368,1.25,step,2

frame,idx,score,alpha,step_norm,z_coarse
3222,0,6.66839,0.65,step,-2
3222,1,9.40903,0.8,step,-1
3222,2,11.1803,0.95,step,0
3222,3,10.3258,1.1,step,1
3222,4,9.26573,1.25,step,2

frame,idx,score,alpha,step_norm,z_coarse
3223,0,6.67121,0.65,step,-2
3223,1,9.41683,0.8,step,-1
3223,2,11.1844,0.95,step,0
3223,3,10.3242,1.1,step,1
3223,4,9.2623,1.25,step,2

frame,idx,score,alpha,step_norm,z_coarse
3224,0,6.67854,0.65,step,-2
3224,1,9.42615,0.8,step,-1
3224,2,11.1863,0.95,step,0
3224,3,10.3218,1.1,step,1
3224,4,9.2595,1.25,step,2

frame,idx,score,alpha,step_norm,z_coarse
3225,0,6.67826,0.65,step,-2
3225,1,9.42828,0.8,step,-1
3225,2,11.1934,0.95,step,0
3225,3,10.3292,1.1,step,1
3225,4,9.26513,1.25,step,2

frame,idx,score,alpha,step_norm,z_coarse
3226,0,6.67822,0.65,step,-2
3226,1,9.42554,0.8,step,-1
3226,2,11.1886,0.95,step,0
3226,3,10.326,1.1,step,1
3226,4,9.26176,1.25,step,2

frame,idx,score,alpha,step_norm,z_coarse
3227,0,6.68336,0.65,step,-2
3227,1,9.43254,0.8,step,-1
3227,2,11.1894,0.95,step,0
3227,3,10.3196,1.1,step,1
3227,4,9.25372,1.25,step,2

frame,idx,score,alpha,step_norm,z_coarse
3228,0,6.68478,0.65,step,-2
3228,1,9.43802,0.8,step,-1
3228,2,11.1894,0.95,step,0
3228,3,10.3172,1.1,step,1
3228,4,9.25265,1.25,step,2

frame,idx,score,alpha,step_norm,z_coarse
3229,0,6.68114,0.65,step,-2
3229,1,9.4338,0.8,step,-1
3229,2,11.1883,0.95,step,0
3229,3,10.3168,1.1,step,1
3229,4,9.25158,1.25,step,2

frame,idx,score,alpha,step_norm,z_coarse
3230,0,6.67926,0.65,step,-2
3230,1,9.42889,0.8,step,-1
3230,2,11.1863,0.95,step,0
3230,3,10.3176,1.1,step,1
3230,4,9.25293,1.25,step,2

frame,idx,score,alpha,step_norm,z_coarse
3231,0,6.68643,0.65,step,-2
3231,1,9.4387,0.8,step,-1
3231,2,11.1954,0.95,step,0
3231,3,10.3256,1.1,step,1
3231,4,9.26155,1.25,step,2

frame,idx,score,alpha,step_norm,z_coarse
3232,0,6.68611,0.65,step,-2
3232,1,9.43541,0.8,step,-1
3232,2,11.1863,0.95,step,0
3232,3,10.3155,1.1,step,1
3232,4,9.25015,1.25,step,2

frame,idx,score,alpha,step_norm,z_coarse
3233,0,6.68765,0.65,step,-2
3233,1,9.44033,0.8,step,-1
3233,2,11.1902,0.95,step,0
3233,3,10.3181,1.1,step,1
3233,4,9.25235,1.25,step,2

frame,idx,score,alpha,step_norm,z_coarse
3234,0,6.68959,0.65,step,-2
3234,1,9.43898,0.8,step,-1
3234,2,11.1896,0.95,step,0
3234,3,10.3198,1.1,step,1
3234,4,9.25629,1.25,step,2

frame,idx,score,alpha,step_norm,z_coarse
3235,0,6.68839,0.65,step,-2
3235,1,9.44312,0.8,step,-1
3235,2,11.1994,0.95,step,0
3235,3,10.3275,1.1,step,1
3235,4,9.26073,1.25,step,2

frame,idx,score,alpha,step_norm,z_coarse
3236,0,6.68562,0.65,step,-2
3236,1,9.43812,0.8,step,-1
3236,2,11.1911,0.95,step,0
3236,3,10.32,1.1,step,1
3236,4,9.25538,1.25,step,2

frame,idx,score,alpha,step_norm,z_coarse
3237,0,6.692,0.65,step,-2
3237,1,9.44283,0.8,step,-1
3237,2,11.192,0.95,step,0
3237,3,10.3196,1.1,step,1
3237,4,9.25497,1.25,step,2

frame,idx,score,alpha,step_norm,z_coarse
3238,0,6.69054,0.65,step,-2
3238,1,9.44712,0.8,step,-1
3238,2,11.1948,0.95,step,0
3238,3,10.3168,1.1,step,1
3238,4,9.24928,1.25,step,2

frame,idx,score,alpha,step_norm,z_coarse
3239,0,6.69221,0.65,step,-2
3239,1,9.45139,0.8,step,-1
3239,2,11.1957,0.95,step,0
3239,3,10.3133,1.1,step,1
3239,4,9.24288,1.25,step,2

frame,idx,score,alpha,step_norm,z_coarse
3240,0,6.69814,0.65,step,-2
3240,1,9.45767,0.8,step,-1
3240,2,11.1965,0.95,step,0
3240,3,10.3141,1.1,step,1
3240,4,9.2464,1.25,step,2

frame,idx,score,alpha,step_norm,z_coarse
3241,0,6.70838,0.65,step,-2
3241,1,9.46782,0.8,step,-1
3241,2,11.2021,0.95,step,0
3241,3,10.3138,1.1,step,1
3241,4,9.24253,1.25,step,2

frame,idx,score,alpha,step_norm,z_coarse
3242,0,6.70804,0.65,step,-2
3242,1,9.4715,0.8,step,-1
3242,2,11.1995,0.95,step,0
3242,3,10.3074,1.1,step,1
3242,4,9.23674,1.25,step,2

frame,idx,score,alpha,step_norm,z_coarse
3243,0,6.71198,0.65,step,-2
3243,1,9.47803,0.8,step,-1
3243,2,11.2036,0.95,step,0
3243,3,10.3082,1.1,step,1
3243,4,9.23664,1.25,step,2

frame,idx,score,alpha,step_norm,z_coarse
3244,0,6.71588,0.65,step,-2
3244,1,9.48273,0.8,step,-1
3244,2,11.2077,0.95,step,0
3244,3,10.3103,1.1,step,1
3244,4,9.23652,1.25,step,2

frame,idx,score,alpha,step_norm,z_coarse
3245,0,6.71844,0.65,step,-2
3245,1,9.48912,0.8,step,-1
3245,2,11.2142,0.95,step,0
3245,3,10.3139,1.1,step,1
3245,4,9.23751,1.25,step,2

frame,idx,score,alpha,step_norm,z_coarse
3246,0,6.7187,0.65,step,-2
3246,1,9.48854,0.8,step,-1
3246,2,11.2139,0.95,step,0
3246,3,10.3134,1.1,step,1
3246,4,9.23629,1.25,step,2

frame,idx,score,alpha,step_norm,z_coarse
3247,0,6.71656,0.65,step,-2
3247,1,9.4874,0.8,step,-1
3247,2,11.2082,0.95,step,0
3247,3,10.304,1.1,step,1
3247,4,9.22758,1.25,step,2

frame,idx,score,alpha,step_norm,z_coarse
3248,0,6.72227,0.65,step,-2
3248,1,9.49551,0.8,step,-1
3248,2,11.2099,0.95,step,0
3248,3,10.3069,1.1,step,1
3248,4,9.23349,1.25,step,2

frame,idx,score,alpha,step_norm,z_coarse
3249,0,6.72353,0.65,step,-2
3249,1,9.49672,0.8,step,-1
3249,2,11.2087,0.95,step,0
3249,3,10.3039,1.1,step,1
3249,4,9.22912,1.25,step,2

frame,idx,score,alpha,step_norm,z_coarse
3250,0,6.72539,0.65,step,-2
3250,1,9.49794,0.8,step,-1
3250,2,11.2135,0.95,step,0
3250,3,10.307,1.1,step,1
3250,4,9.23063,1.25,step,2

frame,idx,score,alpha,step_norm,z_coarse
3251,0,6.73265,0.65,step,-2
3251,1,9.51052,0.8,step,-1
3251,2,11.2223,0.95,step,0
3251,3,10.3078,1.1,step,1
3251,4,9.22664,1.25,step,2

frame,idx,score,alpha,step_norm,z_coarse
3252,0,6.73253,0.65,step,-2
3252,1,9.51289,0.8,step,-1
3252,2,11.217,0.95,step,0
3252,3,10.3018,1.1,step,1
3252,4,9.22364,1.25,step,2

frame,idx,score,alpha,step_norm,z_coarse
3253,0,6.73553,0.65,step,-2
3253,1,9.5132,0.8,step,-1
3253,2,11.2197,0.95,step,0
3253,3,10.3043,1.1,step,1
3253,4,9.22547,1.25,step,2

frame,idx,score,alpha,step_norm,z_coarse
3254,0,6.73848,0.65,step,-2
3254,1,9.51936,0.8,step,-1
3254,2,11.2307,0.95,step,0
3254,3,10.3133,1.1,step,1
3254,4,9.23025,1.25,step,2

frame,idx,score,alpha,step_norm,z_coarse
3255,0,6.73606,0.65,step,-2
3255,1,9.5159,0.8,step,-1
3255,2,11.2203,0.95,step,0
3255,3,10.3044,1.1,step,1
3255,4,9.22412,1.25,step,2

frame,idx,score,alpha,step_norm,z_coarse
3256,0,6.73358,0.65,step,-2
3256,1,9.51244,0.8,step,-1
3256,2,11.2223,0.95,step,0
3256,3,10.3055,1.1,step,1
3256,4,9.22324,1.25,step,2

frame,idx,score,alpha,step_norm,z_coarse
3257,0,6.73148,0.65,step,-2
3257,1,9.51011,0.8,step,-1
3257,2,11.2158,0.95,step,0
3257,3,10.2983,1.1,step,1
3257,4,9.21751,1.25,step,2

frame,idx,score,alpha,step_norm,z_coarse
3258,0,6.7365,0.65,step,-2
3258,1,9.51087,0.8,step,-1
3258,2,11.2191,0.95,step,0
3258,3,10.3057,1.1,step,1
3258,4,9.22552,1.25,step,2

frame,idx,score,alpha,step_norm,z_coarse
3259,0,6.73798,0.65,step,-2
3259,1,9.51595,0.8,step,-1
3259,2,11.2205,0.95,step,0
3259,3,10.3027,1.1,step,1
3259,4,9.22308,1.25,step,2

frame,idx,score,alpha,step_norm,z_coarse
3260,0,6.73961,0.65,step,-2
3260,1,9.51834,0.8,step,-1
3260,2,11.2195,0.95,step,0
3260,3,10.3015,1.1,step,1
3260,4,9.21979,1.25,step,2

frame,idx,score,alpha,step_norm,z_coarse
3261,0,6.73887,0.65,step,-2
3261,1,9.51988,0.8,step,-1
3261,2,11.2247,0.95,step,0
3261,3,10.3031,1.1,step,1
3261,4,9.21999,1.25,step,2

frame,idx,score,alpha,step_norm,z_coarse
3262,0,6.7425,0.65,step,-2
3262,1,9.52532,0.8,step,-1
3262,2,11.2265,0.95,step,0
3262,3,10.3029,1.1,step,1
3262,4,9.21932,1.25,step,2

frame,idx,score,alpha,step_norm,z_coarse
3263,0,6.74415,0.65,step,-2
3263,1,9.52722,0.8,step,-1
3263,2,11.2203,0.95,step,0
3263,3,10.2949,1.1,step,1
3263,4,9.2127,1.25,step,2

frame,idx,score,alpha,step_norm,z_coarse
3264,0,6.7484,0.65,step,-2
3264,1,9.53154,0.8,step,-1
3264,2,11.225,0.95,step,0
3264,3,10.2989,1.1,step,1
3264,4,9.21545,1.25,step,2

frame,idx,score,alpha,step_norm,z_coarse
3265,0,6.75226,0.65,step,-2
3265,1,9.54105,0.8,step,-1
3265,2,11.2301,0.95,step,0
3265,3,10.2992,1.1,step,1
3265,4,9.21548,1.25,step,2

frame,idx,score,alpha,step_norm,z_coarse
3266,0,6.75002,0.65,step,-2
3266,1,9.53475,0.8,step,-1
3266,2,11.2248,0.95,step,0
3266,3,10.2958,1.1,step,1
3266,4,9.21144,1.25,step,2

frame,idx,score,alpha,step_norm,z_coarse
3267,0,6.75321,0.65,step,-2
3267,1,9.54026,0.8,step,-1
3267,2,11.2295,0.95,step,0
3267,3,10.2982,1.1,step,1
3267,4,9.21233,1.25,step,2

frame,idx,score,alpha,step_norm,z_coarse
3268,0,6.75535,0.65,step,-2
3268,1,9.5482,0.8,step,-1
3268,2,11.2307,0.95,step,0
3268,3,10.2943,1.1,step,1
3268,4,9.20716,1.25,step,2

frame,idx,score,alpha,step_norm,z_coarse
3269,0,6.75787,0.65,step,-2
3269,1,9.54572,0.8,step,-1
3269,2,11.235,0.95,step,0
3269,3,10.3018,1.1,step,1
3269,4,9.2159,1.25,step,2

frame,idx,score,alpha,step_norm,z_coarse
3270,0,6.75596,0.65,step,-2
3270,1,9.5437,0.8,step,-1
3270,2,11.2307,0.95,step,0
3270,3,10.2961,1.1,step,1
3270,4,9.21021,1.25,step,2

frame,idx,score,alpha,step_norm,z_coarse
3271,0,6.75326,0.65,step,-2
3271,1,9.54158,0.8,step,-1
3271,2,11.2274,0.95,step,0
3271,3,10.2936,1.1,step,1
3271,4,9.20836,1.25,step,2

frame,idx,score,alpha,step_norm,z_coarse
3272,0,6.75407,0.65,step,-2
3272,1,9.54084,0.8,step,-1
3272,2,11.2248,0.95,step,0
3272,3,10.2917,1.1,step,1
3272,4,9.20542,1.25,step,2

frame,idx,score,alpha,step_norm,z_coarse
3273,0,6.76069,0.65,step,-2
3273,1,9.55095,0.8,step,-1
3273,2,11.2327,0.95,step,0
3273,3,10.2936,1.1,step,1
3273,4,9.20579,1.25,step,2

frame,idx,score,alpha,step_norm,z_coarse
3274,0,6.75922,0.65,step,-2
3274,1,9.55261,0.8,step,-1
3274,2,11.2329,0.95,step,0
3274,3,10.2955,1.1,step,1
3274,4,9.20771,1.25,step,2

frame,idx,score,alpha,step_norm,z_coarse
3275,0,6.76381,0.65,step,-2
3275,1,9.55726,0.8,step,-1
3275,2,11.2343,0.95,step,0
3275,3,10.2927,1.1,step,1
3275,4,9.20491,1.25,step,2

frame,idx,score,alpha,step_norm,z_coarse
3276,0,6.76412,0.65,step,-2
3276,1,9.55622,0.8,step,-1
3276,2,11.2304,0.95,step,0
3276,3,10.2883,1.1,step,1
3276,4,9.19981,1.25,step,2

frame,idx,score,alpha,step_norm,z_coarse
3277,0,6.76877,0.65,step,-2
3277,1,9.5619,0.8,step,-1
3277,2,11.241,0.95,step,0
3277,3,10.299,1.1,step,1
3277,4,9.20936,1.25,step,2

frame,idx,score,alpha,step_norm,z_coarse
3278,0,6.76451,0.65,step,-2
3278,1,9.55946,0.8,step,-1
3278,2,11.2337,0.95,step,0
3278,3,10.2918,1.1,step,1
3278,4,9.20419,1.25,step,2

frame,idx,score,alpha,step_norm,z_coarse
3279,0,6.7688,0.65,step,-2
3279,1,9.56581,0.8,step,-1
3279,2,11.2388,0.95,step,0
3279,3,10.2928,1.1,step,1
3279,4,9.20316,1.25,step,2

frame,idx,score,alpha,step_norm,z_coarse
3280,0,6.77003,0.65,step,-2
3280,1,9.56732,0.8,step,-1
3280,2,11.2403,0.95,step,0
3280,3,10.2925,1.1,step,1
3280,4,9.20103,1.25,step,2

frame,idx,score,alpha,step_norm,z_coarse
3281,0,6.77025,0.65,step,-2
3281,1,9.567,0.8,step,-1
3281,2,11.2397,0.95,step,0
3281,3,10.2947,1.1,step,1
3281,4,9.20617,1.25,step,2

frame,idx,score,alpha,step_norm,z_coarse
3282,0,6.7705,0.65,step,-2
3282,1,9.56679,0.8,step,-1
3282,2,11.2426,0.95,step,0
3282,3,10.2952,1.1,step,1
3282,4,9.20284,1.25,step,2

frame,idx,score,alpha,step_norm,z_coarse
3283,0,6.77022,0.65,step,-2
3283,1,9.56807,0.8,step,-1
3283,2,11.2372,0.95,step,0
3283,3,10.2904,1.1,step,1
3283,4,9.20004,1.25,step,2

frame,idx,score,alpha,step_norm,z_coarse
3284,0,6.77308,0.65,step,-2
3284,1,9.57089,0.8,step,-1
3284,2,11.2393,0.95,step,0
3284,3,10.2912,1.1,step,1
3284,4,9.20066,1.25,step,2

frame,idx,score,alpha,step_norm,z_coarse
3285,0,6.76754,0.65,step,-2
3285,1,9.56492,0.8,step,-1
3285,2,11.239,0.95,step,0
3285,3,10.2943,1.1,step,1
3285,4,9.20442,1.25,step,2

frame,idx,score,alpha,step_norm,z_coarse
3286,0,6.76829,0.65,step,-2
3286,1,9.56256,0.8,step,-1
3286,2,11.2342,0.95,step,0
3286,3,10.2902,1.1,step,1
3286,4,9.20172,1.25,step,2

frame,idx,score,alpha,step_norm,z_coarse
3287,0,6.77079,0.65,step,-2
3287,1,9.56872,0.8,step,-1
3287,2,11.2406,0.95,step,0
3287,3,10.2915,1.1,step,1
3287,4,9.19968,1.25,step,2

frame,idx,score,alpha,step_norm,z_coarse
3288,0,6.76965,0.65,step,-2
3288,1,9.56565,0.8,step,-1
3288,2,11.2367,0.95,step,0
3288,3,10.2926,1.1,step,1
3288,4,9.20424,1.25,step,2

frame,idx,score,alpha,step_norm,z_coarse
3289,0,6.76939,0.65,step,-2
3289,1,9.56898,0.8,step,-1
3289,2,11.2407,0.95,step,0
3289,3,10.2955,1.1,step,1
3289,4,9.20547,1.25,step,2

frame,idx,score,alpha,step_norm,z_coarse
3290,0,6.77027,0.65,step,-2
3290,1,9.56572,0.8,step,-1
3290,2,11.2361,0.95,step,0
3290,3,10.2906,1.1,step,1
3290,4,9.20223,1.25,step,2

frame,idx,score,alpha,step_norm,z_coarse
3291,0,6.77045,0.65,step,-2
3291,1,9.56723,0.8,step,-1
3291,2,11.2342,0.95,step,0
3291,3,10.2867,1.1,step,1
3291,4,9.19685,1.25,step,2

frame,idx,score,alpha,step_norm,z_coarse
3292,0,6.77359,0.65,step,-2
3292,1,9.57212,0.8,step,-1
3292,2,11.242,0.95,step,0
3292,3,10.2932,1.1,step,1
3292,4,9.20223,1.25,step,2

frame,idx,score,alpha,step_norm,z_coarse
3293,0,6.77104,0.65,step,-2
3293,1,9.56912,0.8,step,-1
3293,2,11.2429,0.95,step,0
3293,3,10.2946,1.1,step,1
3293,4,9.20273,1.25,step,2

frame,idx,score,alpha,step_norm,z_coarse
3294,0,6.77372,0.65,step,-2
3294,1,9.56883,0.8,step,-1
3294,2,11.2375,0.95,step,0
3294,3,10.2895,1.1,step,1
3294,4,9.20021,1.25,step,2

frame,idx,score,alpha,step_norm,z_coarse
3295,0,6.77041,0.65,step,-2
3295,1,9.56974,0.8,step,-1
3295,2,11.2425,0.95,step,0
3295,3,10.2936,1.1,step,1
3295,4,9.20075,1.25,step,2

frame,idx,score,alpha,step_norm,z_coarse
3296,0,6.77182,0.65,step,-2
3296,1,9.56553,0.8,step,-1
3296,2,11.237,0.95,step,0
3296,3,10.2912,1.1,step,1
3296,4,9.2016,1.25,step,2

frame,idx,score,alpha,step_norm,z_coarse
3297,0,6.76945,0.65,step,-2
3297,1,9.56605,0.8,step,-1
3297,2,11.2372,0.95,step,0
3297,3,10.2885,1.1,step,1
3297,4,9.19736,1.25,step,2

frame,idx,score,alpha,step_norm,z_coarse
3298,0,6.77773,0.65,step,-2
3298,1,9.5779,0.8,step,-1
3298,2,11.2454,0.95,step,0
3298,3,10.294,1.1,step,1
3298,4,9.20103,1.25,step,2

frame,idx,score,alpha,step_norm,z_coarse
3299,0,6.77876,0.65,step,-2
3299,1,9.5819,0.8,step,-1
3299,2,11.2485,0.95,step,0
3299,3,10.2944,1.1,step,1
3299,4,9.20032,1.25,step,2

frame,idx,score,alpha,step_norm,z_coarse
3300,0,6.7736,0.65,step,-2
3300,1,9.57518,0.8,step,-1
3300,2,11.2448,0.95,step,0
3300,3,10.2922,1.1,step,1
3300,4,9.1997,1.25,step,2

frame,idx,score,alpha,step_norm,z_coarse
3301,0,6.77585,0.65,step,-2
3301,1,9.57887,0.8,step,-1
3301,2,11.2458,0.95,step,0
3301,3,10.2959,1.1,step,1
3301,4,9.20424,1.25,step,2

frame,idx,score,alpha,step_norm,z_coarse
3302,0,6.77612,0.65,step,-2
3302,1,9.5769,0.8,step,-1
3302,2,11.241,0.95,step,0
3302,3,10.2885,1.1,step,1
3302,4,9.19624,1.25,step,2

frame,idx,score,alpha,step_norm,z_coarse
3303,0,6.7853,0.65,step,-2
3303,1,9.58993,0.8,step,-1
3303,2,11.2532,0.95,step,0
3303,3,10.2946,1.1,step,1
3303,4,9.19813,1.25,step,2

frame,idx,score,alpha,step_norm,z_coarse
3304,0,6.7856,0.65,step,-2
3304,1,9.58668,0.8,step,-1
3304,2,11.252,0.95,step,0
3304,3,10.2961,1.1,step,1
3304,4,9.20176,1.25,step,2

frame,idx,score,alpha,step_norm,z_coarse
3305,0,6.77742,0.65,step,-2
3305,1,9.58002,0.8,step,-1
3305,2,11.244,0.95,step,0
3305,3,10.2886,1.1,step,1
3305,4,9.19579,1.25,step,2

frame,idx,score,alpha,step_norm,z_coarse
3306,0,6.77865,0.65,step,-2
3306,1,9.57882,0.8,step,-1
3306,2,11.2436,0.95,step,0
3306,3,10.2901,1.1,step,1
3306,4,9.19755,1.25,step,2

frame,idx,score,alpha,step_norm,z_coarse
3307,0,6.77899,0.65,step,-2
3307,1,9.5815,0.8,step,-1
3307,2,11.2439,0.95,step,0
3307,3,10.2889,1.1,step,1
3307,4,9.19471,1.25,step,2

frame,idx,score,alpha,step_norm,z_coarse
3308,0,6.77269,0.65,step,-2
3308,1,9.57466,0.8,step,-1
3308,2,11.2413,0.95,step,0
3308,3,10.2883,1.1,step,1
3308,4,9.19552,1.25,step,2

frame,idx,score,alpha,step_norm,z_coarse
3309,0,6.77314,0.65,step,-2
3309,1,9.57384,0.8,step,-1
3309,2,11.2451,0.95,step,0
3309,3,10.2957,1.1,step,1
3309,4,9.204,1.25,step,2

frame,idx,score,alpha,step_norm,z_coarse
3310,0,6.77217,0.65,step,-2
3310,1,9.57511,0.8,step,-1
3310,2,11.2435,0.95,step,0
3310,3,10.293,1.1,step,1
3310,4,9.20081,1.25,step,2

frame,idx,score,alpha,step_norm,z_coarse
3311,0,6.7709,0.65,step,-2
3311,1,9.57136,0.8,step,-1
3311,2,11.2404,0.95,step,0
3311,3,10.2932,1.1,step,1
3311,4,9.20253,1.25,step,2

frame,idx,score,alpha,step_norm,z_coarse
3312,0,6.77502,0.65,step,-2
3312,1,9.57458,0.8,step,-1
3312,2,11.2477,0.95,step,0
3312,3,10.2969,1.1,step,1
3312,4,9.20341,1.25,step,2

frame,idx,score,alpha,step_norm,z_coarse
3313,0,6.77149,0.65,step,-2
3313,1,9.56922,0.8,step,-1
3313,2,11.2341,0.95,step,0
3313,3,10.2828,1.1,step,1
3313,4,9.1922,1.25,step,2

frame,idx,score,alpha,step_norm,z_coarse
3314,0,6.77567,0.65,step,-2
3314,1,9.57471,0.8,step,-1
3314,2,11.2411,0.95,step,0
3314,3,10.2897,1.1,step,1
3314,4,9.19736,1.25,step,2

frame,idx,score,alpha,step_norm,z_coarse
3315,0,6.7797,0.65,step,-2
3315,1,9.57877,0.8,step,-1
3315,2,11.2397,0.95,step,0
3315,3,10.2861,1.1,step,1
3315,4,9.19458,1.25,step,2

frame,idx,score,alpha,step_norm,z_coarse
3316,0,6.77706,0.65,step,-2
3316,1,9.57729,0.8,step,-1
3316,2,11.2391,0.95,step,0
3316,3,10.2881,1.1,step,1
3316,4,9.19707,1.25,step,2

frame,idx,score,alpha,step_norm,z_coarse
3317,0,6.78202,0.65,step,-2
3317,1,9.57957,0.8,step,-1
3317,2,11.2373,0.95,step,0
3317,3,10.2859,1.1,step,1
3317,4,9.19725,1.25,step,2

frame,idx,score,alpha,step_norm,z_coarse
3318,0,6.77764,0.65,step,-2
3318,1,9.5799,0.8,step,-1
3318,2,11.2471,0.95,step,0
3318,3,10.2959,1.1,step,1
3318,4,9.20514,1.25,step,2

frame,idx,score,alpha,step_norm,z_coarse
3319,0,6.78117,0.65,step,-2
3319,1,9.58506,0.8,step,-1
3319,2,11.2502,0.95,step,0
3319,3,10.2931,1.1,step,1
3319,4,9.19853,1.25,step,2

frame,idx,score,alpha,step_norm,z_coarse
3320,0,6.78025,0.65,step,-2
3320,1,9.58182,0.8,step,-1
3320,2,11.2423,0.95,step,0
3320,3,10.2878,1.1,step,1
3320,4,9.19616,1.25,step,2

frame,idx,score,alpha,step_norm,z_coarse
3321,0,6.78888,0.65,step,-2
3321,1,9.59338,0.8,step,-1
3321,2,11.2474,0.95,step,0
3321,3,10.2873,1.1,step,1
3321,4,9.19413,1.25,step,2

frame,idx,score,alpha,step_norm,z_coarse
3322,0,6.78876,0.65,step,-2
3322,1,9.59458,0.8,step,-1
3322,2,11.251,0.95,step,0
3322,3,10.2914,1.1,step,1
3322,4,9.19736,1.25,step,2

frame,idx,score,alpha,step_norm,z_coarse
3323,0,6.78678,0.65,step,-2
3323,1,9.59546,0.8,step,-1
3323,2,11.253,0.95,step,0
3323,3,10.2928,1.1,step,1
3323,4,9.19797,1.25,step,2

frame,idx,score,alpha,step_norm,z_coarse
3324,0,6.78154,0.65,step,-2
3324,1,9.58408,0.8,step,-1
3324,2,11.244,0.95,step,0
3324,3,10.2855,1.1,step,1
3324,4,9.1905,1.25,step,2

frame,idx,score,alpha,step_norm,z_coarse
3325,0,6.78955,0.65,step,-2
3325,1,9.59759,0.8,step,-1
3325,2,11.2542,0.95,step,0
3325,3,10.2925,1.1,step,1
3325,4,9.19494,1.25,step,2

frame,idx,score,alpha,step_norm,z_coarse
3326,0,6.79249,0.65,step,-2
3326,1,9.60153,0.8,step,-1
3326,2,11.2601,0.95,step,0
3326,3,10.2966,1.1,step,1
3326,4,9.19832,1.25,step,2

frame,idx,score,alpha,step_norm,z_coarse
3327,0,6.78455,0.65,step,-2
3327,1,9.59048,0.8,step,-1
3327,2,11.2516,0.95,step,0
3327,3,10.2905,1.1,step,1
3327,4,9.1955,1.25,step,2

frame,idx,score,alpha,step_norm,z_coarse
3328,0,6.78918,0.65,step,-2
3328,1,9.59678,0.8,step,-1
3328,2,11.2519,0.95,step,0
3328,3,10.2874,1.1,step,1
3328,4,9.19012,1.25,step,2

frame,idx,score,alpha,step_norm,z_coarse
3329,0,6.79402,0.65,step,-2
3329,1,9.60541,0.8,step,-1
3329,2,11.2545,0.95,step,0
3329,3,10.288,1.1,step,1
3329,4,9.19157,1.25,step,2

frame,idx,score,alpha,step_norm,z_coarse
3330,0,6.81247,0.65,step,-2
3330,1,9.63552,0.8,step,-1
3330,2,11.2611,0.95,step,0
3330,3,10.2769,1.1,step,1
3330,4,9.17534,1.25,step,2

frame,idx,score,alpha,step_norm,z_coarse
3331,0,6.81797,0.65,step,-2
3331,1,9.64284,0.8,step,-1
3331,2,11.2624,0.95,step,0
3331,3,10.2728,1.1,step,1
3331,4,9.16892,1.25,step,2

frame,idx,score,alpha,step_norm,z_coarse
3332,0,6.83946,0.65,step,-2
3332,1,9.67908,0.8,step,-1
3332,2,11.2855,0.95,step,0
3332,3,10.2781,1.1,step,1
3332,4,9.16613,1.25,step,2

frame,idx,score,alpha,step_norm,z_coarse
3333,0,6.85604,0.65,step,-2
3333,1,9.70449,0.8,step,-1
3333,2,11.2889,0.95,step,0
3333,3,10.2674,1.1,step,1
3333,4,9.15375,1.25,step,2

frame,idx,score,alpha,step_norm,z_coarse
3334,0,6.8649,0.65,step,-2
3334,1,9.71306,0.8,step,-1
3334,2,11.2884,0.95,step,0
3334,3,10.2637,1.1,step,1
3334,4,9.15102,1.25,step,2

frame,idx,score,alpha,step_norm,z_coarse
3335,0,6.88787,0.65,step,-2
3335,1,9.75192,0.8,step,-1
3335,2,11.3064,0.95,step,0
3335,3,10.2598,1.1,step,1
3335,4,9.1363,1.25,step,2

frame,idx,score,alpha,step_norm,z_coarse
3336,0,6.90661,0.65,step,-2
3336,1,9.7781,0.8,step,-1
3336,2,11.3147,0.95,step,0
3336,3,10.2556,1.1,step,1
3336,4,9.13033,1.25,step,2

frame,idx,score,alpha,step_norm,z_coarse
3337,0,6.94136,0.65,step,-2
3337,1,9.83569,0.8,step,-1
3337,2,11.3296,0.95,step,0
3337,3,10.2386,1.1,step,1
3337,4,9.10464,1.25,step,2

frame,idx,score,alpha,step_norm,z_coarse
3338,0,6.95393,0.65,step,-2
3338,1,9.85179,0.8,step,-1
3338,2,11.3329,0.95,step,0
3338,3,10.2363,1.1,step,1
3338,4,9.10136,1.25,step,2

frame,idx,score,alpha,step_norm,z_coarse
3339,0,6.97703,0.65,step,-2
3339,1,9.89444,0.8,step,-1
3339,2,11.3534,0.95,step,0
3339,3,10.2346,1.1,step,1
3339,4,9.09292,1.25,step,2

frame,idx,score,alpha,step_norm,z_coarse
3340,0,6.98053,0.65,step,-2
3340,1,9.89861,0.8,step,-1
3340,2,11.3539,0.95,step,0
3340,3,10.2338,1.1,step,1
3340,4,9.09087,1.25,step,2

frame,idx,score,alpha,step_norm,z_coarse
3341,0,7.0212,0.65,step,-2
3341,1,9.96061,0.8,step,-1
3341,2,11.3744,0.95,step,0
3341,3,10.2259,1.1,step,1
3341,4,9.07772,1.25,step,2

frame,idx,score,alpha,step_norm,z_coarse
3342,0,7.02444,0.65,step,-2
3342,1,9.96665,0.8,step,-1
3342,2,11.3782,0.95,step,0
3342,3,10.2258,1.1,step,1
3342,4,9.07348,1.25,step,2

frame,idx,score,alpha,step_norm,z_coarse
3343,0,7.04431,0.65,step,-2
3343,1,9.996,0.8,step,-1
3343,2,11.3895,0.95,step,0
3343,3,10.2268,1.1,step,1
3343,4,9.07213,1.25,step,2

frame,idx,score,alpha,step_norm,z_coarse
3344,0,7.07145,0.65,step,-2
3344,1,10.0333,0.8,step,-1
3344,2,11.3955,0.95,step,0
3344,3,10.2141,1.1,step,1
3344,4,9.05586,1.25,step,2

frame,idx,score,alpha,step_norm,z_coarse
3345,0,7.08172,0.65,step,-2
3345,1,10.0501,0.8,step,-1
3345,2,11.4053,0.95,step,0
3345,3,10.2163,1.1,step,1
3345,4,9.05515,1.25,step,2

frame,idx,score,alpha,step_norm,z_coarse
3346,0,7.08776,0.65,step,-2
3346,1,10.0613,0.8,step,-1
3346,2,11.4073,0.95,step,0
3346,3,10.212,1.1,step,1
3346,4,9.05086,1.25,step,2

frame,idx,score,alpha,step_norm,z_coarse
3347,0,7.12052,0.65,step,-2
3347,1,10.1133,0.8,step,-1
3347,2,11.4277,0.95,step,0
3347,3,10.2139,1.1,step,1
3347,4,9.04841,1.25,step,2

frame,idx,score,alpha,step_norm,z_coarse
3348,0,7.13847,0.65,step,-2
3348,1,10.1402,0.8,step,-1
3348,2,11.4304,0.95,step,0
3348,3,10.2057,1.1,step,1
3348,4,9.03803,1.25,step,2

frame,idx,score,alpha,step_norm,z_coarse
3349,0,7.14607,0.65,step,-2
3349,1,10.1508,0.8,step,-1
3349,2,11.4299,0.95,step,0
3349,3,10.2016,1.1,step,1
3349,4,9.0347,1.25,step,2

frame,idx,score,alpha,step_norm,z_coarse
3350,0,7.19684,0.65,step,-2
3350,1,10.2247,0.8,step,-1
3350,2,11.4484,0.95,step,0
3350,3,10.1881,1.1,step,1
3350,4,9.01417,1.25,step,2

frame,idx,score,alpha,step_norm,z_coarse
3351,0,7.21258,0.65,step,-2
3351,1,10.2462,0.8,step,-1
3351,2,11.4441,0.95,step,0
3351,3,10.1767,1.1,step,1
3351,4,9.00473,1.25,step,2

frame,idx,score,alpha,step_norm,z_coarse
3352,0,7.2197,0.65,step,-2
3352,1,10.2573,0.8,step,-1
3352,2,11.4503,0.95,step,0
3352,3,10.1803,1.1,step,1
3352,4,9.00818,1.25,step,2

frame,idx,score,alpha,step_norm,z_coarse
3353,0,7.28097,0.65,step,-2
3353,1,10.3439,0.8,step,-1
3353,2,11.4605,0.95,step,0
3353,3,10.1602,1.1,step,1
3353,4,8.98634,1.25,step,2

frame,idx,score,alpha,step_norm,z_coarse
3354,0,7.28725,0.65,step,-2
3354,1,10.3531,0.8,step,-1
3354,2,11.4643,0.95,step,0
3354,3,10.1618,1.1,step,1
3354,4,8.98598,1.25,step,2

frame,idx,score,alpha,step_norm,z_coarse
3355,0,7.32496,0.65,step,-2
3355,1,10.4005,0.8,step,-1
3355,2,11.4616,0.95,step,0
3355,3,10.1449,1.1,step,1
3355,4,8.97268,1.25,step,2

frame,idx,score,alpha,step_norm,z_coarse
3356,0,7.3657,0.65,step,-2
3356,1,10.452,0.8,step,-1
3356,2,11.4575,0.95,step,0
3356,3,10.1276,1.1,step,1
3356,4,8.96093,1.25,step,2

frame,idx,score,alpha,step_norm,z_coarse
3357,0,7.37838,0.65,step,-2
3357,1,10.4668,0.8,step,-1
3357,2,11.4578,0.95,step,0
3357,3,10.1225,1.1,step,1
3357,4,8.95455,1.25,step,2

frame,idx,score,alpha,step_norm,z_coarse
3358,0,7.40952,0.65,step,-2
3358,1,10.5055,0.8,step,-1
3358,2,11.4536,0.95,step,0
3358,3,10.1131,1.1,step,1
3358,4,8.95269,1.25,step,2

frame,idx,score,alpha,step_norm,z_coarse
3359,0,7.41599,0.65,step,-2
3359,1,10.514,0.8,step,-1
3359,2,11.4507,0.95,step,0
3359,3,10.1072,1.1,step,1
3359,4,8.94649,1.25,step,2

frame,idx,score,alpha,step_norm,z_coarse
3360,0,7.42321,0.65,step,-2
3360,1,10.5171,0.8,step,-1
3360,2,11.4503,0.95,step,0
3360,3,10.1079,1.1,step,1
3360,4,8.9479,1.25,step,2

frame,idx,score,alpha,step_norm,z_coarse
3361,0,7.47851,0.65,step,-2
3361,1,10.5801,0.8,step,-1
3361,2,11.4264,0.95,step,0
3361,3,10.0699,1.1,step,1
3361,4,8.91986,1.25,step,2

frame,idx,score,alpha,step_norm,z_coarse
3362,0,7.50181,0.65,step,-2
3362,1,10.6031,0.8,step,-1
3362,2,11.4187,0.95,step,0
3362,3,10.0588,1.1,step,1
3362,4,8.91434,1.25,step,2

frame,idx,score,alpha,step_norm,z_coarse
3363,0,7.52912,0.65,step,-2
3363,1,10.6269,0.8,step,-1
3363,2,11.4018,0.95,step,0
3363,3,10.0411,1.1,step,1
3363,4,8.90274,1.25,step,2

frame,idx,score,alpha,step_norm,z_coarse
3364,0,7.54186,0.65,step,-2
3364,1,10.6388,0.8,step,-1
3364,2,11.3971,0.95,step,0
3364,3,10.0357,1.1,step,1
3364,4,8.89924,1.25,step,2

frame,idx,score,alpha,step_norm,z_coarse
3365,0,7.55703,0.65,step,-2
3365,1,10.6503,0.8,step,-1
3365,2,11.3883,0.95,step,0
3365,3,10.025,1.1,step,1
3365,4,8.89058,1.25,step,2

frame,idx,score,alpha,step_norm,z_coarse
3366,0,7.57015,0.65,step,-2
3366,1,10.6595,0.8,step,-1
3366,2,11.3692,0.95,step,0
3366,3,10.0071,1.1,step,1
3366,4,8.8786,1.25,step,2

frame,idx,score,alpha,step_norm,z_coarse
3367,0,7.57584,0.65,step,-2
3367,1,10.6568,0.8,step,-1
3367,2,11.3668,0.95,step,0
3367,3,10.0093,1.1,step,1
3367,4,8.88295,1.25,step,2

frame,idx,score,alpha,step_norm,z_coarse
3368,0,7.57799,0.65,step,-2
3368,1,10.6594,0.8,step,-1
3368,2,11.3597,0.95,step,0
3368,3,10.0011,1.1,step,1
3368,4,8.87793,1.25,step,2

frame,idx,score,alpha,step_norm,z_coarse
3369,0,7.58787,0.65,step,-2
3369,1,10.6719,0.8,step,-1
3369,2,11.3548,0.95,step,0
3369,3,9.99227,1.1,step,1
3369,4,8.86849,1.25,step,2

frame,idx,score,alpha,step_norm,z_coarse
3370,0,7.60193,0.65,step,-2
3370,1,10.679,0.8,step,-1
3370,2,11.3365,0.95,step,0
3370,3,9.97476,1.1,step,1
3370,4,8.85612,1.25,step,2

frame,idx,score,alpha,step_norm,z_coarse
3371,0,7.60935,0.65,step,-2
3371,1,10.6821,0.8,step,-1
3371,2,11.3343,0.95,step,0
3371,3,9.97712,1.1,step,1
3371,4,8.86337,1.25,step,2

frame,idx,score,alpha,step_norm,z_coarse
3372,0,7.60263,0.65,step,-2
3372,1,10.6772,0.8,step,-1
3372,2,11.3359,0.95,step,0
3372,3,9.97685,1.1,step,1
3372,4,8.85975,1.25,step,2

frame,idx,score,alpha,step_norm,z_coarse
3373,0,7.60643,0.65,step,-2
3373,1,10.6822,0.8,step,-1
3373,2,11.3428,0.95,step,0
3373,3,9.98194,1.1,step,1
3373,4,8.86291,1.25,step,2

frame,idx,score,alpha,step_norm,z_coarse
3374,0,7.5992,0.65,step,-2
3374,1,10.674,0.8,step,-1
3374,2,11.3367,0.95,step,0
3374,3,9.97658,1.1,step,1
3374,4,8.85793,1.25,step,2

frame,idx,score,alpha,step_norm,z_coarse
3375,0,7.5926,0.65,step,-2
3375,1,10.671,0.8,step,-1
3375,2,11.3411,0.95,step,0
3375,3,9.98268,1.1,step,1
3375,4,8.86533,1.25,step,2

frame,idx,score,alpha,step_norm,z_coarse
3376,0,7.59553,0.65,step,-2
3376,1,10.6696,0.8,step,-1
3376,2,11.3407,0.95,step,0
3376,3,9.98514,1.1,step,1
3376,4,8.86765,1.25,step,2

frame,idx,score,alpha,step_norm,z_coarse
3377,0,7.59528,0.65,step,-2
3377,1,10.6765,0.8,step,-1
3377,2,11.349,0.95,step,0
3377,3,9.98775,1.1,step,1
3377,4,8.86733,1.25,step,2

frame,idx,score,alpha,step_norm,z_coarse
3378,0,7.58822,0.65,step,-2
3378,1,10.6713,0.8,step,-1
3378,2,11.359,0.95,step,0
3378,3,9.99787,1.1,step,1
3378,4,8.87346,1.25,step,2

frame,idx,score,alpha,step_norm,z_coarse
3379,0,7.5838,0.65,step,-2
3379,1,10.666,0.8,step,-1
3379,2,11.3523,0.95,step,0
3379,3,9.99385,1.1,step,1
3379,4,8.87376,1.25,step,2

frame,idx,score,alpha,step_norm,z_coarse
3380,0,7.58283,0.65,step,-2
3380,1,10.6711,0.8,step,-1
3380,2,11.3616,0.95,step,0
3380,3,9.99931,1.1,step,1
3380,4,8.87571,1.25,step,2

frame,idx,score,alpha,step_norm,z_coarse
3381,0,7.57879,0.65,step,-2
3381,1,10.6614,0.8,step,-1
3381,2,11.3585,0.95,step,0
3381,3,9.99686,1.1,step,1
3381,4,8.87226,1.25,step,2

frame,idx,score,alpha,step_norm,z_coarse
3382,0,7.57558,0.65,step,-2
3382,1,10.6649,0.8,step,-1
3382,2,11.3638,0.95,step,0
3382,3,9.99799,1.1,step,1
3382,4,8.87,1.25,step,2

frame,idx,score,alpha,step_norm,z_coarse
3383,0,7.57217,0.65,step,-2
3383,1,10.6635,0.8,step,-1
3383,2,11.3705,0.95,step,0
3383,3,10.0098,1.1,step,1
3383,4,8.88468,1.25,step,2

frame,idx,score,alpha,step_norm,z_coarse
3384,0,7.56598,0.65,step,-2
3384,1,10.6565,0.8,step,-1
3384,2,11.3699,0.95,step,0
3384,3,10.0077,1.1,step,1
3384,4,8.87906,1.25,step,2

frame,idx,score,alpha,step_norm,z_coarse
3385,0,7.55651,0.65,step,-2
3385,1,10.6474,0.8,step,-1
3385,2,11.3734,0.95,step,0
3385,3,10.0112,1.1,step,1
3385,4,8.88141,1.25,step,2

frame,idx,score,alpha,step_norm,z_coarse
3386,0,7.54883,0.65,step,-2
3386,1,10.6441,0.8,step,-1
3386,2,11.3871,0.95,step,0
3386,3,10.0261,1.1,step,1
3386,4,8.89358,1.25,step,2

frame,idx,score,alpha,step_norm,z_coarse
3387,0,7.53201,0.65,step,-2
3387,1,10.6277,0.8,step,-1
3387,2,11.3895,0.95,step,0
3387,3,10.0274,1.1,step,1
3387,4,8.89144,1.25,step,2

frame,idx,score,alpha,step_norm,z_coarse
3388,0,7.53128,0.65,step,-2
3388,1,10.6302,0.8,step,-1
3388,2,11.3984,0.95,step,0
3388,3,10.0357,1.1,step,1
3388,4,8.89746,1.25,step,2

frame,idx,score,alpha,step_norm,z_coarse
3389,0,7.52389,0.65,step,-2
3389,1,10.6243,0.8,step,-1
3389,2,11.4064,0.95,step,0
3389,3,10.0421,1.1,step,1
3389,4,8.90099,1.25,step,2

frame,idx,score,alpha,step_norm,z_coarse
3390,0,7.51982,0.65,step,-2
3390,1,10.6246,0.8,step,-1
3390,2,11.4128,0.95,step,0
3390,3,10.0452,1.1,step,1
3390,4,8.90172,1.25,step,2

frame,idx,score,alpha,step_norm,z_coarse
3391,0,7.50879,0.65,step,-2
3391,1,10.6093,0.8,step,-1
3391,2,11.4151,0.95,step,0
3391,3,10.053,1.1,step,1
3391,4,8.90791,1.25,step,2

frame,idx,score,alpha,step_norm,z_coarse
3392,0,7.50218,0.65,step,-2
3392,1,10.6021,0.8,step,-1
3392,2,11.4084,0.95,step,0
3392,3,10.045,1.1,step,1
3392,4,8.9,1.25,step,2

frame,idx,score,alpha,step_norm,z_coarse
3393,0,7.4994,0.65,step,-2
3393,1,10.6016,0.8,step,-1
3393,2,11.4143,0.95,step,0
3393,3,10.0527,1.1,step,1
3393,4,8.90565,1.25,step,2

frame,idx,score,alpha,step_norm,z_coarse
3394,0,7.503,0.65,step,-2
3394,1,10.6013,0.8,step,-1
3394,2,11.4168,0.95,step,0
3394,3,10.0544,1.1,step,1
3394,4,8.90743,1.25,step,2

frame,idx,score,alpha,step_norm,z_coarse
3395,0,7.48639,0.65,step,-2
3395,1,10.5913,0.8,step,-1
3395,2,11.4186,0.95,step,0
3395,3,10.0567,1.1,step,1
3395,4,8.90877,1.25,step,2

frame,idx,score,alpha,step_norm,z_coarse
3396,0,7.48259,0.65,step,-2
3396,1,10.5855,0.8,step,-1
3396,2,11.4225,0.95,step,0
3396,3,10.0636,1.1,step,1
3396,4,8.91488,1.25,step,2

frame,idx,score,alpha,step_norm,z_coarse
3397,0,7.48301,0.65,step,-2
3397,1,10.585,0.8,step,-1
3397,2,11.4217,0.95,step,0
3397,3,10.0601,1.1,step,1
3397,4,8.90841,1.25,step,2

frame,idx,score,alpha,step_norm,z_coarse
3398,0,7.4798,0.65,step,-2
3398,1,10.5823,0.8,step,-1
3398,2,11.4258,0.95,step,0
3398,3,10.0645,1.1,step,1
3398,4,8.91299,1.25,step,2

frame,idx,score,alpha,step_norm,z_coarse
3399,0,7.47276,0.65,step,-2
3399,1,10.5726,0.8,step,-1
3399,2,11.4212,0.95,step,0
3399,3,10.0626,1.1,step,1
3399,4,8.91134,1.25,step,2

frame,idx,score,alpha,step_norm,z_coarse
3400,0,7.47782,0.65,step,-2
3400,1,10.5754,0.8,step,-1
3400,2,11.424,0.95,step,0
3400,3,10.0668,1.1,step,1
3400,4,8.91393,1.25,step,2

frame,idx,score,alpha,step_norm,z_coarse
3401,0,7.47291,0.65,step,-2
3401,1,10.5787,0.8,step,-1
3401,2,11.4284,0.95,step,0
3401,3,10.0691,1.1,step,1
3401,4,8.91741,1.25,step,2

frame,idx,score,alpha,step_norm,z_coarse
3402,0,7.47854,0.65,step,-2
3402,1,10.5789,0.8,step,-1
3402,2,11.4244,0.95,step,0
3402,3,10.0652,1.1,step,1
3402,4,8.91478,1.25,step,2

frame,idx,score,alpha,step_norm,z_coarse
3403,0,7.47321,0.65,step,-2
3403,1,10.576,0.8,step,-1
3403,2,11.4263,0.95,step,0
3403,3,10.0663,1.1,step,1
3403,4,8.91264,1.25,step,2

frame,idx,score,alpha,step_norm,z_coarse
3404,0,7.47329,0.65,step,-2
3404,1,10.5757,0.8,step,-1
3404,2,11.4263,0.95,step,0
3404,3,10.0653,1.1,step,1
3404,4,8.91269,1.25,step,2

frame,idx,score,alpha,step_norm,z_coarse
3405,0,7.4655,0.65,step,-2
3405,1,10.5679,0.8,step,-1
3405,2,11.4293,0.95,step,0
3405,3,10.0735,1.1,step,1
3405,4,8.92069,1.25,step,2

frame,idx,score,alpha,step_norm,z_coarse
3406,0,7.46402,0.65,step,-2
3406,1,10.568,0.8,step,-1
3406,2,11.4306,0.95,step,0
3406,3,10.0717,1.1,step,1
3406,4,8.91674,1.25,step,2

frame,idx,score,alpha,step_norm,z_coarse
3407,0,7.46449,0.65,step,-2
3407,1,10.5655,0.8,step,-1
3407,2,11.4269,0.95,step,0
3407,3,10.0677,1.1,step,1
3407,4,8.91232,1.25,step,2

frame,idx,score,alpha,step_norm,z_coarse
3408,0,7.4627,0.65,step,-2
3408,1,10.5645,0.8,step,-1
3408,2,11.4263,0.95,step,0
3408,3,10.067,1.1,step,1
3408,4,8.91403,1.25,step,2

frame,idx,score,alpha,step_norm,z_coarse
3409,0,7.46482,0.65,step,-2
3409,1,10.5675,0.8,step,-1
3409,2,11.4217,0.95,step,0
3409,3,10.0633,1.1,step,1
3409,4,8.91333,1.25,step,2

frame,idx,score,alpha,step_norm,z_coarse
3410,0,7.46758,0.65,step,-2
3410,1,10.5705,0.8,step,-1
3410,2,11.4305,0.95,step,0
3410,3,10.0725,1.1,step,1
3410,4,8.91854,1.25,step,2

frame,idx,score,alpha,step_norm,z_coarse
3411,0,7.46468,0.65,step,-2
3411,1,10.5661,0.8,step,-1
3411,2,11.4289,0.95,step,0
3411,3,10.0745,1.1,step,1
3411,4,8.92234,1.25,step,2

frame,idx,score,alpha,step_norm,z_coarse
3412,0,7.46537,0.65,step,-2
3412,1,10.5701,0.8,step,-1
3412,2,11.4349,0.95,step,0
3412,3,10.0759,1.1,step,1
3412,4,8.92031,1.25,step,2

frame,idx,score,alpha,step_norm,z_coarse
3413,0,7.46505,0.65,step,-2
3413,1,10.5641,0.8,step,-1
3413,2,11.4227,0.95,step,0
3413,3,10.0663,1.1,step,1
3413,4,8.91449,1.25,step,2

frame,idx,score,alpha,step_norm,z_coarse
3414,0,7.46614,0.65,step,-2
3414,1,10.5697,0.8,step,-1
3414,2,11.4307,0.95,step,0
3414,3,10.0722,1.1,step,1
3414,4,8.91904,1.25,step,2

frame,idx,score,alpha,step_norm,z_coarse
3415,0,7.46338,0.65,step,-2
3415,1,10.5624,0.8,step,-1
3415,2,11.428,0.95,step,0
3415,3,10.0722,1.1,step,1
3415,4,8.91827,1.25,step,2

frame,idx,score,alpha,step_norm,z_coarse
3416,0,7.46243,0.65,step,-2
3416,1,10.5655,0.8,step,-1
3416,2,11.4328,0.95,step,0
3416,3,10.0733,1.1,step,1
3416,4,8.91701,1.25,step,2

frame,idx,score,alpha,step_norm,z_coarse
3417,0,7.45937,0.65,step,-2
3417,1,10.5625,0.8,step,-1
3417,2,11.4305,0.95,step,0
3417,3,10.0739,1.1,step,1
3417,4,8.91902,1.25,step,2

frame,idx,score,alpha,step_norm,z_coarse
3418,0,7.47022,0.65,step,-2
3418,1,10.5745,0.8,step,-1
3418,2,11.4367,0.95,step,0
3418,3,10.075,1.1,step,1
3418,4,8.91904,1.25,step,2

frame,idx,score,alpha,step_norm,z_coarse
3419,0,7.46063,0.65,step,-2
3419,1,10.5627,0.8,step,-1
3419,2,11.4293,0.95,step,0
3419,3,10.0719,1.1,step,1
3419,4,8.91824,1.25,step,2

frame,idx,score,alpha,step_norm,z_coarse
3420,0,7.46292,0.65,step,-2
3420,1,10.5638,0.8,step,-1
3420,2,11.4266,0.95,step,0
3420,3,10.0694,1.1,step,1
3420,4,8.91546,1.25,step,2

frame,idx,score,alpha,step_norm,z_coarse
3421,0,7.46874,0.65,step,-2
3421,1,10.5677,0.8,step,-1
3421,2,11.4234,0.95,step,0
3421,3,10.0661,1.1,step,1
3421,4,8.91509,1.25,step,2

frame,idx,score,alpha,step_norm,z_coarse
3422,0,7.46684,0.65,step,-2
3422,1,10.5684,0.8,step,-1
3422,2,11.43,0.95,step,0
3422,3,10.0717,1.1,step,1
3422,4,8.91852,1.25,step,2

frame,idx,score,alpha,step_norm,z_coarse
3423,0,7.46719,0.65,step,-2
3423,1,10.5688,0.8,step,-1
3423,2,11.4268,0.95,step,0
3423,3,10.0689,1.1,step,1
3423,4,8.91715,1.25,step,2

frame,idx,score,alpha,step_norm,z_coarse
3424,0,7.47087,0.65,step,-2
3424,1,10.5737,0.8,step,-1
3424,2,11.4326,0.95,step,0
3424,3,10.0752,1.1,step,1
3424,4,8.92058,1.25,step,2

frame,idx,score,alpha,step_norm,z_coarse
3425,0,7.46248,0.65,step,-2
3425,1,10.5658,0.8,step,-1
3425,2,11.4268,0.95,step,0
3425,3,10.067,1.1,step,1
3425,4,8.9132,1.25,step,2

frame,idx,score,alpha,step_norm,z_coarse
3426,0,7.4633,0.65,step,-2
3426,1,10.5654,0.8,step,-1
3426,2,11.4254,0.95,step,0
3426,3,10.0653,1.1,step,1
3426,4,8.91183,1.25,step,2

frame,idx,score,alpha,step_norm,z_coarse
3427,0,7.46785,0.65,step,-2
3427,1,10.5705,0.8,step,-1
3427,2,11.4341,0.95,step,0
3427,3,10.0752,1.1,step,1
3427,4,8.92075,1.25,step,2

frame,idx,score,alpha,step_norm,z_coarse
3428,0,7.46488,0.65,step,-2
3428,1,10.5669,0.8,step,-1
3428,2,11.4264,0.95,step,0
3428,3,10.07,1.1,step,1
3428,4,8.91898,1.25,step,2

frame,idx,score,alpha,step_norm,z_coarse
3429,0,7.46275,0.65,step,-2
3429,1,10.5652,0.8,step,-1
3429,2,11.428,0.95,step,0
3429,3,10.0712,1.1,step,1
3429,4,8.91851,1.25,step,2

frame,idx,score,alpha,step_norm,z_coarse
3430,0,7.46733,0.65,step,-2
3430,1,10.5696,0.8,step,-1
3430,2,11.43,0.95,step,0
3430,3,10.0697,1.1,step,1
3430,4,8.91529,1.25,step,2

frame,idx,score,alpha,step_norm,z_coarse
3431,0,7.47338,0.65,step,-2
3431,1,10.5779,0.8,step,-1
3431,2,11.4331,0.95,step,0
3431,3,10.0736,1.1,step,1
3431,4,8.91936,1.25,step,2

frame,idx,score,alpha,step_norm,z_coarse
3432,0,7.47077,0.65,step,-2
3432,1,10.5754,0.8,step,-1
3432,2,11.4319,0.95,step,0
3432,3,10.0725,1.1,step,1
3432,4,8.91808,1.25,step,2

frame,idx,score,alpha,step_norm,z_coarse
3433,0,7.46778,0.65,step,-2
3433,1,10.5685,0.8,step,-1
3433,2,11.4269,0.95,step,0
3433,3,10.0713,1.1,step,1
3433,4,8.92077,1.25,step,2

frame,idx,score,alpha,step_norm,z_coarse
3434,0,7.475,0.65,step,-2
3434,1,10.5769,0.8,step,-1
3434,2,11.4305,0.95,step,0
3434,3,10.0699,1.1,step,1
3434,4,8.9164,1.25,step,2

frame,idx,score,alpha,step_norm,z_coarse
3435,0,7.47577,0.65,step,-2
3435,1,10.5762,0.8,step,-1
3435,2,11.4255,0.95,step,0
3435,3,10.0647,1.1,step,1
3435,4,8.91129,1.25,step,2

frame,idx,score,alpha,step_norm,z_coarse
3436,0,7.4695,0.65,step,-2
3436,1,10.5711,0.8,step,-1
3436,2,11.4266,0.95,step,0
3436,3,10.0674,1.1,step,1
3436,4,8.91523,1.25,step,2

frame,idx,score,alpha,step_norm,z_coarse
3437,0,7.47078,0.65,step,-2
3437,1,10.5761,0.8,step,-1
3437,2,11.4352,0.95,step,0
3437,3,10.0742,1.1,step,1
3437,4,8.918,1.25,step,2

frame,idx,score,alpha,step_norm,z_coarse
3438,0,7.47889,0.65,step,-2
3438,1,10.5784,0.8,step,-1
3438,2,11.4268,0.95,step,0
3438,3,10.0681,1.1,step,1
3438,4,8.91647,1.25,step,2

frame,idx,score,alpha,step_norm,z_coarse
3439,0,7.47382,0.65,step,-2
3439,1,10.5782,0.8,step,-1
3439,2,11.4292,0.95,step,0
3439,3,10.0658,1.1,step,1
3439,4,8.91113,1.25,step,2

frame,idx,score,alpha,step_norm,z_coarse
3440,0,7.47492,0.65,step,-2
3440,1,10.5786,0.8,step,-1
3440,2,11.43,0.95,step,0
3440,3,10.069,1.1,step,1
3440,4,8.91543,1.25,step,2

frame,idx,score,alpha,step_norm,z_coarse
3441,0,7.47434,0.65,step,-2
3441,1,10.5753,0.8,step,-1
3441,2,11.4225,0.95,step,0
3441,3,10.063,1.1,step,1
3441,4,8.9115,1.25,step,2

frame,idx,score,alpha,step_norm,z_coarse
3442,0,7.47544,0.65,step,-2
3442,1,10.5771,0.8,step,-1
3442,2,11.4197,0.95,step,0
3442,3,10.0611,1.1,step,1
3442,4,8.91224,1.25,step,2

frame,idx,score,alpha,step_norm,z_coarse
3443,0,7.47872,0.65,step,-2
3443,1,10.5781,0.8,step,-1
3443,2,11.4234,0.95,step,0
3443,3,10.0614,1.1,step,1
3443,4,8.91007,1.25,step,2

frame,idx,score,alpha,step_norm,z_coarse
3444,0,7.47235,0.65,step,-2
3444,1,10.5777,0.8,step,-1
3444,2,11.4235,0.95,step,0
3444,3,10.0632,1.1,step,1
3444,4,8.91176,1.25,step,2

frame,idx,score,alpha,step_norm,z_coarse
3445,0,7.47375,0.65,step,-2
3445,1,10.5797,0.8,step,-1
3445,2,11.4331,0.95,step,0
3445,3,10.0707,1.1,step,1
3445,4,8.91556,1.25,step,2

frame,idx,score,alpha,step_norm,z_coarse
3446,0,7.47853,0.65,step,-2
3446,1,10.5825,0.8,step,-1
3446,2,11.4283,0.95,step,0
3446,3,10.0689,1.1,step,1
3446,4,8.91759,1.25,step,2

frame,idx,score,alpha,step_norm,z_coarse
3447,0,7.47396,0.65,step,-2
3447,1,10.5785,0.8,step,-1
3447,2,11.4241,0.95,step,0
3447,3,10.0625,1.1,step,1
3447,4,8.90995,1.25,step,2

frame,idx,score,alpha,step_norm,z_coarse
3448,0,7.4744,0.65,step,-2
3448,1,10.579,0.8,step,-1
3448,2,11.434,0.95,step,0
3448,3,10.0732,1.1,step,1
3448,4,8.91863,1.25,step,2

frame,idx,score,alpha,step_norm,z_coarse
3449,0,7.47314,0.65,step,-2
3449,1,10.5746,0.8,step,-1
3449,2,11.4236,0.95,step,0
3449,3,10.0649,1.1,step,1
3449,4,8.91309,1.25,step,2

frame,idx,score,alpha,step_norm,z_coarse
3450,0,7.47481,0.65,step,-2
3450,1,10.5773,0.8,step,-1
3450,2,11.4252,0.95,step,0
3450,3,10.0649,1.1,step,1
3450,4,8.91268,1.25,step,2

frame,idx,score,alpha,step_norm,z_coarse
3451,0,7.47925,0.65,step,-2
3451,1,10.5806,0.8,step,-1
3451,2,11.4212,0.95,step,0
3451,3,10.061,1.1,step,1
3451,4,8.91104,1.25,step,2

frame,idx,score,alpha,step_norm,z_coarse
3452,0,7.47443,0.65,step,-2
3452,1,10.5757,0.8,step,-1
3452,2,11.425,0.95,step,0
3452,3,10.0647,1.1,step,1
3452,4,8.91338,1.25,step,2

frame,idx,score,alpha,step_norm,z_coarse
3453,0,7.47815,0.65,step,-2
3453,1,10.5764,0.8,step,-1
3453,2,11.4199,0.95,step,0
3453,3,10.0633,1.1,step,1
3453,4,8.91494,1.25,step,2

frame,idx,score,alpha,step_norm,z_coarse
3454,0,7.47237,0.65,step,-2
3454,1,10.5761,0.8,step,-1
3454,2,11.4211,0.95,step,0
3454,3,10.0626,1.1,step,1
3454,4,8.91257,1.25,step,2

frame,idx,score,alpha,step_norm,z_coarse
3455,0,7.482,0.65,step,-2
3455,1,10.5857,0.8,step,-1
3455,2,11.4274,0.95,step,0
3455,3,10.0662,1.1,step,1
3455,4,8.91438,1.25,step,2

frame,idx,score,alpha,step_norm,z_coarse
3456,0,7.4826,0.65,step,-2
3456,1,10.5837,0.8,step,-1
3456,2,11.4263,0.95,step,0
3456,3,10.0657,1.1,step,1
3456,4,8.91455,1.25,step,2

frame,idx,score,alpha,step_norm,z_coarse
3457,0,7.47795,0.65,step,-2
3457,1,10.5843,0.8,step,-1
3457,2,11.4265,0.95,step,0
3457,3,10.0651,1.1,step,1
3457,4,8.91408,1.25,step,2

frame,idx,score,alpha,step_norm,z_coarse
3458,0,7.47396,0.65,step,-2
3458,1,10.5707,0.8,step,-1
3458,2,11.4186,0.95,step,0
3458,3,10.0623,1.1,step,1
3458,4,8.91308,1.25,step,2

frame,idx,score,alpha,step_norm,z_coarse
3459,0,7.48099,0.65,step,-2
3459,1,10.585,0.8,step,-1
3459,2,11.4239,0.95,step,0
3459,3,10.0619,1.1,step,1
3459,4,8.91141,1.25,step,2

frame,idx,score,alpha,step_norm,z_coarse
3460,0,7.47325,0.65,step,-2
3460,1,10.5802,0.8,step,-1
3460,2,11.4245,0.95,step,0
3460,3,10.0607,1.1,step,1
3460,4,8.9076,1.25,step,2

frame,idx,score,alpha,step_norm,z_coarse
3461,0,7.48411,0.65,step,-2
3461,1,10.587,0.8,step,-1
3461,2,11.4254,0.95,step,0
3461,3,10.0644,1.1,step,1
3461,4,8.91335,1.25,step,2

frame,idx,score,alpha,step_norm,z_coarse
3462,0,7.48029,0.65,step,-2
3462,1,10.5886,0.8,step,-1
3462,2,11.4271,0.95,step,0
3462,3,10.0632,1.1,step,1
3462,4,8.91052,1.25,step,2

frame,idx,score,alpha,step_norm,z_coarse
3463,0,7.47783,0.65,step,-2
3463,1,10.5759,0.8,step,-1
3463,2,11.4177,0.95,step,0
3463,3,10.0617,1.1,step,1
3463,4,8.91453,1.25,step,2

frame,idx,score,alpha,step_norm,z_coarse
3464,0,7.48158,0.65,step,-2
3464,1,10.5807,0.8,step,-1
3464,2,11.4237,0.95,step,0
3464,3,10.0641,1.1,step,1
3464,4,8.91275,1.25,step,2

frame,idx,score,alpha,step_norm,z_coarse
3465,0,7.47502,0.65,step,-2
3465,1,10.5762,0.8,step,-1
3465,2,11.4241,0.95,step,0
3465,3,10.0637,1.1,step,1
3465,4,8.91171,1.25,step,2

frame,idx,score,alpha,step_norm,z_coarse
3466,0,7.47751,0.65,step,-2
3466,1,10.5787,0.8,step,-1
3466,2,11.4233,0.95,step,0
3466,3,10.0625,1.1,step,1
3466,4,8.91036,1.25,step,2

frame,idx,score,alpha,step_norm,z_coarse
3467,0,7.48279,0.65,step,-2
3467,1,10.5856,0.8,step,-1
3467,2,11.4259,0.95,step,0
3467,3,10.0621,1.1,step,1
3467,4,8.90874,1.25,step,2

frame,idx,score,alpha,step_norm,z_coarse
3468,0,7.47911,0.65,step,-2
3468,1,10.5839,0.8,step,-1
3468,2,11.427,0.95,step,0
3468,3,10.0649,1.1,step,1
3468,4,8.91177,1.25,step,2

frame,idx,score,alpha,step_norm,z_coarse
3469,0,7.47796,0.65,step,-2
3469,1,10.5829,0.8,step,-1
3469,2,11.4282,0.95,step,0
3469,3,10.0648,1.1,step,1
3469,4,8.91016,1.25,step,2

frame,idx,score,alpha,step_norm,z_coarse
3470,0,7.48272,0.65,step,-2
3470,1,10.589,0.8,step,-1
3470,2,11.4316,0.95,step,0
3470,3,10.0707,1.1,step,1
3470,4,8.91882,1.25,step,2

frame,idx,score,alpha,step_norm,z_coarse
3471,0,7.48042,0.65,step,-2
3471,1,10.5847,0.8,step,-1
3471,2,11.4209,0.95,step,0
3471,3,10.0575,1.1,step,1
3471,4,8.90683,1.25,step,2

frame,idx,score,alpha,step_norm,z_coarse
3472,0,7.47724,0.65,step,-2
3472,1,10.5783,0.8,step,-1
3472,2,11.4205,0.95,step,0
3472,3,10.0616,1.1,step,1
3472,4,8.91135,1.25,step,2

frame,idx,score,alpha,step_norm,z_coarse
3473,0,7.4729,0.65,step,-2
3473,1,10.5746,0.8,step,-1
3473,2,11.4136,0.95,step,0
3473,3,10.0538,1.1,step,1
3473,4,8.90655,1.25,step,2

frame,idx,score,alpha,step_norm,z_coarse
3474,0,7.47743,0.65,step,-2
3474,1,10.5789,0.8,step,-1
3474,2,11.423,0.95,step,0
3474,3,10.0646,1.1,step,1
3474,4,8.91367,1.25,step,2

frame,idx,score,alpha,step_norm,z_coarse
3475,0,7.48029,0.65,step,-2
3475,1,10.5866,0.8,step,-1
3475,2,11.4267,0.95,step,0
3475,3,10.0652,1.1,step,1
3475,4,8.91216,1.25,step,2

frame,idx,score,alpha,step_norm,z_coarse
3476,0,7.48173,0.65,step,-2
3476,1,10.5835,0.8,step,-1
3476,2,11.4247,0.95,step,0
3476,3,10.0642,1.1,step,1
3476,4,8.91301,1.25,step,2

frame,idx,score,alpha,step_norm,z_coarse
3477,0,7.47998,0.65,step,-2
3477,1,10.5815,0.8,step,-1
3477,2,11.4234,0.95,step,0
3477,3,10.0636,1.1,step,1
3477,4,8.91169,1.25,step,2

frame,idx,score,alpha,step_norm,z_coarse
3478,0,7.48168,0.65,step,-2
3478,1,10.5858,0.8,step,-1
3478,2,11.4227,0.95,step,0
3478,3,10.0615,1.1,step,1
3478,4,8.91079,1.25,step,2

frame,idx,score,alpha,step_norm,z_coarse
3479,0,7.48182,0.65,step,-2
3479,1,10.5848,0.8,step,-1
3479,2,11.4219,0.95,step,0
3479,3,10.0622,1.1,step,1
3479,4,8.91115,1.25,step,2

frame,idx,score,alpha,step_norm,z_coarse
3480,0,7.4804,0.65,step,-2
3480,1,10.5813,0.8,step,-1
3480,2,11.4257,0.95,step,0
3480,3,10.0658,1.1,step,1
3480,4,8.91435,1.25,step,2

frame,idx,score,alpha,step_norm,z_coarse
3481,0,7.4845,0.65,step,-2
3481,1,10.5867,0.8,step,-1
3481,2,11.4272,0.95,step,0
3481,3,10.0657,1.1,step,1
3481,4,8.91424,1.25,step,2

frame,idx,score,alpha,step_norm,z_coarse
3482,0,7.48357,0.65,step,-2
3482,1,10.5888,0.8,step,-1
3482,2,11.4285,0.95,step,0
3482,3,10.0663,1.1,step,1
3482,4,8.91409,1.25,step,2

frame,idx,score,alpha,step_norm,z_coarse
3483,0,7.4823,0.65,step,-2
3483,1,10.5853,0.8,step,-1
3483,2,11.4265,0.95,step,0
3483,3,10.0632,1.1,step,1
3483,4,8.90845,1.25,step,2

frame,idx,score,alpha,step_norm,z_coarse
3484,0,7.47877,0.65,step,-2
3484,1,10.5786,0.8,step,-1
3484,2,11.4209,0.95,step,0
3484,3,10.0625,1.1,step,1
3484,4,8.91318,1.25,step,2

frame,idx,score,alpha,step_norm,z_coarse
3485,0,7.47846,0.65,step,-2
3485,1,10.5778,0.8,step,-1
3485,2,11.4183,0.95,step,0
3485,3,10.0569,1.1,step,1
3485,4,8.9066,1.25,step,2

frame,idx,score,alpha,step_norm,z_coarse
3486,0,7.48325,0.65,step,-2
3486,1,10.5828,0.8,step,-1
3486,2,11.4255,0.95,step,0
3486,3,10.0672,1.1,step,1
3486,4,8.91621,1.25,step,2

frame,idx,score,alpha,step_norm,z_coarse
3487,0,7.48073,0.65,step,-2
3487,1,10.582,0.8,step,-1
3487,2,11.4225,0.95,step,0
3487,3,10.0616,1.1,step,1
3487,4,8.91018,1.25,step,2

frame,idx,score,alpha,step_norm,z_coarse
3488,0,7.48356,0.65,step,-2
3488,1,10.5871,0.8,step,-1
3488,2,11.4287,0.95,step,0
3488,3,10.0678,1.1,step,1
3488,4,8.91663,1.25,step,2

frame,idx,score,alpha,step_norm,z_coarse
3489,0,7.48242,0.65,step,-2
3489,1,10.5862,0.8,step,-1
3489,2,11.4209,0.95,step,0
3489,3,10.0594,1.1,step,1
3489,4,8.91059,1.25,step,2

frame,idx,score,alpha,step_norm,z_coarse
3490,0,7.48654,0.65,step,-2
3490,1,10.5876,0.8,step,-1
3490,2,11.4267,0.95,step,0
3490,3,10.0651,1.1,step,1
3490,4,8.91307,1.25,step,2

frame,idx,score,alpha,step_norm,z_coarse
3491,0,7.48299,0.65,step,-2
3491,1,10.5839,0.8,step,-1
3491,2,11.4179,0.95,step,0
3491,3,10.0595,1.1,step,1
3491,4,8.91217,1.25,step,2

frame,idx,score,alpha,step_norm,z_coarse
3492,0,7.48754,0.65,step,-2
3492,1,10.5922,0.8,step,-1
3492,2,11.4266,0.95,step,0
3492,3,10.0656,1.1,step,1
3492,4,8.91479,1.25,step,2

frame,idx,score,alpha,step_norm,z_coarse
3493,0,7.47925,0.65,step,-2
3493,1,10.5802,0.8,step,-1
3493,2,11.4173,0.95,step,0
3493,3,10.0585,1.1,step,1
3493,4,8.90947,1.25,step,2

frame,idx,score,alpha,step_norm,z_coarse
3494,0,7.48348,0.65,step,-2
3494,1,10.5852,0.8,step,-1
3494,2,11.4223,0.95,step,0
3494,3,10.061,1.1,step,1
3494,4,8.91097,1.25,step,2

frame,idx,score,alpha,step_norm,z_coarse
3495,0,7.48508,0.65,step,-2
3495,1,10.5879,0.8,step,-1
3495,2,11.4254,0.95,step,0
3495,3,10.0612,1.1,step,1
3495,4,8.90846,1.25,step,2

frame,idx,score,alpha,step_norm,z_coarse
3496,0,7.48465,0.65,step,-2
3496,1,10.5883,0.8,step,-1
3496,2,11.423,0.95,step,0
3496,3,10.0585,1.1,step,1
3496,4,8.90676,1.25,step,2

frame,idx,score,alpha,step_norm,z_coarse
3497,0,7.47811,0.65,step,-2
3497,1,10.5799,0.8,step,-1
3497,2,11.4242,0.95,step,0
3497,3,10.062,1.1,step,1
3497,4,8.91068,1.25,step,2

frame,idx,score,alpha,step_norm,z_coarse
3498,0,7.47714,0.65,step,-2
3498,1,10.5818,0.8,step,-1
3498,2,11.4247,0.95,step,0
3498,3,10.0637,1.1,step,1
3498,4,8.91153,1.25,step,2

frame,idx,score,alpha,step_norm,z_coarse
3499,0,7.48441,0.65,step,-2
3499,1,10.5875,0.8,step,-1
3499,2,11.4259,0.95,step,0
3499,3,10.0637,1.1,step,1
3499,4,8.91182,1.25,step,2

frame,idx,score,alpha,step_norm,z_coarse
3500,0,7.48009,0.65,step,-2
3500,1,10.5857,0.8,step,-1
3500,2,11.42,0.95,step,0
3500,3,10.0592,1.1,step,1
3500,4,8.90866,1.25,step,2

frame,idx,score,alpha,step_norm,z_coarse
3501,0,7.48373,0.65,step,-2
3501,1,10.5867,0.8,step,-1
3501,2,11.4242,0.95,step,0
3501,3,10.0612,1.1,step,1
3501,4,8.90936,1.25,step,2

frame,idx,score,alpha,step_norm,z_coarse
3502,0,7.48477,0.65,step,-2
3502,1,10.588,0.8,step,-1
3502,2,11.4252,0.95,step,0
3502,3,10.062,1.1,step,1
3502,4,8.9086,1.25,step,2

frame,idx,score,alpha,step_norm,z_coarse
3503,0,7.48661,0.65,step,-2
3503,1,10.5882,0.8,step,-1
3503,2,11.4167,0.95,step,0
3503,3,10.0555,1.1,step,1
3503,4,8.90691,1.25,step,2

frame,idx,score,alpha,step_norm,z_coarse
3504,0,7.49023,0.65,step,-2
3504,1,10.593,0.8,step,-1
3504,2,11.4231,0.95,step,0
3504,3,10.0603,1.1,step,1
3504,4,8.91071,1.25,step,2

frame,idx,score,alpha,step_norm,z_coarse
3505,0,7.48674,0.65,step,-2
3505,1,10.59,0.8,step,-1
3505,2,11.4207,0.95,step,0
3505,3,10.0586,1.1,step,1
3505,4,8.90738,1.25,step,2

frame,idx,score,alpha,step_norm,z_coarse
3506,0,7.48519,0.65,step,-2
3506,1,10.5836,0.8,step,-1
3506,2,11.4142,0.95,step,0
3506,3,10.0501,1.1,step,1
3506,4,8.89946,1.25,step,2

frame,idx,score,alpha,step_norm,z_coarse
3507,0,7.48964,0.65,step,-2
3507,1,10.5927,0.8,step,-1
3507,2,11.4226,0.95,step,0
3507,3,10.0596,1.1,step,1
3507,4,8.91162,1.25,step,2

frame,idx,score,alpha,step_norm,z_coarse
3508,0,7.48582,0.65,step,-2
3508,1,10.5923,0.8,step,-1
3508,2,11.4214,0.95,step,0
3508,3,10.06,1.1,step,1
3508,4,8.91035,1.25,step,2

frame,idx,score,alpha,step_norm,z_coarse
3509,0,7.48787,0.65,step,-2
3509,1,10.592,0.8,step,-1
3509,2,11.4213,0.95,step,0
3509,3,10.0593,1.1,step,1
3509,4,8.91049,1.25,step,2

frame,idx,score,alpha,step_norm,z_coarse
3510,0,7.48643,0.65,step,-2
3510,1,10.5923,0.8,step,-1
3510,2,11.4215,0.95,step,0
3510,3,10.0581,1.1,step,1
3510,4,8.90795,1.25,step,2

frame,idx,score,alpha,step_norm,z_coarse
3511,0,7.48678,0.65,step,-2
3511,1,10.5854,0.8,step,-1
3511,2,11.4179,0.95,step,0
3511,3,10.0583,1.1,step,1
3511,4,8.90938,1.25,step,2

frame,idx,score,alpha,step_norm,z_coarse
3512,0,7.48721,0.65,step,-2
3512,1,10.5905,0.8,step,-1
3512,2,11.4216,0.95,step,0
3512,3,10.0591,1.1,step,1
3512,4,8.90831,1.25,step,2

frame,idx,score,alpha,step_norm,z_coarse
3513,0,7.48765,0.65,step,-2
3513,1,10.5907,0.8,step,-1
3513,2,11.4208,0.95,step,0
3513,3,10.0577,1.1,step,1
3513,4,8.90794,1.25,step,2

frame,idx,score,alpha,step_norm,z_coarse
3514,0,7.49097,0.65,step,-2
3514,1,10.595,0.8,step,-1
3514,2,11.4241,0.95,step,0
3514,3,10.0614,1.1,step,1
3514,4,8.91139,1.25,step,2

frame,idx,score,alpha,step_norm,z_coarse
3515,0,7.4904,0.65,step,-2
3515,1,10.5893,0.8,step,-1
3515,2,11.4174,0.95,step,0
3515,3,10.0591,1.1,step,1
3515,4,8.91267,1.25,step,2

frame,idx,score,alpha,step_norm,z_coarse
3516,0,7.49282,0.65,step,-2
3516,1,10.5946,0.8,step,-1
3516,2,11.4229,0.95,step,0
3516,3,10.0617,1.1,step,1
3516,4,8.91158,1.25,step,2

frame,idx,score,alpha,step_norm,z_coarse
3517,0,7.49162,0.65,step,-2
3517,1,10.5964,0.8,step,-1
3517,2,11.423,0.95,step,0
3517,3,10.0607,1.1,step,1
3517,4,8.91235,1.25,step,2

frame,idx,score,alpha,step_norm,z_coarse
3518,0,7.48676,0.65,step,-2
3518,1,10.5867,0.8,step,-1
3518,2,11.4196,0.95,step,0
3518,3,10.0583,1.1,step,1
3518,4,8.90852,1.25,step,2

frame,idx,score,alpha,step_norm,z_coarse
3519,0,7.49301,0.65,step,-2
3519,1,10.5925,0.8,step,-1
3519,2,11.4159,0.95,step,0
3519,3,10.0541,1.1,step,1
3519,4,8.90697,1.25,step,2

frame,idx,score,alpha,step_norm,z_coarse
3520,0,7.4956,0.65,step,-2
3520,1,10.5997,0.8,step,-1
3520,2,11.4287,0.95,step,0
3520,3,10.0654,1.1,step,1
3520,4,8.91546,1.25,step,2

frame,idx,score,alpha,step_norm,z_coarse
3521,0,7.48499,0.65,step,-2
3521,1,10.5858,0.8,step,-1
3521,2,11.4215,0.95,step,0
3521,3,10.0594,1.1,step,1
3521,4,8.90971,1.25,step,2

frame,idx,score,alpha,step_norm,z_coarse
3522,0,7.48419,0.65,step,-2
3522,1,10.5872,0.8,step,-1
3522,2,11.4198,0.95,step,0
3522,3,10.0592,1.1,step,1
3522,4,8.9102,1.25,step,2

frame,idx,score,alpha,step_norm,z_coarse
3523,0,7.49004,0.65,step,-2
3523,1,10.5938,0.8,step,-1
3523,2,11.4275,0.95,step,0
3523,3,10.0656,1.1,step,1
3523,4,8.91478,1.25,step,2

frame,idx,score,alpha,step_norm,z_coarse
3524,0,7.48842,0.65,step,-2
3524,1,10.589,0.8,step,-1
3524,2,11.417,0.95,step,0
3524,3,10.0565,1.1,step,1
3524,4,8.90854,1.25,step,2

frame,idx,score,alpha,step_norm,z_coarse
3525,0,7.4958,0.65,step,-2
3525,1,10.5994,0.8,step,-1
3525,2,11.4208,0.95,step,0
3525,3,10.0562,1.1,step,1
3525,4,8.90773,1.25,step,2

frame,idx,score,alpha,step_norm,z_coarse
3526,0,7.48853,0.65,step,-2
3526,1,10.5915,0.8,step,-1
3526,2,11.4214,0.95,step,0
3526,3,10.0608,1.1,step,1
3526,4,8.91347,1.25,step,2

frame,idx,score,alpha,step_norm,z_coarse
3527,0,7.49414,0.65,step,-2
3527,1,10.5972,0.8,step,-1
3527,2,11.4208,0.95,step,0
3527,3,10.0588,1.1,step,1
3527,4,8.90963,1.25,step,2

frame,idx,score,alpha,step_norm,z_coarse
3528,0,7.49756,0.65,step,-2
3528,1,10.5976,0.8,step,-1
3528,2,11.4186,0.95,step,0
3528,3,10.0578,1.1,step,1
3528,4,8.91155,1.25,step,2

frame,idx,score,alpha,step_norm,z_coarse
3529,0,7.49113,0.65,step,-2
3529,1,10.595,0.8,step,-1
3529,2,11.42,0.95,step,0
3529,3,10.0587,1.1,step,1
3529,4,8.91108,1.25,step,2

frame,idx,score,alpha,step_norm,z_coarse
3530,0,7.49023,0.65,step,-2
3530,1,10.5906,0.8,step,-1
3530,2,11.4173,0.95,step,0
3530,3,10.0576,1.1,step,1
3530,4,8.91144,1.25,step,2

frame,idx,score,alpha,step_norm,z_coarse
3531,0,7.48577,0.65,step,-2
3531,1,10.5885,0.8,step,-1
3531,2,11.4209,0.95,step,0
3531,3,10.0589,1.1,step,1
3531,4,8.90891,1.25,step,2

frame,idx,score,alpha,step_norm,z_coarse
3532,0,7.49256,0.65,step,-2
3532,1,10.594,0.8,step,-1
3532,2,11.4171,0.95,step,0
3532,3,10.0563,1.1,step,1
3532,4,8.90963,1.25,step,2

frame,idx,score,alpha,step_norm,z_coarse
3533,0,7.48736,0.65,step,-2
3533,1,10.5868,0.8,step,-1
3533,2,11.4154,0.95,step,0
3533,3,10.0561,1.1,step,1
3533,4,8.90941,1.25,step,2

frame,idx,score,alpha,step_norm,z_coarse
3534,0,7.491,0.65,step,-2
3534,1,10.5943,0.8,step,-1
3534,2,11.4297,0.95,step,0
3534,3,10.0693,1.1,step,1
3534,4,8.91847,1.25,step,2

frame,idx,score,alpha,step_norm,z_coarse
3535,0,7.49415,0.65,step,-2
3535,1,10.5977,0.8,step,-1
3535,2,11.427,0.95,step,0
3535,3,10.0651,1.1,step,1
3535,4,8.91434,1.25,step,2

frame,idx,score,alpha,step_norm,z_coarse
3536,0,7.49755,0.65,step,-2
3536,1,10.5975,0.8,step,-1
3536,2,11.4139,0.95,step,0
3536,3,10.0518,1.1,step,1
3536,4,8.90485,1.25,step,2

frame,idx,score,alpha,step_norm,z_coarse
3537,0,7.49651,0.65,step,-2
3537,1,10.6009,0.8,step,-1
3537,2,11.4255,0.95,step,0
3537,3,10.065,1.1,step,1
3537,4,8.91687,1.25,step,2

frame,idx,score,alpha,step_norm,z_coarse
3538,0,7.49135,0.65,step,-2
3538,1,10.5974,0.8,step,-1
3538,2,11.4251,0.95,step,0
3538,3,10.0642,1.1,step,1
3538,4,8.91442,1.25,step,2

frame,idx,score,alpha,step_norm,z_coarse
3539,0,7.49114,0.65,step,-2
3539,1,10.5956,0.8,step,-1
3539,2,11.4233,0.95,step,0
3539,3,10.0606,1.1,step,1
3539,4,8.91069,1.25,step,2

frame,idx,score,alpha,step_norm,z_coarse
3540,0,7.49022,0.65,step,-2
3540,1,10.5916,0.8,step,-1
3540,2,11.4261,0.95,step,0
3540,3,10.0669,1.1,step,1
3540,4,8.91683,1.25,step,2

frame,idx,score,alpha,step_norm,z_coarse
3541,0,7.49298,0.65,step,-2
3541,1,10.5928,0.8,step,-1
3541,2,11.4152,0.95,step,0
3541,3,10.0541,1.1,step,1
3541,4,8.90815,1.25,step,2

frame,idx,score,alpha,step_norm,z_coarse
3542,0,7.49231,0.65,step,-2
3542,1,10.5932,0.8,step,-1
3542,2,11.4171,0.95,step,0
3542,3,10.0554,1.1,step,1
3542,4,8.90789,1.25,step,2

frame,idx,score,alpha,step_norm,z_coarse
3543,0,7.49299,0.65,step,-2
3543,1,10.5958,0.8,step,-1
3543,2,11.4233,0.95,step,0
3543,3,10.0608,1.1,step,1
3543,4,8.91116,1.25,step,2

frame,idx,score,alpha,step_norm,z_coarse
3544,0,7.49817,0.65,step,-2
3544,1,10.6008,0.8,step,-1
3544,2,11.4184,0.95,step,0
3544,3,10.0572,1.1,step,1
3544,4,8.90941,1.25,step,2

frame,idx,score,alpha,step_norm,z_coarse
3545,0,7.4984,0.65,step,-2
3545,1,10.6011,0.8,step,-1
3545,2,11.4167,0.95,step,0
3545,3,10.055,1.1,step,1
3545,4,8.90875,1.25,step,2

frame,idx,score,alpha,step_norm,z_coarse
3546,0,7.49737,0.65,step,-2
3546,1,10.6013,0.8,step,-1
3546,2,11.4204,0.95,step,0
3546,3,10.0584,1.1,step,1
3546,4,8.91132,1.25,step,2

frame,idx,score,alpha,step_norm,z_coarse
3547,0,7.49129,0.65,step,-2
3547,1,10.5889,0.8,step,-1
3547,2,11.4158,0.95,step,0
3547,3,10.0572,1.1,step,1
3547,4,8.91059,1.25,step,2

frame,idx,score,alpha,step_norm,z_coarse
3548,0,7.49144,0.65,step,-2
3548,1,10.5917,0.8,step,-1
3548,2,11.4171,0.95,step,0
3548,3,10.0581,1.1,step,1
3548,4,8.9118,1.25,step,2

frame,idx,score,alpha,step_norm,z_coarse
3549,0,7.49299,0.65,step,-2
3549,1,10.5972,0.8,step,-1
3549,2,11.4153,0.95,step,0
3549,3,10.0549,1.1,step,1
3549,4,8.91016,1.25,step,2

frame,idx,score,alpha,step_norm,z_coarse
3550,0,7.49325,0.65,step,-2
3550,1,10.5942,0.8,step,-1
3550,2,11.4114,0.95,step,0
3550,3,10.0501,1.1,step,1
3550,4,8.9057,1.25,step,2

frame,idx,score,alpha,step_norm,z_coarse
3551,0,7.49909,0.65,step,-2
3551,1,10.6028,0.8,step,-1
3551,2,11.4217,0.95,step,0
3551,3,10.0591,1.1,step,1
3551,4,8.91114,1.25,step,2

frame,idx,score,alpha,step_norm,z_coarse
3552,0,7.49268,0.65,step,-2
3552,1,10.5962,0.8,step,-1
3552,2,11.4244,0.95,step,0
3552,3,10.0624,1.1,step,1
3552,4,8.9129,1.25,step,2

frame,idx,score,alpha,step_norm,z_coarse
3553,0,7.4925,0.65,step,-2
3553,1,10.5954,0.8,step,-1
3553,2,11.42,0.95,step,0
3553,3,10.0596,1.1,step,1
3553,4,8.91228,1.25,step,2

frame,idx,score,alpha,step_norm,z_coarse
3554,0,7.49838,0.65,step,-2
3554,1,10.5994,0.8,step,-1
3554,2,11.4202,0.95,step,0
3554,3,10.0593,1.1,step,1
3554,4,8.91136,1.25,step,2

frame,idx,score,alpha,step_norm,z_coarse
3555,0,7.50329,0.65,step,-2
3555,1,10.6078,0.8,step,-1
3555,2,11.4252,0.95,step,0
3555,3,10.0613,1.1,step,1
3555,4,8.9121,1.25,step,2

frame,idx,score,alpha,step_norm,z_coarse
3556,0,7.49798,0.65,step,-2
3556,1,10.6004,0.8,step,-1
3556,2,11.4164,0.95,step,0
3556,3,10.0545,1.1,step,1
3556,4,8.90761,1.25,step,2

frame,idx,score,alpha,step_norm,z_coarse
3557,0,7.49499,0.65,step,-2
3557,1,10.5975,0.8,step,-1
3557,2,11.419,0.95,step,0
3557,3,10.0538,1.1,step,1
3557,4,8.90452,1.25,step,2

frame,idx,score,alpha,step_norm,z_coarse
3558,0,7.4981,0.65,step,-2
3558,1,10.6025,0.8,step,-1
3558,2,11.4222,0.95,step,0
3558,3,10.0571,1.1,step,1
3558,4,8.90666,1.25,step,2

frame,idx,score,alpha,step_norm,z_coarse
3559,0,7.49722,0.65,step,-2
3559,1,10.5986,0.8,step,-1
3559,2,11.4148,0.95,step,0
3559,3,10.0549,1.1,step,1
3559,4,8.9105,1.25,step,2

frame,idx,score,alpha,step_norm,z_coarse
3560,0,7.49628,0.65,step,-2
3560,1,10.5984,0.8,step,-1
3560,2,11.4218,0.95,step,0
3560,3,10.0594,1.1,step,1
3560,4,8.91102,1.25,step,2

frame,idx,score,alpha,step_norm,z_coarse
3561,0,7.494,0.65,step,-2
3561,1,10.5946,0.8,step,-1
3561,2,11.4181,0.95,step,0
3561,3,10.0555,1.1,step,1
3561,4,8.90771,1.25,step,2

frame,idx,score,alpha,step_norm,z_coarse
3562,0,7.48843,0.65,step,-2
3562,1,10.5893,0.8,step,-1
3562,2,11.4164,0.95,step,0
3562,3,10.0557,1.1,step,1
3562,4,8.90904,1.25,step,2

frame,idx,score,alpha,step_norm,z_coarse
3563,0,7.49237,0.65,step,-2
3563,1,10.5907,0.8,step,-1
3563,2,11.4156,0.95,step,0
3563,3,10.0559,1.1,step,1
3563,4,8.9085,1.25,step,2

frame,idx,score,alpha,step_norm,z_coarse
3564,0,7.49579,0.65,step,-2
3564,1,10.5977,0.8,step,-1
3564,2,11.4171,0.95,step,0
3564,3,10.0577,1.1,step,1
3564,4,8.912,1.25,step,2

frame,idx,score,alpha,step_norm,z_coarse
3565,0,7.49421,0.65,step,-2
3565,1,10.5969,0.8,step,-1
3565,2,11.4223,0.95,step,0
3565,3,10.0617,1.1,step,1
3565,4,8.91303,1.25,step,2

frame,idx,score,alpha,step_norm,z_coarse
3566,0,7.49013,0.65,step,-2
3566,1,10.592,0.8,step,-1
3566,2,11.4213,0.95,step,0
3566,3,10.0602,1.1,step,1
3566,4,8.91105,1.25,step,2

frame,idx,score,alpha,step_norm,z_coarse
3567,0,7.49386,0.65,step,-2
3567,1,10.5968,0.8,step,-1
3567,2,11.4221,0.95,step,0
3567,3,10.0595,1.1,step,1
3567,4,8.91216,1.25,step,2

frame,idx,score,alpha,step_norm,z_coarse
3568,0,7.49387,0.65,step,-2
3568,1,10.5997,0.8,step,-1
3568,2,11.4166,0.95,step,0
3568,3,10.0511,1.1,step,1
3568,4,8.9034,1.25,step,2

frame,idx,score,alpha,step_norm,z_coarse
3569,0,7.49034,0.65,step,-2
3569,1,10.5966,0.8,step,-1
3569,2,11.4237,0.95,step,0
3569,3,10.0636,1.1,step,1
3569,4,8.91519,1.25,step,2

frame,idx,score,alpha,step_norm,z_coarse
3570,0,7.48931,0.65,step,-2
3570,1,10.5902,0.8,step,-1
3570,2,11.4142,0.95,step,0
3570,3,10.052,1.1,step,1
3570,4,8.90383,1.25,step,2

frame,idx,score,alpha,step_norm,z_coarse
3571,0,7.49302,0.65,step,-2
3571,1,10.5946,0.8,step,-1
3571,2,11.419,0.95,step,0
3571,3,10.0578,1.1,step,1
3571,4,8.90957,1.25,step,2

frame,idx,score,alpha,step_norm,z_coarse
3572,0,7.49289,0.65,step,-2
3572,1,10.5954,0.8,step,-1
3572,2,11.422,0.95,step,0
3572,3,10.06,1.1,step,1
3572,4,8.90949,1.25,step,2

frame,idx,score,alpha,step_norm,z_coarse
3573,0,7.49015,0.65,step,-2
3573,1,10.5925,0.8,step,-1
3573,2,11.4204,0.95,step,0
3573,3,10.0583,1.1,step,1
3573,4,8.90769,1.25,step,2

frame,idx,score,alpha,step_norm,z_coarse
3574,0,7.49104,0.65,step,-2
3574,1,10.5947,0.8,step,-1
3574,2,11.4219,0.95,step,0
3574,3,10.0577,1.1,step,1
3574,4,8.90646,1.25,step,2

frame,idx,score,alpha,step_norm,z_coarse
3575,0,7.49226,0.65,step,-2
3575,1,10.597,0.8,step,-1
3575,2,11.4288,0.95,step,0
3575,3,10.0655,1.1,step,1
3575,4,8.91546,1.25,step,2

frame,idx,score,alpha,step_norm,z_coarse
3576,0,7.49035,0.65,step,-2
3576,1,10.5928,0.8,step,-1
3576,2,11.4204,0.95,step,0
3576,3,10.0586,1.1,step,1
3576,4,8.91072,1.25,step,2

frame,idx,score,alpha,step_norm,z_coarse
3577,0,7.49602,0.65,step,-2
3577,1,10.6008,0.8,step,-1
3577,2,11.4265,0.95,step,0
3577,3,10.063,1.1,step,1
3577,4,8.91388,1.25,step,2

frame,idx,score,alpha,step_norm,z_coarse
3578,0,7.48965,0.65,step,-2
3578,1,10.5916,0.8,step,-1
3578,2,11.4164,0.95,step,0
3578,3,10.055,1.1,step,1
3578,4,8.90911,1.25,step,2

frame,idx,score,alpha,step_norm,z_coarse
3579,0,7.49194,0.65,step,-2
3579,1,10.5965,0.8,step,-1
3579,2,11.4208,0.95,step,0
3579,3,10.0581,1.1,step,1
3579,4,8.90851,1.25,step,2

frame,idx,score,alpha,step_norm,z_coarse
3580,0,7.49818,0.65,step,-2
3580,1,10.6002,0.8,step,-1
3580,2,11.4188,0.95,step,0
3580,3,10.0574,1.1,step,1
3580,4,8.91077,1.25,step,2

frame,idx,score,alpha,step_norm,z_coarse
3581,0,7.49229,0.65,step,-2
3581,1,10.594,0.8,step,-1
3581,2,11.4147,0.95,step,0
3581,3,10.0525,1.1,step,1
3581,4,8.90512,1.25,step,2

frame,idx,score,alpha,step_norm,z_coarse
3582,0,7.49476,0.65,step,-2
3582,1,10.5928,0.8,step,-1
3582,2,11.4194,0.95,step,0
3582,3,10.0607,1.1,step,1
3582,4,8.91308,1.25,step,2

frame,idx,score,alpha,step_norm,z_coarse
3583,0,7.49179,0.65,step,-2
3583,1,10.594,0.8,step,-1
3583,2,11.4143,0.95,step,0
3583,3,10.055,1.1,step,1
3583,4,8.90968,1.25,step,2

frame,idx,score,alpha,step_norm,z_coarse
3584,0,7.49746,0.65,step,-2
3584,1,10.5984,0.8,step,-1
3584,2,11.4234,0.95,step,0
3584,3,10.0604,1.1,step,1
3584,4,8.91035,1.25,step,2

frame,idx,score,alpha,step_norm,z_coarse
3585,0,7.49042,0.65,step,-2
3585,1,10.5947,0.8,step,-1
3585,2,11.4185,0.95,step,0
3585,3,10.0552,1.1,step,1
3585,4,8.9073,1.25,step,2

frame,idx,score,alpha,step_norm,z_coarse
3586,0,7.49176,0.65,step,-2
3586,1,10.5954,0.8,step,-1
3586,2,11.4195,0.95,step,0
3586,3,10.0579,1.1,step,1
3586,4,8.90989,1.25,step,2

frame,idx,score,alpha,step_norm,z_coarse
3587,0,7.49517,0.65,step,-2
3587,1,10.5989,0.8,step,-1
3587,2,11.4197,0.95,step,0
3587,3,10.0563,1.1,step,1
3587,4,8.90814,1.25,step,2

frame,idx,score,alpha,step_norm,z_coarse
3588,0,7.49195,0.65,step,-2
3588,1,10.5942,0.8,step,-1
3588,2,11.4131,0.95,step,0
3588,3,10.0526,1.1,step,1
3588,4,8.90619,1.25,step,2

frame,idx,score,alpha,step_norm,z_coarse
3589,0,7.49642,0.65,step,-2
3589,1,10.6001,0.8,step,-1
3589,2,11.4215,0.95,step,0
3589,3,10.0594,1.1,step,1
3589,4,8.90904,1.25,step,2

frame,idx,score,alpha,step_norm,z_coarse
3590,0,7.49704,0.65,step,-2
3590,1,10.6048,0.8,step,-1
3590,2,11.424,0.95,step,0
3590,3,10.0571,1.1,step,1
3590,4,8.90701,1.25,step,2

frame,idx,score,alpha,step_norm,z_coarse
3591,0,7.50014,0.65,step,-2
3591,1,10.6044,0.8,step,-1
3591,2,11.4224,0.95,step,0
3591,3,10.0583,1.1,step,1
3591,4,8.90924,1.25,step,2

frame,idx,score,alpha,step_norm,z_coarse
3592,0,7.49426,0.65,step,-2
3592,1,10.6026,0.8,step,-1
3592,2,11.42,0.95,step,0
3592,3,10.056,1.1,step,1
3592,4,8.90807,1.25,step,2

frame,idx,score,alpha,step_norm,z_coarse
3593,0,7.50473,0.65,step,-2
3593,1,10.6076,0.8,step,-1
3593,2,11.416,0.95,step,0
3593,3,10.05,1.1,step,1
3593,4,8.90126,1.25,step,2

frame,idx,score,alpha,step_norm,z_coarse
3594,0,7.49722,0.65,step,-2
3594,1,10.6002,0.8,step,-1
3594,2,11.415,0.95,step,0
3594,3,10.0527,1.1,step,1
3594,4,8.90735,1.25,step,2

frame,idx,score,alpha,step_norm,z_coarse
3595,0,7.49988,0.65,step,-2
3595,1,10.6042,0.8,step,-1
3595,2,11.4131,0.95,step,0
3595,3,10.0494,1.1,step,1
3595,4,8.9041,1.25,step,2

frame,idx,score,alpha,step_norm,z_coarse
3596,0,7.49727,0.65,step,-2
3596,1,10.598,0.8,step,-1
3596,2,11.4125,0.95,step,0
3596,3,10.0518,1.1,step,1
3596,4,8.90772,1.25,step,2

frame,idx,score,alpha,step_norm,z_coarse
3597,0,7.50421,0.65,step,-2
3597,1,10.6066,0.8,step,-1
3597,2,11.4191,0.95,step,0
3597,3,10.0545,1.1,step,1
3597,4,8.9067,1.25,step,2

frame,idx,score,alpha,step_norm,z_coarse
3598,0,7.49985,0.65,step,-2
3598,1,10.6013,0.8,step,-1
3598,2,11.4174,0.95,step,0
3598,3,10.0522,1.1,step,1
3598,4,8.90354,1.25,step,2

frame,idx,score,alpha,step_norm,z_coarse
3599,0,7.49795,0.65,step,-2
3599,1,10.6038,0.8,step,-1
3599,2,11.4226,0.95,step,0
3599,3,10.0579,1.1,step,1
3599,4,8.9099,1.25,step,2

frame,idx,score,alpha,step_norm,z_coarse
3600,0,7.50354,0.65,step,-2
3600,1,10.6084,0.8,step,-1
3600,2,11.4221,0.95,step,0
3600,3,10.0572,1.1,step,1
3600,4,8.90802,1.25,step,2

frame,idx,score,alpha,step_norm,z_coarse
3601,0,7.4966,0.65,step,-2
3601,1,10.5987,0.8,step,-1
3601,2,11.4121,0.95,step,0
3601,3,10.0496,1.1,step,1
3601,4,8.90355,1.25,step,2

frame,idx,score,alpha,step_norm,z_coarse
3602,0,7.50938,0.65,step,-2
3602,1,10.6108,0.8,step,-1
3602,2,11.4126,0.95,step,0
3602,3,10.0495,1.1,step,1
3602,4,8.90456,1.25,step,2

frame,idx,score,alpha,step_norm,z_coarse
3603,0,7.51171,0.65,step,-2
3603,1,10.616,0.8,step,-1
3603,2,11.4173,0.95,step,0
3603,3,10.0499,1.1,step,1
3603,4,8.90231,1.25,step,2

frame,idx,score,alpha,step_norm,z_coarse
3604,0,7.50292,0.65,step,-2
3604,1,10.6066,0.8,step,-1
3604,2,11.4138,0.95,step,0
3604,3,10.0502,1.1,step,1
3604,4,8.90361,1.25,step,2

frame,idx,score,alpha,step_norm,z_coarse
3605,0,7.50442,0.65,step,-2
3605,1,10.6032,0.8,step,-1
3605,2,11.4139,0.95,step,0
3605,3,10.0542,1.1,step,1
3605,4,8.90967,1.25,step,2

frame,idx,score,alpha,step_norm,z_coarse
3606,0,7.50567,0.65,step,-2
3606,1,10.605,0.8,step,-1
3606,2,11.4128,0.95,step,0
3606,3,10.0516,1.1,step,1
3606,4,8.90613,1.25,step,2

frame,idx,score,alpha,step_norm,z_coarse
3607,0,7.51117,0.65,step,-2
3607,1,10.6104,0.8,step,-1
3607,2,11.4081,0.95,step,0
3607,3,10.0462,1.1,step,1
3607,4,8.90325,1.25,step,2

frame,idx,score,alpha,step_norm,z_coarse
3608,0,7.5081,0.65,step,-2
3608,1,10.6084,0.8,step,-1
3608,2,11.4166,0.95,step,0
3608,3,10.054,1.1,step,1
3608,4,8.90784,1.25,step,2

frame,idx,score,alpha,step_norm,z_coarse
3609,0,7.50911,0.65,step,-2
3609,1,10.6127,0.8,step,-1
3609,2,11.4081,0.95,step,0
3609,3,10.0431,1.1,step,1
3609,4,8.89927,1.25,step,2

frame,idx,score,alpha,step_norm,z_coarse
3610,0,7.51515,0.65,step,-2
3610,1,10.6209,0.8,step,-1
3610,2,11.4165,0.95,step,0
3610,3,10.0498,1.1,step,1
3610,4,8.90417,1.25,step,2

frame,idx,score,alpha,step_norm,z_coarse
3611,0,7.51327,0.65,step,-2
3611,1,10.6141,0.8,step,-1
3611,2,11.4118,0.95,step,0
3611,3,10.0505,1.1,step,1
3611,4,8.90679,1.25,step,2

frame,idx,score,alpha,step_norm,z_coarse
3612,0,7.5153,0.65,step,-2
3612,1,10.6145,0.8,step,-1
3612,2,11.4079,0.95,step,0
3612,3,10.045,1.1,step,1
3612,4,8.90143,1.25,step,2

frame,idx,score,alpha,step_norm,z_coarse
3613,0,7.51378,0.65,step,-2
3613,1,10.6186,0.8,step,-1
3613,2,11.4179,0.95,step,0
3613,3,10.0535,1.1,step,1
3613,4,8.90778,1.25,step,2

frame,idx,score,alpha,step_norm,z_coarse
3614,0,7.51509,0.65,step,-2
3614,1,10.6175,0.8,step,-1
3614,2,11.403,0.95,step,0
3614,3,10.0373,1.1,step,1
3614,4,8.89568,1.25,step,2

frame,idx,score,alpha,step_norm,z_coarse
3615,0,7.52065,0.65,step,-2
3615,1,10.6234,0.8,step,-1
3615,2,11.4053,0.95,step,0
3615,3,10.0387,1.1,step,1
3615,4,8.8977,1.25,step,2

frame,idx,score,alpha,step_norm,z_coarse
3616,0,7.52215,0.65,step,-2
3616,1,10.6211,0.8,step,-1
3616,2,11.4042,0.95,step,0
3616,3,10.042,1.1,step,1
3616,4,8.90079,1.25,step,2

frame,idx,score,alpha,step_norm,z_coarse
3617,0,7.51833,0.65,step,-2
3617,1,10.6154,0.8,step,-1
3617,2,11.4017,0.95,step,0
3617,3,10.0399,1.1,step,1
3617,4,8.89903,1.25,step,2

frame,idx,score,alpha,step_norm,z_coarse
3618,0,7.52029,0.65,step,-2
3618,1,10.62,0.8,step,-1
3618,2,11.4104,0.95,step,0
3618,3,10.0464,1.1,step,1
3618,4,8.90337,1.25,step,2

frame,idx,score,alpha,step_norm,z_coarse
3619,0,7.51704,0.65,step,-2
3619,1,10.6178,0.8,step,-1
3619,2,11.4018,0.95,step,0
3619,3,10.0392,1.1,step,1
3619,4,8.89764,1.25,step,2

frame,idx,score,alpha,step_norm,z_coarse
3620,0,7.52896,0.65,step,-2
3620,1,10.6295,0.8,step,-1
3620,2,11.403,0.95,step,0
3620,3,10.0379,1.1,step,1
3620,4,8.89724,1.25,step,2

frame,idx,score,alpha,step_norm,z_coarse
3621,0,7.52016,0.65,step,-2
3621,1,10.6268,0.8,step,-1
3621,2,11.4034,0.95,step,0
3621,3,10.0359,1.1,step,1
3621,4,8.89393,1.25,step,2

frame,idx,score,alpha,step_norm,z_coarse
3622,0,7.52463,0.65,step,-2
3622,1,10.6239,0.8,step,-1
3622,2,11.4036,0.95,step,0
3622,3,10.0401,1.1,step,1
3622,4,8.89925,1.25,step,2

frame,idx,score,alpha,step_norm,z_coarse
3623,0,7.52902,0.65,step,-2
3623,1,10.631,0.8,step,-1
3623,2,11.4007,0.95,step,0
3623,3,10.0345,1.1,step,1
3623,4,8.89454,1.25,step,2

frame,idx,score,alpha,step_norm,z_coarse
3624,0,7.52667,0.65,step,-2
3624,1,10.6257,0.8,step,-1
3624,2,11.3964,0.95,step,0
3624,3,10.0337,1.1,step,1
3624,4,8.89558,1.25,step,2

frame,idx,score,alpha,step_norm,z_coarse
3625,0,7.53882,0.65,step,-2
3625,1,10.6371,0.8,step,-1
3625,2,11.3956,0.95,step,0
3625,3,10.0309,1.1,step,1
3625,4,8.89421,1.25,step,2

frame,idx,score,alpha,step_norm,z_coarse
3626,0,7.53295,0.65,step,-2
3626,1,10.6342,0.8,step,-1
3626,2,11.3951,0.95,step,0
3626,3,10.0293,1.1,step,1
3626,4,8.89113,1.25,step,2

frame,idx,score,alpha,step_norm,z_coarse
3627,0,7.53648,0.65,step,-2
3627,1,10.6307,0.8,step,-1
3627,2,11.393,0.95,step,0
3627,3,10.0295,1.1,step,1
3627,4,8.89217,1.25,step,2

frame,idx,score,alpha,step_norm,z_coarse
3628,0,7.53977,0.65,step,-2
3628,1,10.6403,0.8,step,-1
3628,2,11.4003,0.95,step,0
3628,3,10.0343,1.1,step,1
3628,4,8.89517,1.25,step,2

frame,idx,score,alpha,step_norm,z_coarse
3629,0,7.53859,0.65,step,-2
3629,1,10.6374,0.8,step,-1
3629,2,11.3916,0.95,step,0
3629,3,10.0248,1.1,step,1
3629,4,8.88727,1.25,step,2

frame,idx,score,alpha,step_norm,z_coarse
3630,0,7.54052,0.65,step,-2
3630,1,10.6339,0.8,step,-1
3630,2,11.3839,0.95,step,0
3630,3,10.0191,1.1,step,1
3630,4,8.88428,1.25,step,2

frame,idx,score,alpha,step_norm,z_coarse
3631,0,7.54048,0.65,step,-2
3631,1,10.639,0.8,step,-1
3631,2,11.3868,0.95,step,0
3631,3,10.0228,1.1,step,1
3631,4,8.88724,1.25,step,2

frame,idx,score,alpha,step_norm,z_coarse
3632,0,7.55122,0.65,step,-2
3632,1,10.6455,0.8,step,-1
3632,2,11.3853,0.95,step,0
3632,3,10.0207,1.1,step,1
3632,4,8.88673,1.25,step,2

frame,idx,score,alpha,step_norm,z_coarse
3633,0,7.55654,0.65,step,-2
3633,1,10.6552,0.8,step,-1
3633,2,11.3891,0.95,step,0
3633,3,10.0212,1.1,step,1
3633,4,8.88694,1.25,step,2

frame,idx,score,alpha,step_norm,z_coarse
3634,0,7.54879,0.65,step,-2
3634,1,10.6446,0.8,step,-1
3634,2,11.383,0.95,step,0
3634,3,10.0199,1.1,step,1
3634,4,8.88776,1.25,step,2

frame,idx,score,alpha,step_norm,z_coarse
3635,0,7.55415,0.65,step,-2
3635,1,10.6525,0.8,step,-1
3635,2,11.3904,0.95,step,0
3635,3,10.0231,1.1,step,1
3635,4,8.88833,1.25,step,2

frame,idx,score,alpha,step_norm,z_coarse
3636,0,7.55406,0.65,step,-2
3636,1,10.6496,0.8,step,-1
3636,2,11.3782,0.95,step,0
3636,3,10.0147,1.1,step,1
3636,4,8.88473,1.25,step,2

frame,idx,score,alpha,step_norm,z_coarse
3637,0,7.55423,0.65,step,-2
3637,1,10.6437,0.8,step,-1
3637,2,11.3728,0.95,step,0
3637,3,10.0131,1.1,step,1
3637,4,8.88442,1.25,step,2

frame,idx,score,alpha,step_norm,z_coarse
3638,0,7.56674,0.65,step,-2
3638,1,10.6564,0.8,step,-1
3638,2,11.3763,0.95,step,0
3638,3,10.0143,1.1,step,1
3638,4,8.88392,1.25,step,2

frame,idx,score,alpha,step_norm,z_coarse
3639,0,7.55913,0.65,step,-2
3639,1,10.6517,0.8,step,-1
3639,2,11.3707,0.95,step,0
3639,3,10.008,1.1,step,1
3639,4,8.88129,1.25,step,2

frame,idx,score,alpha,step_norm,z_coarse
3640,0,7.56345,0.65,step,-2
3640,1,10.6551,0.8,step,-1
3640,2,11.3692,0.95,step,0
3640,3,10.0067,1.1,step,1
3640,4,8.87859,1.25,step,2

frame,idx,score,alpha,step_norm,z_coarse
3641,0,7.56581,0.65,step,-2
3641,1,10.6551,0.8,step,-1
3641,2,11.3643,0.95,step,0
3641,3,10.0018,1.1,step,1
3641,4,8.87526,1.25,step,2

frame,idx,score,alpha,step_norm,z_coarse
3642,0,7.56828,0.65,step,-2
3642,1,10.6572,0.8,step,-1
3642,2,11.3707,0.95,step,0
3642,3,10.008,1.1,step,1
3642,4,8.87762,1.25,step,2

frame,idx,score,alpha,step_norm,z_coarse
3643,0,7.57329,0.65,step,-2
3643,1,10.6595,0.8,step,-1
3643,2,11.3641,0.95,step,0
3643,3,10.0015,1.1,step,1
3643,4,8.87541,1.25,step,2

frame,idx,score,alpha,step_norm,z_coarse
3644,0,7.57379,0.65,step,-2
3644,1,10.6621,0.8,step,-1
3644,2,11.3643,0.95,step,0
3644,3,10.0013,1.1,step,1
3644,4,8.87487,1.25,step,2

frame,idx,score,alpha,step_norm,z_coarse
3645,0,7.57759,0.65,step,-2
3645,1,10.6658,0.8,step,-1
3645,2,11.3604,0.95,step,0
3645,3,9.99754,1.1,step,1
3645,4,8.87303,1.25,step,2

frame,idx,score,alpha,step_norm,z_coarse
3646,0,7.58566,0.65,step,-2
3646,1,10.6699,0.8,step,-1
3646,2,11.3628,0.95,step,0
3646,3,9.99856,1.1,step,1
3646,4,8.87237,1.25,step,2

frame,idx,score,alpha,step_norm,z_coarse
3647,0,7.5827,0.65,step,-2
3647,1,10.6677,0.8,step,-1
3647,2,11.3541,0.95,step,0
3647,3,9.99163,1.1,step,1
3647,4,8.86843,1.25,step,2

frame,idx,score,alpha,step_norm,z_coarse
3648,0,7.58177,0.65,step,-2
3648,1,10.6649,0.8,step,-1
3648,2,11.3526,0.95,step,0
3648,3,9.99306,1.1,step,1
3648,4,8.87215,1.25,step,2

frame,idx,score,alpha,step_norm,z_coarse
3649,0,7.58394,0.65,step,-2
3649,1,10.6641,0.8,step,-1
3649,2,11.3493,0.95,step,0
3649,3,9.99162,1.1,step,1
3649,4,8.87233,1.25,step,2

frame,idx,score,alpha,step_norm,z_coarse
3650,0,7.58344,0.65,step,-2
3650,1,10.6688,0.8,step,-1
3650,2,11.3595,0.95,step,0
3650,3,9.99972,1.1,step,1
3650,4,8.87615,1.25,step,2

frame,idx,score,alpha,step_norm,z_coarse
3651,0,7.58274,0.65,step,-2
3651,1,10.6661,0.8,step,-1
3651,2,11.3531,0.95,step,0
3651,3,9.99301,1.1,step,1
3651,4,8.87052,1.25,step,2

frame,idx,score,alpha,step_norm,z_coarse
3652,0,7.585,0.65,step,-2
3652,1,10.6643,0.8,step,-1
3652,2,11.3483,0.95,step,0
3652,3,9.9911,1.1,step,1
3652,4,8.87089,1.25,step,2

frame,idx,score,alpha,step_norm,z_coarse
3653,0,7.58462,0.65,step,-2
3653,1,10.6685,0.8,step,-1
3653,2,11.3572,0.95,step,0
3653,3,9.99558,1.1,step,1
3653,4,8.87215,1.25,step,2

frame,idx,score,alpha,step_norm,z_coarse
3654,0,7.57479,0.65,step,-2
3654,1,10.6627,0.8,step,-1
3654,2,11.3564,0.95,step,0
3654,3,9.99636,1.1,step,1
3654,4,8.87509,1.25,step,2

frame,idx,score,alpha,step_norm,z_coarse
3655,0,7.5745,0.65,step,-2
3655,1,10.658,0.8,step,-1
3655,2,11.3528,0.95,step,0
3655,3,9.99208,1.1,step,1
3655,4,8.86923,1.25,step,2

frame,idx,score,alpha,step_norm,z_coarse
3656,0,7.57066,0.65,step,-2
3656,1,10.6541,0.8,step,-1
3656,2,11.3533,0.95,step,0
3656,3,9.99619,1.1,step,1
3656,4,8.87459,1.25,step,2

frame,idx,score,alpha,step_norm,z_coarse
3657,0,7.56747,0.65,step,-2
3657,1,10.6515,0.8,step,-1
3657,2,11.361,0.95,step,0
3657,3,10.0027,1.1,step,1
3657,4,8.87738,1.25,step,2

frame,idx,score,alpha,step_norm,z_coarse
3658,0,7.56154,0.65,step,-2
3658,1,10.6511,0.8,step,-1
3658,2,11.3748,0.95,step,0
3658,3,10.0161,1.1,step,1
3658,4,8.88913,1.25,step,2

frame,idx,score,alpha,step_norm,z_coarse
3659,0,7.53846,0.65,step,-2
3659,1,10.6335,0.8,step,-1
3659,2,11.3915,0.95,step,0
3659,3,10.0312,1.1,step,1
3659,4,8.89808,1.25,step,2

frame,idx,score,alpha,step_norm,z_coarse
3660,0,7.51094,0.65,step,-2
3660,1,10.6104,0.8,step,-1
3660,2,11.411,0.95,step,0
3660,3,10.0552,1.1,step,1
3660,4,8.91631,1.25,step,2

frame,idx,score,alpha,step_norm,z_coarse
3661,0,7.5002,0.65,step,-2
3661,1,10.5991,0.8,step,-1
3661,2,11.4109,0.95,step,0
3661,3,10.0512,1.1,step,1
3661,4,8.90607,1.25,step,2

frame,idx,score,alpha,step_norm,z_coarse
3662,0,7.49361,0.65,step,-2
3662,1,10.5967,0.8,step,-1
3662,2,11.4273,0.95,step,0
3662,3,10.0682,1.1,step,1
3662,4,8.91905,1.25,step,2

frame,idx,score,alpha,step_norm,z_coarse
3663,0,7.48271,0.65,step,-2
3663,1,10.5854,0.8,step,-1
3663,2,11.4293,0.95,step,0
3663,3,10.072,1.1,step,1
3663,4,8.92239,1.25,step,2

frame,idx,score,alpha,step_norm,z_coarse
3664,0,7.48495,0.65,step,-2
3664,1,10.5885,0.8,step,-1
3664,2,11.4336,0.95,step,0
3664,3,10.0762,1.1,step,1
3664,4,8.92593,1.25,step,2

frame,idx,score,alpha,step_norm,z_coarse
3665,0,7.47906,0.65,step,-2
3665,1,10.5771,0.8,step,-1
3665,2,11.4243,0.95,step,0
3665,3,10.07,1.1,step,1
3665,4,8.92294,1.25,step,2

frame,idx,score,alpha,step_norm,z_coarse
3666,0,7.46901,0.65,step,-2
3666,1,10.5714,0.8,step,-1
3666,2,11.432,0.95,step,0
3666,3,10.0786,1.1,step,1
3666,4,8.92936,1.25,step,2

frame,idx,score,alpha,step_norm,z_coarse
3667,0,7.45243,0.65,step,-2
3667,1,10.5504,0.8,step,-1
3667,2,11.4398,0.95,step,0
3667,3,10.0891,1.1,step,1
3667,4,8.93456,1.25,step,2

frame,idx,score,alpha,step_norm,z_coarse
3668,0,7.44751,0.65,step,-2
3668,1,10.5437,0.8,step,-1
3668,2,11.4407,0.95,step,0
3668,3,10.0943,1.1,step,1
3668,4,8.94031,1.25,step,2

frame,idx,score,alpha,step_norm,z_coarse
3669,0,7.443,0.65,step,-2
3669,1,10.5419,0.8,step,-1
3669,2,11.4464,0.95,step,0
3669,3,10.1015,1.1,step,1
3669,4,8.94692,1.25,step,2

frame,idx,score,alpha,step_norm,z_coarse
3670,0,7.43084,0.65,step,-2
3670,1,10.5309,0.8,step,-1
3670,2,11.453,0.95,step,0
3670,3,10.1072,1.1,step,1
3670,4,8.94998,1.25,step,2

frame,idx,score,alpha,step_norm,z_coarse
3671,0,7.43523,0.65,step,-2
3671,1,10.5289,0.8,step,-1
3671,2,11.4497,0.95,step,0
3671,3,10.1053,1.1,step,1
3671,4,8.94712,1.25,step,2

frame,idx,score,alpha,step_norm,z_coarse
3672,0,7.41961,0.65,step,-2
3672,1,10.5157,0.8,step,-1
3672,2,11.4566,0.95,step,0
3672,3,10.1123,1.1,step,1
3672,4,8.94975,1.25,step,2

frame,idx,score,alpha,step_norm,z_coarse
3673,0,7.41307,0.65,step,-2
3673,1,10.5083,0.8,step,-1
3673,2,11.4478,0.95,step,0
3673,3,10.1063,1.1,step,1
3673,4,8.94676,1.25,step,2

frame,idx,score,alpha,step_norm,z_coarse
3674,0,7.4113,0.65,step,-2
3674,1,10.5057,0.8,step,-1
3674,2,11.4515,0.95,step,0
3674,3,10.1102,1.1,step,1
3674,4,8.94993,1.25,step,2

frame,idx,score,alpha,step_norm,z_coarse
3675,0,7.41219,0.65,step,-2
3675,1,10.5096,0.8,step,-1
3675,2,11.4594,0.95,step,0
3675,3,10.1144,1.1,step,1
3675,4,8.952,1.25,step,2

frame,idx,score,alpha,step_norm,z_coarse
3676,0,7.41017,0.65,step,-2
3676,1,10.5053,0.8,step,-1
3676,2,11.4492,0.95,step,0
3676,3,10.1045,1.1,step,1
3676,4,8.94381,1.25,step,2

frame,idx,score,alpha,step_norm,z_coarse
3677,0,7.41525,0.65,step,-2
3677,1,10.5084,0.8,step,-1
3677,2,11.4535,0.95,step,0
3677,3,10.1132,1.1,step,1
3677,4,8.95272,1.25,step,2

frame,idx,score,alpha,step_norm,z_coarse
3678,0,7.41019,0.65,step,-2
3678,1,10.5062,0.8,step,-1
3678,2,11.4534,0.95,step,0
3678,3,10.1098,1.1,step,1
3678,4,8.94765,1.25,step,2

frame,idx,score,alpha,step_norm,z_coarse
3679,0,7.40506,0.65,step,-2
3679,1,10.4976,0.8,step,-1
3679,2,11.4562,0.95,step,0
3679,3,10.1171,1.1,step,1
3679,4,8.95461,1.25,step,2

frame,idx,score,alpha,step_norm,z_coarse
3680,0,7.40476,0.65,step,-2
3680,1,10.4983,0.8,step,-1
3680,2,11.4572,0.95,step,0
3680,3,10.1182,1.1,step,1
3680,4,8.9558,1.25,step,2

frame,idx,score,alpha,step_norm,z_coarse
3681,0,7.40265,0.65,step,-2
3681,1,10.4935,0.8,step,-1
3681,2,11.4529,0.95,step,0
3681,3,10.1127,1.1,step,1
3681,4,8.95113,1.25,step,2

frame,idx,score,alpha,step_norm,z_coarse
3682,0,7.39481,0.65,step,-2
3682,1,10.4894,0.8,step,-1
3682,2,11.4539,0.95,step,0
3682,3,10.1166,1.1,step,1
3682,4,8.95585,1.25,step,2

frame,idx,score,alpha,step_norm,z_coarse
3683,0,7.39449,0.65,step,-2
3683,1,10.4878,0.8,step,-1
3683,2,11.4558,0.95,step,0
3683,3,10.1181,1.1,step,1
3683,4,8.95649,1.25,step,2

frame,idx,score,alpha,step_norm,z_coarse
3684,0,7.37762,0.65,step,-2
3684,1,10.4643,0.8,step,-1
3684,2,11.4591,0.95,step,0
3684,3,10.1253,1.1,step,1
3684,4,8.95842,1.25,step,2

frame,idx,score,alpha,step_norm,z_coarse
3685,0,7.36728,0.65,step,-2
3685,1,10.4496,0.8,step,-1
3685,2,11.4561,0.95,step,0
3685,3,10.1276,1.1,step,1
3685,4,8.96143,1.25,step,2

frame,idx,score,alpha,step_norm,z_coarse
3686,0,7.35943,0.65,step,-2
3686,1,10.4432,0.8,step,-1
3686,2,11.4611,0.95,step,0
3686,3,10.1319,1.1,step,1
3686,4,8.96274,1.25,step,2

frame,idx,score,alpha,step_norm,z_coarse
3687,0,7.35759,0.65,step,-2
3687,1,10.4417,0.8,step,-1
3687,2,11.4673,0.95,step,0
3687,3,10.1387,1.1,step,1
3687,4,8.96734,1.25,step,2

frame,idx,score,alpha,step_norm,z_coarse
3688,0,7.35159,0.65,step,-2
3688,1,10.4323,0.8,step,-1
3688,2,11.4555,0.95,step,0
3688,3,10.13,1.1,step,1
3688,4,8.96343,1.25,step,2

frame,idx,score,alpha,step_norm,z_coarse
3689,0,7.34177,0.65,step,-2
3689,1,10.4204,0.8,step,-1
3689,2,11.4596,0.95,step,0
3689,3,10.1359,1.1,step,1
3689,4,8.9659,1.25,step,2

frame,idx,score,alpha,step_norm,z_coarse
3690,0,7.33714,0.65,step,-2
3690,1,10.4156,0.8,step,-1
3690,2,11.4594,0.95,step,0
3690,3,10.1378,1.1,step,1
3690,4,8.96619,1.25,step,2

frame,idx,score,alpha,step_norm,z_coarse
3691,0,7.32891,0.65,step,-2
3691,1,10.4033,0.8,step,-1
3691,2,11.459,0.95,step,0
3691,3,10.1422,1.1,step,1
3691,4,8.9721,1.25,step,2

frame,idx,score,alpha,step_norm,z_coarse
3692,0,7.32239,0.65,step,-2
3692,1,10.3974,0.8,step,-1
3692,2,11.464,0.95,step,0
3692,3,10.1462,1.1,step,1
3692,4,8.97292,1.25,step,2

frame,idx,score,alpha,step_norm,z_coarse
3693,0,7.29563,0.65,step,-2
3693,1,10.3602,0.8,step,-1
3693,2,11.4563,0.95,step,0
3693,3,10.1507,1.1,step,1
3693,4,8.9787,1.25,step,2

frame,idx,score,alpha,step_norm,z_coarse
3694,0,7.28823,0.65,step,-2
3694,1,10.3518,0.8,step,-1
3694,2,11.4547,0.95,step,0
3694,3,10.1508,1.1,step,1
3694,4,8.97926,1.25,step,2

frame,idx,score,alpha,step_norm,z_coarse
3695,0,7.2886,0.65,step,-2
3695,1,10.3539,0.8,step,-1
3695,2,11.4593,0.95,step,0
3695,3,10.1562,1.1,step,1
3695,4,8.98227,1.25,step,2

frame,idx,score,alpha,step_norm,z_coarse
3696,0,7.28842,0.65,step,-2
3696,1,10.3491,0.8,step,-1
3696,2,11.4542,0.95,step,0
3696,3,10.1519,1.1,step,1
3696,4,8.97909,1.25,step,2

frame,idx,score,alpha,step_norm,z_coarse
3697,0,7.28968,0.65,step,-2
3697,1,10.351,0.8,step,-1
3697,2,11.4566,0.95,step,0
3697,3,10.1533,1.1,step,1
3697,4,8.98118,1.25,step,2

frame,idx,score,alpha,step_norm,z_coarse
3698,0,7.27932,0.65,step,-2
3698,1,10.3396,0.8,step,-1
3698,2,11.4499,0.95,step,0
3698,3,10.1508,1.1,step,1
3698,4,8.97947,1.25,step,2

frame,idx,score,alpha,step_norm,z_coarse
3699,0,7.2819,0.65,step,-2
3699,1,10.3434,0.8,step,-1
3699,2,11.4553,0.95,step,0
3699,3,10.1561,1.1,step,1
3699,4,8.98415,1.25,step,2

frame,idx,score,alpha,step_norm,z_coarse
3700,0,7.28043,0.65,step,-2
3700,1,10.3384,0.8,step,-1
3700,2,11.4519,0.95,step,0
3700,3,10.1528,1.1,step,1
3700,4,8.97916,1.25,step,2

frame,idx,score,alpha,step_norm,z_coarse
3701,0,7.284,0.65,step,-2
3701,1,10.3456,0.8,step,-1
3701,2,11.4602,0.95,step,0
3701,3,10.1584,1.1,step,1
3701,4,8.98418,1.25,step,2

frame,idx,score,alpha,step_norm,z_coarse
3702,0,7.27847,0.65,step,-2
3702,1,10.3344,0.8,step,-1
3702,2,11.4479,0.95,step,0
3702,3,10.1505,1.1,step,1
3702,4,8.98033,1.25,step,2

frame,idx,score,alpha,step_norm,z_coarse
3703,0,7.27983,0.65,step,-2
3703,1,10.3364,0.8,step,-1
3703,2,11.4562,0.95,step,0
3703,3,10.1575,1.1,step,1
3703,4,8.98292,1.25,step,2

frame,idx,score,alpha,step_norm,z_coarse
3704,0,7.27535,0.65,step,-2
3704,1,10.337,0.8,step,-1
3704,2,11.4543,0.95,step,0
3704,3,10.1542,1.1,step,1
3704,4,8.97999,1.25,step,2

frame,idx,score,alpha,step_norm,z_coarse
3705,0,7.2761,0.65,step,-2
3705,1,10.3359,0.8,step,-1
3705,2,11.4589,0.95,step,0
3705,3,10.1607,1.1,step,1
3705,4,8.98627,1.25,step,2

frame,idx,score,alpha,step_norm,z_coarse
3706,0,7.27595,0.65,step,-2
3706,1,10.3334,0.8,step,-1
3706,2,11.4541,0.95,step,0
3706,3,10.1561,1.1,step,1
3706,4,8.98308,1.25,step,2

frame,idx,score,alpha,step_norm,z_coarse
3707,0,7.26731,0.65,step,-2
3707,1,10.3186,0.8,step,-1
3707,2,11.447,0.95,step,0
3707,3,10.155,1.1,step,1
3707,4,8.98411,1.25,step,2

frame,idx,score,alpha,step_norm,z_coarse
3708,0,7.26372,0.65,step,-2
3708,1,10.3177,0.8,step,-1
3708,2,11.4528,0.95,step,0
3708,3,10.1593,1.1,step,1
3708,4,8.98487,1.25,step,2

frame,idx,score,alpha,step_norm,z_coarse
3709,0,7.26277,0.65,step,-2
3709,1,10.3153,0.8,step,-1
3709,2,11.4557,0.95,step,0
3709,3,10.1643,1.1,step,1
3709,4,8.99053,1.25,step,2

frame,idx,score,alpha,step_norm,z_coarse
3710,0,7.24792,0.65,step,-2
3710,1,10.2972,0.8,step,-1
3710,2,11.4452,0.95,step,0
3710,3,10.1603,1.1,step,1
3710,4,8.98997,1.25,step,2

frame,idx,score,alpha,step_norm,z_coarse
3711,0,7.2522,0.65,step,-2
3711,1,10.3017,0.8,step,-1
3711,2,11.4517,0.95,step,0
3711,3,10.1632,1.1,step,1
3711,4,8.98949,1.25,step,2

frame,idx,score,alpha,step_norm,z_coarse
3712,0,7.24085,0.65,step,-2
3712,1,10.2842,0.8,step,-1
3712,2,11.4479,0.95,step,0
3712,3,10.1668,1.1,step,1
3712,4,8.9952,1.25,step,2

frame,idx,score,alpha,step_norm,z_coarse
3713,0,7.23196,0.65,step,-2
3713,1,10.2742,0.8,step,-1
3713,2,11.4419,0.95,step,0
3713,3,10.1601,1.1,step,1
3713,4,8.98764,1.25,step,2

frame,idx,score,alpha,step_norm,z_coarse
3714,0,7.23151,0.65,step,-2
3714,1,10.2724,0.8,step,-1
3714,2,11.4448,0.95,step,0
3714,3,10.1683,1.1,step,1
3714,4,8.9978,1.25,step,2

frame,idx,score,alpha,step_norm,z_coarse
3715,0,7.23015,0.65,step,-2
3715,1,10.2727,0.8,step,-1
3715,2,11.4485,0.95,step,0
3715,3,10.1689,1.1,step,1
3715,4,8.99539,1.25,step,2

frame,idx,score,alpha,step_norm,z_coarse
3716,0,7.22277,0.65,step,-2
3716,1,10.2589,0.8,step,-1
3716,2,11.4403,0.95,step,0
3716,3,10.1658,1.1,step,1
3716,4,8.9932,1.25,step,2

frame,idx,score,alpha,step_norm,z_coarse
3717,0,7.22116,0.65,step,-2
3717,1,10.257,0.8,step,-1
3717,2,11.4431,0.95,step,0
3717,3,10.1717,1.1,step,1
3717,4,8.99968,1.25,step,2

frame,idx,score,alpha,step_norm,z_coarse
3718,0,7.21731,0.65,step,-2
3718,1,10.2518,0.8,step,-1
3718,2,11.4394,0.95,step,0
3718,3,10.1671,1.1,step,1
3718,4,8.9947,1.25,step,2

frame,idx,score,alpha,step_norm,z_coarse
3719,0,7.2094,0.65,step,-2
3719,1,10.2398,0.8,step,-1
3719,2,11.4361,0.95,step,0
3719,3,10.1687,1.1,step,1
3719,4,8.99675,1.25,step,2

frame,idx,score,alpha,step_norm,z_coarse
3720,0,7.19992,0.65,step,-2
3720,1,10.2311,0.8,step,-1
3720,2,11.4316,0.95,step,0
3720,3,10.1691,1.1,step,1
3720,4,8.99973,1.25,step,2

frame,idx,score,alpha,step_norm,z_coarse
3721,0,7.20173,0.65,step,-2
3721,1,10.2301,0.8,step,-1
3721,2,11.4351,0.95,step,0
3721,3,10.171,1.1,step,1
3721,4,8.99859,1.25,step,2

frame,idx,score,alpha,step_norm,z_coarse
3722,0,7.20122,0.65,step,-2
3722,1,10.2286,0.8,step,-1
3722,2,11.4363,0.95,step,0
3722,3,10.1725,1.1,step,1
3722,4,8.99989,1.25,step,2

frame,idx,score,alpha,step_norm,z_coarse
3723,0,7.18962,0.65,step,-2
3723,1,10.2146,0.8,step,-1
3723,2,11.4363,0.95,step,0
3723,3,10.1764,1.1,step,1
3723,4,9.00302,1.25,step,2

frame,idx,score,alpha,step_norm,z_coarse
3724,0,7.1877,0.65,step,-2
3724,1,10.2099,0.8,step,-1
3724,2,11.4259,0.95,step,0
3724,3,10.1689,1.1,step,1
3724,4,8.99904,1.25,step,2

frame,idx,score,alpha,step_norm,z_coarse
3725,0,7.18398,0.65,step,-2
3725,1,10.2069,0.8,step,-1
3725,2,11.4315,0.95,step,0
3725,3,10.176,1.1,step,1
3725,4,9.00663,1.25,step,2

frame,idx,score,alpha,step_norm,z_coarse
3726,0,7.17715,0.65,step,-2
3726,1,10.1929,0.8,step,-1
3726,2,11.4194,0.95,step,0
3726,3,10.1681,1.1,step,1
3726,4,9.00054,1.25,step,2

frame,idx,score,alpha,step_norm,z_coarse
3727,0,7.17755,0.65,step,-2
3727,1,10.1969,0.8,step,-1
3727,2,11.4268,0.95,step,0
3727,3,10.1761,1.1,step,1
3727,4,9.00655,1.25,step,2

frame,idx,score,alpha,step_norm,z_coarse
3728,0,7.17747,0.65,step,-2
3728,1,10.1928,0.8,step,-1
3728,2,11.4271,0.95,step,0
3728,3,10.1756,1.1,step,1
3728,4,9.00476,1.25,step,2

frame,idx,score,alpha,step_norm,z_coarse
3729,0,7.17423,0.65,step,-2
3729,1,10.1913,0.8,step,-1
3729,2,11.4183,0.95,step,0
3729,3,10.1698,1.1,step,1
3729,4,9.00298,1.25,step,2

frame,idx,score,alpha,step_norm,z_coarse
3730,0,7.1792,0.65,step,-2
3730,1,10.197,0.8,step,-1
3730,2,11.4248,0.95,step,0
3730,3,10.1736,1.1,step,1
3730,4,9.00589,1.25,step,2

frame,idx,score,alpha,step_norm,z_coarse
3731,0,7.17876,0.65,step,-2
3731,1,10.1998,0.8,step,-1
3731,2,11.4289,0.95,step,0
3731,3,10.1757,1.1,step,1
3731,4,9.00581,1.25,step,2

frame,idx,score,alpha,step_norm,z_coarse
3732,0,7.17169,0.65,step,-2
3732,1,10.1859,0.8,step,-1
3732,2,11.4241,0.95,step,0
3732,3,10.1783,1.1,step,1
3732,4,9.01094,1.25,step,2

frame,idx,score,alpha,step_norm,z_coarse
3733,0,7.1684,0.65,step,-2
3733,1,10.1836,0.8,step,-1
3733,2,11.4259,0.95,step,0
3733,3,10.1765,1.1,step,1
3733,4,9.0053,1.25,step,2

frame,idx,score,alpha,step_norm,z_coarse
3734,0,7.17294,0.65,step,-2
3734,1,10.1874,0.8,step,-1
3734,2,11.419,0.95,step,0
3734,3,10.1714,1.1,step,1
3734,4,9.00535,1.25,step,2

frame,idx,score,alpha,step_norm,z_coarse
3735,0,7.16738,0.65,step,-2
3735,1,10.1794,0.8,step,-1
3735,2,11.4222,0.95,step,0
3735,3,10.1764,1.1,step,1
3735,4,9.00807,1.25,step,2

frame,idx,score,alpha,step_norm,z_coarse
3736,0,7.16663,0.65,step,-2
3736,1,10.186,0.8,step,-1
3736,2,11.427,0.95,step,0
3736,3,10.1768,1.1,step,1
3736,4,9.00506,1.25,step,2

frame,idx,score,alpha,step_norm,z_coarse
3737,0,7.16574,0.65,step,-2
3737,1,10.1755,0.8,step,-1
3737,2,11.4146,0.95,step,0
3737,3,10.1684,1.1,step,1
3737,4,9.00078,1.25,step,2

frame,idx,score,alpha,step_norm,z_coarse
3738,0,7.16343,0.65,step,-2
3738,1,10.1731,0.8,step,-1
3738,2,11.421,0.95,step,0
3738,3,10.1775,1.1,step,1
3738,4,9.00832,1.25,step,2

frame,idx,score,alpha,step_norm,z_coarse
3739,0,7.16123,0.65,step,-2
3739,1,10.1726,0.8,step,-1
3739,2,11.4181,0.95,step,0
3739,3,10.1725,1.1,step,1
3739,4,9.00387,1.25,step,2

frame,idx,score,alpha,step_norm,z_coarse
3740,0,7.1524,0.65,step,-2
3740,1,10.1565,0.8,step,-1
3740,2,11.4111,0.95,step,0
3740,3,10.1732,1.1,step,1
3740,4,9.00708,1.25,step,2

frame,idx,score,alpha,step_norm,z_coarse
3741,0,7.14965,0.65,step,-2
3741,1,10.1513,0.8,step,-1
3741,2,11.4088,0.95,step,0
3741,3,10.1753,1.1,step,1
3741,4,9.01136,1.25,step,2

frame,idx,score,alpha,step_norm,z_coarse
3742,0,7.14916,0.65,step,-2
3742,1,10.1548,0.8,step,-1
3742,2,11.4108,0.95,step,0
3742,3,10.174,1.1,step,1
3742,4,9.00576,1.25,step,2

frame,idx,score,alpha,step_norm,z_coarse
3743,0,7.1514,0.65,step,-2
3743,1,10.1603,0.8,step,-1
3743,2,11.4194,0.95,step,0
3743,3,10.1801,1.1,step,1
3743,4,9.01059,1.25,step,2

frame,idx,score,alpha,step_norm,z_coarse
3744,0,7.15403,0.65,step,-2
3744,1,10.1629,0.8,step,-1
3744,2,11.4162,0.95,step,0
3744,3,10.1761,1.1,step,1
3744,4,9.00932,1.25,step,2

frame,idx,score,alpha,step_norm,z_coarse
3745,0,7.15397,0.65,step,-2
3745,1,10.1579,0.8,step,-1
3745,2,11.4141,0.95,step,0
3745,3,10.1751,1.1,step,1
3745,4,9.00757,1.25,step,2

frame,idx,score,alpha,step_norm,z_coarse
3746,0,7.15116,0.65,step,-2
3746,1,10.1565,0.8,step,-1
3746,2,11.4157,0.95,step,0
3746,3,10.1757,1.1,step,1
3746,4,9.00691,1.25,step,2

frame,idx,score,alpha,step_norm,z_coarse
3747,0,7.14936,0.65,step,-2
3747,1,10.1551,0.8,step,-1
3747,2,11.4218,0.95,step,0
3747,3,10.1843,1.1,step,1
3747,4,9.01373,1.25,step,2

frame,idx,score,alpha,step_norm,z_coarse
3748,0,7.14992,0.65,step,-2
3748,1,10.1513,0.8,step,-1
3748,2,11.4074,0.95,step,0
3748,3,10.1741,1.1,step,1
3748,4,9.01101,1.25,step,2

frame,idx,score,alpha,step_norm,z_coarse
3749,0,7.14885,0.65,step,-2
3749,1,10.1512,0.8,step,-1
3749,2,11.4087,0.95,step,0
3749,3,10.1728,1.1,step,1
3749,4,9.00665,1.25,step,2

frame,idx,score,alpha,step_norm,z_coarse
3750,0,7.14588,0.65,step,-2
3750,1,10.1473,0.8,step,-1
3750,2,11.4102,0.95,step,0
3750,3,10.1791,1.1,step,1
3750,4,9.01442,1.25,step,2

frame,idx,score,alpha,step_norm,z_coarse
3751,0,7.14216,0.65,step,-2
3751,1,10.1434,0.8,step,-1
3751,2,11.4111,0.95,step,0
3751,3,10.1778,1.1,step,1
3751,4,9.01009,1.25,step,2

frame,idx,score,alpha,step_norm,z_coarse
3752,0,7.14476,0.65,step,-2
3752,1,10.1455,0.8,step,-1
3752,2,11.4132,0.95,step,0
3752,3,10.178,1.1,step,1
3752,4,9.00947,1.25,step,2

frame,idx,score,alpha,step_norm,z_coarse
3753,0,7.14688,0.65,step,-2
3753,1,10.1469,0.8,step,-1
3753,2,11.409,0.95,step,0
3753,3,10.1741,1.1,step,1
3753,4,9.00795,1.25,step,2

frame,idx,score,alpha,step_norm,z_coarse
3754,0,7.1406,0.65,step,-2
3754,1,10.1398,0.8,step,-1
3754,2,11.4107,0.95,step,0
3754,3,10.1797,1.1,step,1
3754,4,9.01485,1.25,step,2

frame,idx,score,alpha,step_norm,z_coarse
3755,0,7.14342,0.65,step,-2
3755,1,10.1489,0.8,step,-1
3755,2,11.4164,0.95,step,0
3755,3,10.1809,1.1,step,1
3755,4,9.01278,1.25,step,2

frame,idx,score,alpha,step_norm,z_coarse
3756,0,7.14775,0.65,step,-2
3756,1,10.1487,0.8,step,-1
3756,2,11.4082,0.95,step,0
3756,3,10.1743,1.1,step,1
3756,4,9.00911,1.25,step,2

frame,idx,score,alpha,step_norm,z_coarse
3757,0,7.13954,0.65,step,-2
3757,1,10.1382,0.8,step,-1
3757,2,11.4106,0.95,step,0
3757,3,10.1801,1.1,step,1
3757,4,9.01228,1.25,step,2

frame,idx,score,alpha,step_norm,z_coarse
3758,0,7.14008,0.65,step,-2
3758,1,10.1425,0.8,step,-1
3758,2,11.4156,0.95,step,0
3758,3,10.185,1.1,step,1
3758,4,9.01932,1.25,step,2

frame,idx,score,alpha,step_norm,z_coarse
3759,0,7.14206,0.65,step,-2
3759,1,10.1422,0.8,step,-1
3759,2,11.4064,0.95,step,0
3759,3,10.1743,1.1,step,1
3759,4,9.00971,1.25,step,2

frame,idx,score,alpha,step_norm,z_coarse
3760,0,7.14358,0.65,step,-2
3760,1,10.1405,0.8,step,-1
3760,2,11.4099,0.95,step,0
3760,3,10.1799,1.1,step,1
3760,4,9.01537,1.25,step,2

frame,idx,score,alpha,step_norm,z_coarse
3761,0,7.14427,0.65,step,-2
3761,1,10.1461,0.8,step,-1
3761,2,11.4111,0.95,step,0
3761,3,10.1774,1.1,step,1
3761,4,9.01116,1.25,step,2

frame,idx,score,alpha,step_norm,z_coarse
3762,0,7.14709,0.65,step,-2
3762,1,10.1479,0.8,step,-1
3762,2,11.4176,0.95,step,0
3762,3,10.1867,1.1,step,1
3762,4,9.01852,1.25,step,2

frame,idx,score,alpha,step_norm,z_coarse
3763,0,7.14116,0.65,step,-2
3763,1,10.1404,0.8,step,-1
3763,2,11.4138,0.95,step,0
3763,3,10.1833,1.1,step,1
3763,4,9.01647,1.25,step,2

frame,idx,score,alpha,step_norm,z_coarse
3764,0,7.1399,0.65,step,-2
3764,1,10.1407,0.8,step,-1
3764,2,11.4135,0.95,step,0
3764,3,10.1822,1.1,step,1
3764,4,9.0147,1.25,step,2

frame,idx,score,alpha,step_norm,z_coarse
3765,0,7.14253,0.65,step,-2
3765,1,10.1428,0.8,step,-1
3765,2,11.4168,0.95,step,0
3765,3,10.1864,1.1,step,1
3765,4,9.02009,1.25,step,2

frame,idx,score,alpha,step_norm,z_coarse
3766,0,7.14241,0.65,step,-2
3766,1,10.142,0.8,step,-1
3766,2,11.4112,0.95,step,0
3766,3,10.1809,1.1,step,1
3766,4,9.01394,1.25,step,2

frame,idx,score,alpha,step_norm,z_coarse
3767,0,7.14448,0.65,step,-2
3767,1,10.1434,0.8,step,-1
3767,2,11.4112,0.95,step,0
3767,3,10.1827,1.1,step,1
3767,4,9.01748,1.25,step,2

frame,idx,score,alpha,step_norm,z_coarse
3768,0,7.14787,0.65,step,-2
3768,1,10.1479,0.8,step,-1
3768,2,11.4129,0.95,step,0
3768,3,10.1809,1.1,step,1
3768,4,9.01469,1.25,step,2

frame,idx,score,alpha,step_norm,z_coarse
3769,0,7.14903,0.65,step,-2
3769,1,10.1498,0.8,step,-1
3769,2,11.4161,0.95,step,0
3769,3,10.183,1.1,step,1
3769,4,9.0158,1.25,step,2

frame,idx,score,alpha,step_norm,z_coarse
3770,0,7.14208,0.65,step,-2
3770,1,10.1407,0.8,step,-1
3770,2,11.4064,0.95,step,0
3770,3,10.1771,1.1,step,1
3770,4,9.01368,1.25,step,2

frame,idx,score,alpha,step_norm,z_coarse
3771,0,7.14606,0.65,step,-2
3771,1,10.1492,0.8,step,-1
3771,2,11.419,0.95,step,0
3771,3,10.1878,1.1,step,1
3771,4,9.02013,1.25,step,2

frame,idx,score,alpha,step_norm,z_coarse
3772,0,7.14787,0.65,step,-2
3772,1,10.1484,0.8,step,-1
3772,2,11.4154,0.95,step,0
3772,3,10.1834,1.1,step,1
3772,4,9.0159,1.25,step,2

frame,idx,score,alpha,step_norm,z_coarse
3773,0,7.14568,0.65,step,-2
3773,1,10.1511,0.8,step,-1
3773,2,11.4186,0.95,step,0
3773,3,10.1841,1.1,step,1
3773,4,9.01621,1.25,step,2

frame,idx,score,alpha,step_norm,z_coarse
3774,0,7.14328,0.65,step,-2
3774,1,10.1446,0.8,step,-1
3774,2,11.4153,0.95,step,0
3774,3,10.183,1.1,step,1
3774,4,9.01578,1.25,step,2

frame,idx,score,alpha,step_norm,z_coarse
3775,0,7.13674,0.65,step,-2
3775,1,10.1347,0.8,step,-1
3775,2,11.4,0.95,step,0
3775,3,10.1718,1.1,step,1
3775,4,9.0105,1.25,step,2

frame,idx,score,alpha,step_norm,z_coarse
3776,0,7.14443,0.65,step,-2
3776,1,10.145,0.8,step,-1
3776,2,11.4104,0.95,step,0
3776,3,10.1784,1.1,step,1
3776,4,9.01258,1.25,step,2

frame,idx,score,alpha,step_norm,z_coarse
3777,0,7.14374,0.65,step,-2
3777,1,10.1419,0.8,step,-1
3777,2,11.409,0.95,step,0
3777,3,10.1776,1.1,step,1
3777,4,9.01199,1.25,step,2

frame,idx,score,alpha,step_norm,z_coarse
3778,0,7.14,0.65,step,-2
3778,1,10.1414,0.8,step,-1
3778,2,11.4134,0.95,step,0
3778,3,10.1845,1.1,step,1
3778,4,9.01901,1.25,step,2

frame,idx,score,alpha,step_norm,z_coarse
3779,0,7.15029,0.65,step,-2
3779,1,10.1552,0.8,step,-1
3779,2,11.4183,0.95,step,0
3779,3,10.1824,1.1,step,1
3779,4,9.01491,1.25,step,2

frame,idx,score,alpha,step_norm,z_coarse
3780,0,7.14366,0.65,step,-2
3780,1,10.1448,0.8,step,-1
3780,2,11.4156,0.95,step,0
3780,3,10.1851,1.1,step,1
3780,4,9.01829,1.25,step,2

frame,idx,score,alpha,step_norm,z_coarse
3781,0,7.14198,0.65,step,-2
3781,1,10.1399,0.8,step,-1
3781,2,11.4087,0.95,step,0
3781,3,10.1798,1.1,step,1
3781,4,9.01586,1.25,step,2

frame,idx,score,alpha,step_norm,z_coarse
3782,0,7.14281,0.65,step,-2
3782,1,10.1442,0.8,step,-1
3782,2,11.4097,0.95,step,0
3782,3,10.1778,1.1,step,1
3782,4,9.01245,1.25,step,2

frame,idx,score,alpha,step_norm,z_coarse
3783,0,7.14461,0.65,step,-2
3783,1,10.142,0.8,step,-1
3783,2,11.4125,0.95,step,0
3783,3,10.1831,1.1,step,1
3783,4,9.01903,1.25,step,2

frame,idx,score,alpha,step_norm,z_coarse
3784,0,7.14558,0.65,step,-2
3784,1,10.1481,0.8,step,-1
3784,2,11.4189,0.95,step,0
3784,3,10.1878,1.1,step,1
3784,4,9.01954,1.25,step,2

frame,idx,score,alpha,step_norm,z_coarse
3785,0,7.14714,0.65,step,-2
3785,1,10.1528,0.8,step,-1
3785,2,11.4167,0.95,step,0
3785,3,10.1845,1.1,step,1
3785,4,9.01855,1.25,step,2

frame,idx,score,alpha,step_norm,z_coarse
3786,0,7.15343,0.65,step,-2
3786,1,10.156,0.8,step,-1
3786,2,11.4164,0.95,step,0
3786,3,10.1813,1.1,step,1
3786,4,9.01635,1.25,step,2

frame,idx,score,alpha,step_norm,z_coarse
3787,0,7.14481,0.65,step,-2
3787,1,10.147,0.8,step,-1
3787,2,11.4115,0.95,step,0
3787,3,10.1785,1.1,step,1
3787,4,9.0122,1.25,step,2

frame,idx,score,alpha,step_norm,z_coarse
3788,0,7.1452,0.65,step,-2
3788,1,10.1464,0.8,step,-1
3788,2,11.4155,0.95,step,0
3788,3,10.1842,1.1,step,1
3788,4,9.01922,1.25,step,2

frame,idx,score,alpha,step_norm,z_coarse
3789,0,7.14391,0.65,step,-2
3789,1,10.1509,0.8,step,-1
3789,2,11.4209,0.95,step,0
3789,3,10.1891,1.1,step,1
3789,4,9.02205,1.25,step,2

frame,idx,score,alpha,step_norm,z_coarse
3790,0,7.14752,0.65,step,-2
3790,1,10.1474,0.8,step,-1
3790,2,11.414,0.95,step,0
3790,3,10.1841,1.1,step,1
3790,4,9.01844,1.25,step,2

frame,idx,score,alpha,step_norm,z_coarse
3791,0,7.14296,0.65,step,-2
3791,1,10.1423,0.8,step,-1
3791,2,11.41,0.95,step,0
3791,3,10.1808,1.1,step,1
3791,4,9.01831,1.25,step,2

frame,idx,score,alpha,step_norm,z_coarse
3792,0,7.14058,0.65,step,-2
3792,1,10.1417,0.8,step,-1
3792,2,11.4115,0.95,step,0
3792,3,10.1823,1.1,step,1
3792,4,9.01819,1.25,step,2

frame,idx,score,alpha,step_norm,z_coarse
3793,0,7.146,0.65,step,-2
3793,1,10.146,0.8,step,-1
3793,2,11.4134,0.95,step,0
3793,3,10.1831,1.1,step,1
3793,4,9.01841,1.25,step,2

frame,idx,score,alpha,step_norm,z_coarse
3794,0,7.14095,0.65,step,-2
3794,1,10.1455,0.8,step,-1
3794,2,11.4125,0.95,step,0
3794,3,10.1786,1.1,step,1
3794,4,9.01239,1.25,step,2

frame,idx,score,alpha,step_norm,z_coarse
3795,0,7.14116,0.65,step,-2
3795,1,10.1434,0.8,step,-1
3795,2,11.4175,0.95,step,0
3795,3,10.1849,1.1,step,1
3795,4,9.01637,1.25,step,2

frame,idx,score,alpha,step_norm,z_coarse
3796,0,7.14447,0.65,step,-2
3796,1,10.1465,0.8,step,-1
3796,2,11.4155,0.95,step,0
3796,3,10.1832,1.1,step,1
3796,4,9.01642,1.25,step,2

frame,idx,score,alpha,step_norm,z_coarse
3797,0,7.1426,0.65,step,-2
3797,1,10.1425,0.8,step,-1
3797,2,11.4097,0.95,step,0
3797,3,10.1783,1.1,step,1
3797,4,9.01243,1.25,step,2

frame,idx,score,alpha,step_norm,z_coarse
3798,0,7.14699,0.65,step,-2
3798,1,10.1496,0.8,step,-1
3798,2,11.4174,0.95,step,0
3798,3,10.1852,1.1,step,1
3798,4,9.01862,1.25,step,2

frame,idx,score,alpha,step_norm,z_coarse
3799,0,7.14752,0.65,step,-2
3799,1,10.1472,0.8,step,-1
3799,2,11.4084,0.95,step,0
3799,3,10.1765,1.1,step,1
3799,4,9.01122,1.25,step,2

frame,idx,score,alpha,step_norm,z_coarse
3800,0,7.14631,0.65,step,-2
3800,1,10.1478,0.8,step,-1
3800,2,11.4157,0.95,step,0
3800,3,10.1851,1.1,step,1
3800,4,9.01933,1.25,step,2

frame,idx,score,alpha,step_norm,z_coarse
3801,0,7.14461,0.65,step,-2
3801,1,10.1444,0.8,step,-1
3801,2,11.4149,0.95,step,0
3801,3,10.1838,1.1,step,1
3801,4,9.01656,1.25,step,2

frame,idx,score,alpha,step_norm,z_coarse
3802,0,7.14576,0.65,step,-2
3802,1,10.149,0.8,step,-1
3802,2,11.4194,0.95,step,0
3802,3,10.1871,1.1,step,1
3802,4,9.02088,1.25,step,2

frame,idx,score,alpha,step_norm,z_coarse
3803,0,7.1434,0.65,step,-2
3803,1,10.1416,0.8,step,-1
3803,2,11.41,0.95,step,0
3803,3,10.1802,1.1,step,1
3803,4,9.01605,1.25,step,2

frame,idx,score,alpha,step_norm,z_coarse
3804,0,7.14263,0.65,step,-2
3804,1,10.1426,0.8,step,-1
3804,2,11.4142,0.95,step,0
3804,3,10.1841,1.1,step,1
3804,4,9.01738,1.25,step,2

frame,idx,score,alpha,step_norm,z_coarse
3805,0,7.14456,0.65,step,-2
3805,1,10.1412,0.8,step,-1
3805,2,11.4094,0.95,step,0
3805,3,10.1793,1.1,step,1
3805,4,9.0142,1.25,step,2

frame,idx,score,alpha,step_norm,z_coarse
3806,0,7.14295,0.65,step,-2
3806,1,10.1426,0.8,step,-1
3806,2,11.4125,0.95,step,0
3806,3,10.181,1.1,step,1
3806,4,9.01579,1.25,step,2

frame,idx,score,alpha,step_norm,z_coarse
3807,0,7.14284,0.65,step,-2
3807,1,10.145,0.8,step,-1
3807,2,11.4143,0.95,step,0
3807,3,10.1813,1.1,step,1
3807,4,9.01449,1.25,step,2

frame,idx,score,alpha,step_norm,z_coarse
3808,0,7.14468,0.65,step,-2
3808,1,10.1444,0.8,step,-1
3808,2,11.4104,0.95,step,0
3808,3,10.18,1.1,step,1
3808,4,9.01583,1.25,step,2

frame,idx,score,alpha,step_norm,z_coarse
3809,0,7.14147,0.65,step,-2
3809,1,10.1407,0.8,step,-1
3809,2,11.4152,0.95,step,0
3809,3,10.1882,1.1,step,1
3809,4,9.02323,1.25,step,2

frame,idx,score,alpha,step_norm,z_coarse
3810,0,7.14192,0.65,step,-2
3810,1,10.1408,0.8,step,-1
3810,2,11.4148,0.95,step,0
3810,3,10.187,1.1,step,1
3810,4,9.02165,1.25,step,2

frame,idx,score,alpha,step_norm,z_coarse
3811,0,7.13663,0.65,step,-2
3811,1,10.1299,0.8,step,-1
3811,2,11.4023,0.95,step,0
3811,3,10.175,1.1,step,1
3811,4,9.01183,1.25,step,2

frame,idx,score,alpha,step_norm,z_coarse
3812,0,7.14112,0.65,step,-2
3812,1,10.1385,0.8,step,-1
3812,2,11.4089,0.95,step,0
3812,3,10.1796,1.1,step,1
3812,4,9.01548,1.25,step,2

frame,idx,score,alpha,step_norm,z_coarse
3813,0,7.13848,0.65,step,-2
3813,1,10.1384,0.8,step,-1
3813,2,11.4114,0.95,step,0
3813,3,10.1842,1.1,step,1
3813,4,9.01973,1.25,step,2

frame,idx,score,alpha,step_norm,z_coarse
3814,0,7.13484,0.65,step,-2
3814,1,10.1341,0.8,step,-1
3814,2,11.4088,0.95,step,0
3814,3,10.1776,1.1,step,1
3814,4,9.01141,1.25,step,2

frame,idx,score,alpha,step_norm,z_coarse
3815,0,7.14284,0.65,step,-2
3815,1,10.1415,0.8,step,-1
3815,2,11.4094,0.95,step,0
3815,3,10.1806,1.1,step,1
3815,4,9.01572,1.25,step,2

frame,idx,score,alpha,step_norm,z_coarse
3816,0,7.14382,0.65,step,-2
3816,1,10.1424,0.8,step,-1
3816,2,11.4102,0.95,step,0
3816,3,10.1823,1.1,step,1
3816,4,9.01865,1.25,step,2

frame,idx,score,alpha,step_norm,z_coarse
3817,0,7.1414,0.65,step,-2
3817,1,10.1441,0.8,step,-1
3817,2,11.4142,0.95,step,0
3817,3,10.1839,1.1,step,1
3817,4,9.01781,1.25,step,2

frame,idx,score,alpha,step_norm,z_coarse
3818,0,7.14092,0.65,step,-2
3818,1,10.142,0.8,step,-1
3818,2,11.414,0.95,step,0
3818,3,10.1838,1.1,step,1
3818,4,9.01749,1.25,step,2

frame,idx,score,alpha,step_norm,z_coarse
3819,0,7.13356,0.65,step,-2
3819,1,10.1303,0.8,step,-1
3819,2,11.403,0.95,step,0
3819,3,10.178,1.1,step,1
3819,4,9.0156,1.25,step,2

frame,idx,score,alpha,step_norm,z_coarse
3820,0,7.13537,0.65,step,-2
3820,1,10.1318,0.8,step,-1
3820,2,11.4046,0.95,step,0
3820,3,10.1762,1.1,step,1
3820,4,9.01147,1.25,step,2

frame,idx,score,alpha,step_norm,z_coarse
3821,0,7.13782,0.65,step,-2
3821,1,10.1344,0.8,step,-1
3821,2,11.4024,0.95,step,0
3821,3,10.1758,1.1,step,1
3821,4,9.01237,1.25,step,2

frame,idx,score,alpha,step_norm,z_coarse
3822,0,7.13808,0.65,step,-2
3822,1,10.139,0.8,step,-1
3822,2,11.411,0.95,step,0
3822,3,10.1807,1.1,step,1
3822,4,9.01453,1.25,step,2

frame,idx,score,alpha,step_norm,z_coarse
3823,0,7.13053,0.65,step,-2
3823,1,10.1247,0.8,step,-1
3823,2,11.4052,0.95,step,0
3823,3,10.1795,1.1,step,1
3823,4,9.01462,1.25,step,2

frame,idx,score,alpha,step_norm,z_coarse
3824,0,7.13155,0.65,step,-2
3824,1,10.1313,0.8,step,-1
3824,2,11.407,0.95,step,0
3824,3,10.1806,1.1,step,1
3824,4,9.01768,1.25,step,2

frame,idx,score,alpha,step_norm,z_coarse
3825,0,7.14022,0.65,step,-2
3825,1,10.1453,0.8,step,-1
3825,2,11.4167,0.95,step,0
3825,3,10.1857,1.1,step,1
3825,4,9.01938,1.25,step,2

frame,idx,score,alpha,step_norm,z_coarse
3826,0,7.14006,0.65,step,-2
3826,1,10.1376,0.8,step,-1
3826,2,11.4089,0.95,step,0
3826,3,10.179,1.1,step,1
3826,4,9.01351,1.25,step,2

frame,idx,score,alpha,step_norm,z_coarse
3827,0,7.14064,0.65,step,-2
3827,1,10.1412,0.8,step,-1
3827,2,11.4142,0.95,step,0
3827,3,10.1857,1.1,step,1
3827,4,9.02024,1.25,step,2

frame,idx,score,alpha,step_norm,z_coarse
3828,0,7.13557,0.65,step,-2
3828,1,10.1294,0.8,step,-1
3828,2,11.4009,0.95,step,0
3828,3,10.1749,1.1,step,1
3828,4,9.0113,1.25,step,2

frame,idx,score,alpha,step_norm,z_coarse
3829,0,7.1393,0.65,step,-2
3829,1,10.1427,0.8,step,-1
3829,2,11.4114,0.95,step,0
3829,3,10.179,1.1,step,1
3829,4,9.01086,1.25,step,2

frame,idx,score,alpha,step_norm,z_coarse
3830,0,7.14203,0.65,step,-2
3830,1,10.1409,0.8,step,-1
3830,2,11.4122,0.95,step,0
3830,3,10.1822,1.1,step,1
3830,4,9.01657,1.25,step,2

frame,idx,score,alpha,step_norm,z_coarse
3831,0,7.14072,0.65,step,-2
3831,1,10.1382,0.8,step,-1
3831,2,11.4122,0.95,step,0
3831,3,10.1819,1.1,step,1
3831,4,9.0144,1.25,step,2

frame,idx,score,alpha,step_norm,z_coarse
3832,0,7.13629,0.65,step,-2
3832,1,10.1374,0.8,step,-1
3832,2,11.4112,0.95,step,0
3832,3,10.1817,1.1,step,1
3832,4,9.01562,1.25,step,2

frame,idx,score,alpha,step_norm,z_coarse
3833,0,7.14269,0.65,step,-2
3833,1,10.14,0.8,step,-1
3833,2,11.4096,0.95,step,0
3833,3,10.1831,1.1,step,1
3833,4,9.01969,1.25,step,2

frame,idx,score,alpha,step_norm,z_coarse
3834,0,7.14192,0.65,step,-2
3834,1,10.1421,0.8,step,-1
3834,2,11.4124,0.95,step,0
3834,3,10.182,1.1,step,1
3834,4,9.0159,1.25,step,2

frame,idx,score,alpha,step_norm,z_coarse
3835,0,7.13821,0.65,step,-2
3835,1,10.1365,0.8,step,-1
3835,2,11.4136,0.95,step,0
3835,3,10.1837,1.1,step,1
3835,4,9.01642,1.25,step,2

frame,idx,score,alpha,step_norm,z_coarse
3836,0,7.14074,0.65,step,-2
3836,1,10.1379,0.8,step,-1
3836,2,11.4126,0.95,step,0
3836,3,10.1854,1.1,step,1
3836,4,9.02002,1.25,step,2

frame,idx,score,alpha,step_norm,z_coarse
3837,0,7.13863,0.65,step,-2
3837,1,10.1368,0.8,step,-1
3837,2,11.4094,0.95,step,0
3837,3,10.1825,1.1,step,1
3837,4,9.01856,1.25,step,2

frame,idx,score,alpha,step_norm,z_coarse
3838,0,7.13909,0.65,step,-2
3838,1,10.135,0.8,step,-1
3838,2,11.4124,0.95,step,0
3838,3,10.1871,1.1,step,1
3838,4,9.02212,1.25,step,2

frame,idx,score,alpha,step_norm,z_coarse
3839,0,7.1404,0.65,step,-2
3839,1,10.1349,0.8,step,-1
3839,2,11.4126,0.95,step,0
3839,3,10.1857,1.1,step,1
3839,4,9.01941,1.25,step,2

frame,idx,score,alpha,step_norm,z_coarse
3840,0,7.13483,0.65,step,-2
3840,1,10.1324,0.8,step,-1
3840,2,11.4097,0.95,step,0
3840,3,10.1833,1.1,step,1
3840,4,9.01842,1.25,step,2

frame,idx,score,alpha,step_norm,z_coarse
3841,0,7.14078,0.65,step,-2
3841,1,10.1432,0.8,step,-1
3841,2,11.4157,0.95,step,0
3841,3,10.1848,1.1,step,1
3841,4,9.02007,1.25,step,2

frame,idx,score,alpha,step_norm,z_coarse
3842,0,7.14267,0.65,step,-2
3842,1,10.1427,0.8,step,-1
3842,2,11.4117,0.95,step,0
3842,3,10.182,1.1,step,1
3842,4,9.01555,1.25,step,2

frame,idx,score,alpha,step_norm,z_coarse
3843,0,7.13764,0.65,step,-2
3843,1,10.1354,0.8,step,-1
3843,2,11.4084,0.95,step,0
3843,3,10.1761,1.1,step,1
3843,4,9.00884,1.25,step,2

frame,idx,score,alpha,step_norm,z_coarse
3844,0,7.13773,0.65,step,-2
3844,1,10.1365,0.8,step,-1
3844,2,11.4103,0.95,step,0
3844,3,10.1829,1.1,step,1
3844,4,9.0179,1.25,step,2

frame,idx,score,alpha,step_norm,z_coarse
3845,0,7.1404,0.65,step,-2
3845,1,10.1378,0.8,step,-1
3845,2,11.4057,0.95,step,0
3845,3,10.1778,1.1,step,1
3845,4,9.01455,1.25,step,2

frame,idx,score,alpha,step_norm,z_coarse
3846,0,7.13639,0.65,step,-2
3846,1,10.1337,0.8,step,-1
3846,2,11.4081,0.95,step,0
3846,3,10.1796,1.1,step,1
3846,4,9.01458,1.25,step,2

frame,idx,score,alpha,step_norm,z_coarse
3847,0,7.13793,0.65,step,-2
3847,1,10.1385,0.8,step,-1
3847,2,11.4119,0.95,step,0
3847,3,10.186,1.1,step,1
3847,4,9.0217,1.25,step,2

frame,idx,score,alpha,step_norm,z_coarse
3848,0,7.13886,0.65,step,-2
3848,1,10.1351,0.8,step,-1
3848,2,11.4103,0.95,step,0
3848,3,10.1825,1.1,step,1
3848,4,9.0177,1.25,step,2

frame,idx,score,alpha,step_norm,z_coarse
3849,0,7.13909,0.65,step,-2
3849,1,10.1328,0.8,step,-1
3849,2,11.4078,0.95,step,0
3849,3,10.1813,1.1,step,1
3849,4,9.01601,1.25,step,2

frame,idx,score,alpha,step_norm,z_coarse
3850,0,7.14127,0.65,step,-2
3850,1,10.1377,0.8,step,-1
3850,2,11.4122,0.95,step,0
3850,3,10.1864,1.1,step,1
3850,4,9.02087,1.25,step,2

frame,idx,score,alpha,step_norm,z_coarse
3851,0,7.13563,0.65,step,-2
3851,1,10.1341,0.8,step,-1
3851,2,11.4059,0.95,step,0
3851,3,10.1765,1.1,step,1
3851,4,9.01074,1.25,step,2

frame,idx,score,alpha,step_norm,z_coarse
3852,0,7.13659,0.65,step,-2
3852,1,10.1388,0.8,step,-1
3852,2,11.4152,0.95,step,0
3852,3,10.1861,1.1,step,1
3852,4,9.01974,1.25,step,2

frame,idx,score,alpha,step_norm,z_coarse
3853,0,7.1399,0.65,step,-2
3853,1,10.1365,0.8,step,-1
3853,2,11.4116,0.95,step,0
3853,3,10.1838,1.1,step,1
3853,4,9.01709,1.25,step,2

frame,idx,score,alpha,step_norm,z_coarse
3854,0,7.1331,0.65,step,-2
3854,1,10.1303,0.8,step,-1
3854,2,11.4047,0.95,step,0
3854,3,10.1792,1.1,step,1
3854,4,9.01495,1.25,step,2

frame,idx,score,alpha,step_norm,z_coarse
3855,0,7.13508,0.65,step,-2
3855,1,10.1336,0.8,step,-1
3855,2,11.4082,0.95,step,0
3855,3,10.1799,1.1,step,1
3855,4,9.0156,1.25,step,2

frame,idx,score,alpha,step_norm,z_coarse
3856,0,7.13125,0.65,step,-2
3856,1,10.1304,0.8,step,-1
3856,2,11.4072,0.95,step,0
3856,3,10.1804,1.1,step,1
3856,4,9.01583,1.25,step,2

frame,idx,score,alpha,step_norm,z_coarse
3857,0,7.13435,0.65,step,-2
3857,1,10.1323,0.8,step,-1
3857,2,11.4097,0.95,step,0
3857,3,10.183,1.1,step,1
3857,4,9.01883,1.25,step,2

frame,idx,score,alpha,step_norm,z_coarse
3858,0,7.14202,0.65,step,-2
3858,1,10.1443,0.8,step,-1
3858,2,11.4193,0.95,step,0
3858,3,10.1859,1.1,step,1
3858,4,9.01694,1.25,step,2

frame,idx,score,alpha,step_norm,z_coarse
3859,0,7.13864,0.65,step,-2
3859,1,10.141,0.8,step,-1
3859,2,11.4118,0.95,step,0
3859,3,10.1826,1.1,step,1
3859,4,9.01717,1.25,step,2

frame,idx,score,alpha,step_norm,z_coarse
3860,0,7.13744,0.65,step,-2
3860,1,10.1355,0.8,step,-1
3860,2,11.4091,0.95,step,0
3860,3,10.1809,1.1,step,1
3860,4,9.01466,1.25,step,2

frame,idx,score,alpha,step_norm,z_coarse
3861,0,7.14121,0.65,step,-2
3861,1,10.1412,0.8,step,-1
3861,2,11.4091,0.95,step,0
3861,3,10.1795,1.1,step,1
3861,4,9.01402,1.25,step,2

frame,idx,score,alpha,step_norm,z_coarse
3862,0,7.13807,0.65,step,-2
3862,1,10.1376,0.8,step,-1
3862,2,11.4056,0.95,step,0
3862,3,10.1757,1.1,step,1
3862,4,9.01162,1.25,step,2

frame,idx,score,alpha,step_norm,z_coarse
3863,0,7.13574,0.65,step,-2
3863,1,10.1342,0.8,step,-1
3863,2,11.4065,0.95,step,0
3863,3,10.1788,1.1,step,1
3863,4,9.01536,1.25,step,2

frame,idx,score,alpha,step_norm,z_coarse
3864,0,7.13854,0.65,step,-2
3864,1,10.1348,0.8,step,-1
3864,2,11.411,0.95,step,0
3864,3,10.1854,1.1,step,1
3864,4,9.02065,1.25,step,2

frame,idx,score,alpha,step_norm,z_coarse
3865,0,7.13768,0.65,step,-2
3865,1,10.1361,0.8,step,-1
3865,2,11.4109,0.95,step,0
3865,3,10.1839,1.1,step,1
3865,4,9.01957,1.25,step,2

frame,idx,score,alpha,step_norm,z_coarse
3866,0,7.13623,0.65,step,-2
3866,1,10.1297,0.8,step,-1
3866,2,11.4054,0.95,step,0
3866,3,10.1794,1.1,step,1
3866,4,9.01619,1.25,step,2

frame,idx,score,alpha,step_norm,z_coarse
3867,0,7.14086,0.65,step,-2
3867,1,10.1398,0.8,step,-1
3867,2,11.412,0.95,step,0
3867,3,10.1821,1.1,step,1
3867,4,9.01639,1.25,step,2

frame,idx,score,alpha,step_norm,z_coarse
3868,0,7.13863,0.65,step,-2
3868,1,10.1397,0.8,step,-1
3868,2,11.416,0.95,step,0
3868,3,10.186,1.1,step,1
3868,4,9.01954,1.25,step,2

frame,idx,score,alpha,step_norm,z_coarse
3869,0,7.14135,0.65,step,-2
3869,1,10.143,0.8,step,-1
3869,2,11.4187,0.95,step,0
3869,3,10.1887,1.1,step,1
3869,4,9.02143,1.25,step,2

frame,idx,score,alpha,step_norm,z_coarse
3870,0,7.13743,0.65,step,-2
3870,1,10.1378,0.8,step,-1
3870,2,11.4104,0.95,step,0
3870,3,10.1824,1.1,step,1
3870,4,9.01867,1.25,step,2

frame,idx,score,alpha,step_norm,z_coarse
3871,0,7.14154,0.65,step,-2
3871,1,10.1438,0.8,step,-1
3871,2,11.4146,0.95,step,0
3871,3,10.1847,1.1,step,1
3871,4,9.01739,1.25,step,2

frame,idx,score,alpha,step_norm,z_coarse
3872,0,7.1414,0.65,step,-2
3872,1,10.1404,0.8,step,-1
3872,2,11.4105,0.95,step,0
3872,3,10.1821,1.1,step,1
3872,4,9.0175,1.25,step,2

frame,idx,score,alpha,step_norm,z_coarse
3873,0,7.13715,0.65,step,-2
3873,1,10.1367,0.8,step,-1
3873,2,11.4089,0.95,step,0
3873,3,10.1801,1.1,step,1
3873,4,9.01379,1.25,step,2

frame,idx,score,alpha,step_norm,z_coarse
3874,0,7.1357,0.65,step,-2
3874,1,10.1328,0.8,step,-1
3874,2,11.4062,0.95,step,0
3874,3,10.1783,1.1,step,1
3874,4,9.0146,1.25,step,2

frame,idx,score,alpha,step_norm,z_coarse
3875,0,7.1408,0.65,step,-2
3875,1,10.1377,0.8,step,-1
3875,2,11.4135,0.95,step,0
3875,3,10.1875,1.1,step,1
3875,4,9.02306,1.25,step,2

frame,idx,score,alpha,step_norm,z_coarse
3876,0,7.13804,0.65,step,-2
3876,1,10.135,0.8,step,-1
3876,2,11.4063,0.95,step,0
3876,3,10.1804,1.1,step,1
3876,4,9.01703,1.25,step,2

frame,idx,score,alpha,step_norm,z_coarse
3877,0,7.14149,0.65,step,-2
3877,1,10.1404,0.8,step,-1
3877,2,11.4137,0.95,step,0
3877,3,10.1841,1.1,step,1
3877,4,9.01828,1.25,step,2

frame,idx,score,alpha,step_norm,z_coarse
3878,0,7.1334,0.65,step,-2
3878,1,10.1287,0.8,step,-1
3878,2,11.408,0.95,step,0
3878,3,10.1848,1.1,step,1
3878,4,9.02056,1.25,step,2

frame,idx,score,alpha,step_norm,z_coarse
3879,0,7.13328,0.65,step,-2
3879,1,10.1309,0.8,step,-1
3879,2,11.4078,0.95,step,0
3879,3,10.1826,1.1,step,1
3879,4,9.01931,1.25,step,2

frame,idx,score,alpha,step_norm,z_coarse
3880,0,7.13934,0.65,step,-2
3880,1,10.1401,0.8,step,-1
3880,2,11.415,0.95,step,0
3880,3,10.1867,1.1,step,1
3880,4,9.02067,1.25,step,2

frame,idx,score,alpha,step_norm,z_coarse
3881,0,7.13473,0.65,step,-2
3881,1,10.1327,0.8,step,-1
3881,2,11.4065,0.95,step,0
3881,3,10.179,1.1,step,1
3881,4,9.01613,1.25,step,2

frame,idx,score,alpha,step_norm,z_coarse
3882,0,7.13694,0.65,step,-2
3882,1,10.1351,0.8,step,-1
3882,2,11.4107,0.95,step,0
3882,3,10.1848,1.1,step,1
3882,4,9.01938,1.25,step,2

frame,idx,score,alpha,step_norm,z_coarse
3883,0,7.13972,0.65,step,-2
3883,1,10.1367,0.8,step,-1
3883,2,11.4143,0.95,step,0
3883,3,10.1867,1.1,step,1
3883,4,9.01939,1.25,step,2

frame,idx,score,alpha,step_norm,z_coarse
3884,0,7.13996,0.65,step,-2
3884,1,10.1404,0.8,step,-1
3884,2,11.409,0.95,step,0
3884,3,10.1777,1.1,step,1
3884,4,9.01291,1.25,step,2

frame,idx,score,alpha,step_norm,z_coarse
3885,0,7.13755,0.65,step,-2
3885,1,10.1354,0.8,step,-1
3885,2,11.4151,0.95,step,0
3885,3,10.1879,1.1,step,1
3885,4,9.02051,1.25,step,2

frame,idx,score,alpha,step_norm,z_coarse
3886,0,7.13921,0.65,step,-2
3886,1,10.1364,0.8,step,-1
3886,2,11.4127,0.95,step,0
3886,3,10.1822,1.1,step,1
3886,4,9.01513,1.25,step,2

frame,idx,score,alpha,step_norm,z_coarse
3887,0,7.13917,0.65,step,-2
3887,1,10.1394,0.8,step,-1
3887,2,11.4126,0.95,step,0
3887,3,10.1823,1.1,step,1
3887,4,9.01511,1.25,step,2

frame,idx,score,alpha,step_norm,z_coarse
3888,0,7.13549,0.65,step,-2
3888,1,10.1286,0.8,step,-1
3888,2,11.4075,0.95,step,0
3888,3,10.182,1.1,step,1
3888,4,9.01642,1.25,step,2

frame,idx,score,alpha,step_norm,z_coarse
3889,0,7.14183,0.65,step,-2
3889,1,10.1427,0.8,step,-1
3889,2,11.4174,0.95,step,0
3889,3,10.19,1.1,step,1
3889,4,9.02426,1.25,step,2

frame,idx,score,alpha,step_norm,z_coarse
3890,0,7.13917,0.65,step,-2
3890,1,10.1362,0.8,step,-1
3890,2,11.4111,0.95,step,0
3890,3,10.1862,1.1,step,1
3890,4,9.02189,1.25,step,2

frame,idx,score,alpha,step_norm,z_coarse
3891,0,7.13918,0.65,step,-2
3891,1,10.1332,0.8,step,-1
3891,2,11.4088,0.95,step,0
3891,3,10.1823,1.1,step,1
3891,4,9.01847,1.25,step,2

frame,idx,score,alpha,step_norm,z_coarse
3892,0,7.13598,0.65,step,-2
3892,1,10.1323,0.8,step,-1
3892,2,11.4179,0.95,step,0
3892,3,10.1913,1.1,step,1
3892,4,9.02327,1.25,step,2

frame,idx,score,alpha,step_norm,z_coarse
3893,0,7.13778,0.65,step,-2
3893,1,10.1342,0.8,step,-1
3893,2,11.4118,0.95,step,0
3893,3,10.1855,1.1,step,1
3893,4,9.0196,1.25,step,2

frame,idx,score,alpha,step_norm,z_coarse
3894,0,7.13492,0.65,step,-2
3894,1,10.1338,0.8,step,-1
3894,2,11.4121,0.95,step,0
3894,3,10.187,1.1,step,1
3894,4,9.02333,1.25,step,2

frame,idx,score,alpha,step_norm,z_coarse
3895,0,7.13445,0.65,step,-2
3895,1,10.1308,0.8,step,-1
3895,2,11.4074,0.95,step,0
3895,3,10.1816,1.1,step,1
3895,4,9.01802,1.25,step,2

frame,idx,score,alpha,step_norm,z_coarse
3896,0,7.14103,0.65,step,-2
3896,1,10.1399,0.8,step,-1
3896,2,11.4165,0.95,step,0
3896,3,10.1883,1.1,step,1
3896,4,9.02439,1.25,step,2

frame,idx,score,alpha,step_norm,z_coarse
3897,0,7.13531,0.65,step,-2
3897,1,10.1316,0.8,step,-1
3897,2,11.4088,0.95,step,0
3897,3,10.183,1.1,step,1
3897,4,9.01749,1.25,step,2

frame,idx,score,alpha,step_norm,z_coarse
3898,0,7.13605,0.65,step,-2
3898,1,10.136,0.8,step,-1
3898,2,11.4136,0.95,step,0
3898,3,10.1833,1.1,step,1
3898,4,9.01528,1.25,step,2

frame,idx,score,alpha,step_norm,z_coarse
3899,0,7.13661,0.65,step,-2
3899,1,10.1295,0.8,step,-1
3899,2,11.4073,0.95,step,0
3899,3,10.1845,1.1,step,1
3899,4,9.02125,1.25,step,2

frame,idx,score,alpha,step_norm,z_coarse
3900,0,7.13153,0.65,step,-2
3900,1,10.1297,0.8,step,-1
3900,2,11.4075,0.95,step,0
3900,3,10.1816,1.1,step,1
3900,4,9.01749,1.25,step,2

frame,idx,score,alpha,step_norm,z_coarse
3901,0,7.13978,0.65,step,-2
3901,1,10.1416,0.8,step,-1
3901,2,11.417,0.95,step,0
3901,3,10.1865,1.1,step,1
3901,4,9.01937,1.25,step,2

frame,idx,score,alpha,step_norm,z_coarse
3902,0,7.13108,0.65,step,-2
3902,1,10.1259,0.8,step,-1
3902,2,11.4092,0.95,step,0
3902,3,10.1846,1.1,step,1
3902,4,9.01797,1.25,step,2

frame,idx,score,alpha,step_norm,z_coarse
3903,0,7.13778,0.65,step,-2
3903,1,10.1341,0.8,step,-1
3903,2,11.4089,0.95,step,0
3903,3,10.1815,1.1,step,1
3903,4,9.01679,1.25,step,2

frame,idx,score,alpha,step_norm,z_coarse
3904,0,7.13214,0.65,step,-2
3904,1,10.1295,0.8,step,-1
3904,2,11.4113,0.95,step,0
3904,3,10.1864,1.1,step,1
3904,4,9.02178,1.25,step,2

frame,idx,score,alpha,step_norm,z_coarse
3905,0,7.13473,0.65,step,-2
3905,1,10.13,0.8,step,-1
3905,2,11.4096,0.95,step,0
3905,3,10.1836,1.1,step,1
3905,4,9.0186,1.25,step,2

frame,idx,score,alpha,step_norm,z_coarse
3906,0,7.1316,0.65,step,-2
3906,1,10.129,0.8,step,-1
3906,2,11.4042,0.95,step,0
3906,3,10.1771,1.1,step,1
3906,4,9.01099,1.25,step,2

frame,idx,score,alpha,step_norm,z_coarse
3907,0,7.13614,0.65,step,-2
3907,1,10.1353,0.8,step,-1
3907,2,11.4116,0.95,step,0
3907,3,10.1825,1.1,step,1
3907,4,9.0159,1.25,step,2

frame,idx,score,alpha,step_norm,z_coarse
3908,0,7.13332,0.65,step,-2
3908,1,10.1262,0.8,step,-1
3908,2,11.4079,0.95,step,0
3908,3,10.184,1.1,step,1
3908,4,9.01812,1.25,step,2

frame,idx,score,alpha,step_norm,z_coarse
3909,0,7.13052,0.65,step,-2
3909,1,10.128,0.8,step,-1
3909,2,11.4064,0.95,step,0
3909,3,10.1795,1.1,step,1
3909,4,9.01456,1.25,step,2

frame,idx,score,alpha,step_norm,z_coarse
3910,0,7.13727,0.65,step,-2
3910,1,10.1329,0.8,step,-1
3910,2,11.4076,0.95,step,0
3910,3,10.1791,1.1,step,1
3910,4,9.01351,1.25,step,2

frame,idx,score,alpha,step_norm,z_coarse
3911,0,7.14028,0.65,step,-2
3911,1,10.1401,0.8,step,-1
3911,2,11.4118,0.95,step,0
3911,3,10.1815,1.1,step,1
3911,4,9.01531,1.25,step,2

frame,idx,score,alpha,step_norm,z_coarse
3912,0,7.13085,0.65,step,-2
3912,1,10.1277,0.8,step,-1
3912,2,11.406,0.95,step,0
3912,3,10.1809,1.1,step,1
3912,4,9.01613,1.25,step,2

frame,idx,score,alpha,step_norm,z_coarse
3913,0,7.13174,0.65,step,-2
3913,1,10.1317,0.8,step,-1
3913,2,11.4102,0.95,step,0
3913,3,10.1819,1.1,step,1
3913,4,9.01498,1.25,step,2

frame,idx,score,alpha,step_norm,z_coarse
3914,0,7.1344,0.65,step,-2
3914,1,10.1306,0.8,step,-1
3914,2,11.4103,0.95,step,0
3914,3,10.1857,1.1,step,1
3914,4,9.02096,1.25,step,2

frame,idx,score,alpha,step_norm,z_coarse
3915,0,7.14059,0.65,step,-2
3915,1,10.1396,0.8,step,-1
3915,2,11.4118,0.95,step,0
3915,3,10.1831,1.1,step,1
3915,4,9.01851,1.25,step,2

frame,idx,score,alpha,step_norm,z_coarse
3916,0,7.13415,0.65,step,-2
3916,1,10.132,0.8,step,-1
3916,2,11.407,0.95,step,0
3916,3,10.1797,1.1,step,1
3916,4,9.01508,1.25,step,2

frame,idx,score,alpha,step_norm,z_coarse
3917,0,7.13711,0.65,step,-2
3917,1,10.1353,0.8,step,-1
3917,2,11.4145,0.95,step,0
3917,3,10.1863,1.1,step,1
3917,4,9.01877,1.25,step,2

frame,idx,score,alpha,step_norm,z_coarse
3918,0,7.13624,0.65,step,-2
3918,1,10.1333,0.8,step,-1
3918,2,11.408,0.95,step,0
3918,3,10.1802,1.1,step,1
3918,4,9.01443,1.25,step,2

frame,idx,score,alpha,step_norm,z_coarse
3919,0,7.13828,0.65,step,-2
3919,1,10.1345,0.8,step,-1
3919,2,11.4095,0.95,step,0
3919,3,10.1821,1.1,step,1
3919,4,9.01544,1.25,step,2

frame,idx,score,alpha,step_norm,z_coarse
3920,0,7.13818,0.65,step,-2
3920,1,10.139,0.8,step,-1
3920,2,11.4126,0.95,step,0
3920,3,10.1825,1.1,step,1
3920,4,9.01602,1.25,step,2

frame,idx,score,alpha,step_norm,z_coarse
3921,0,7.13878,0.65,step,-2
3921,1,10.138,0.8,step,-1
3921,2,11.4098,0.95,step,0
3921,3,10.1805,1.1,step,1
3921,4,9.01487,1.25,step,2

frame,idx,score,alpha,step_norm,z_coarse
3922,0,7.13711,0.65,step,-2
3922,1,10.1393,0.8,step,-1
3922,2,11.4081,0.95,step,0
3922,3,10.1785,1.1,step,1
3922,4,9.01407,1.25,step,2

frame,idx,score,alpha,step_norm,z_coarse
3923,0,7.14196,0.65,step,-2
3923,1,10.1439,0.8,step,-1
3923,2,11.4103,0.95,step,0
3923,3,10.1796,1.1,step,1
3923,4,9.01453,1.25,step,2

frame,idx,score,alpha,step_norm,z_coarse
3924,0,7.14359,0.65,step,-2
3924,1,10.145,0.8,step,-1
3924,2,11.4149,0.95,step,0
3924,3,10.1825,1.1,step,1
3924,4,9.01663,1.25,step,2

frame,idx,score,alpha,step_norm,z_coarse
3925,0,7.14403,0.65,step,-2
3925,1,10.1469,0.8,step,-1
3925,2,11.4152,0.95,step,0
3925,3,10.184,1.1,step,1
3925,4,9.01778,1.25,step,2

frame,idx,score,alpha,step_norm,z_coarse
3926,0,7.14259,0.65,step,-2
3926,1,10.1459,0.8,step,-1
3926,2,11.4103,0.95,step,0
3926,3,10.1763,1.1,step,1
3926,4,9.00967,1.25,step,2

frame,idx,score,alpha,step_norm,z_coarse
3927,0,7.14966,0.65,step,-2
3927,1,10.1523,0.8,step,-1
3927,2,11.411,0.95,step,0
3927,3,10.1767,1.1,step,1
3927,4,9.01153,1.25,step,2

frame,idx,score,alpha,step_norm,z_coarse
3928,0,7.1467,0.65,step,-2
3928,1,10.1495,0.8,step,-1
3928,2,11.4107,0.95,step,0
3928,3,10.1792,1.1,step,1
3928,4,9.01528,1.25,step,2

frame,idx,score,alpha,step_norm,z_coarse
3929,0,7.14806,0.65,step,-2
3929,1,10.152,0.8,step,-1
3929,2,11.416,0.95,step,0
3929,3,10.1794,1.1,step,1
3929,4,9.01146,1.25,step,2

frame,idx,score,alpha,step_norm,z_coarse
3930,0,7.151,0.65,step,-2
3930,1,10.1577,0.8,step,-1
3930,2,11.4172,0.95,step,0
3930,3,10.179,1.1,step,1
3930,4,9.01109,1.25,step,2

frame,idx,score,alpha,step_norm,z_coarse
3931,0,7.15409,0.65,step,-2
3931,1,10.1598,0.8,step,-1
3931,2,11.4201,0.95,step,0
3931,3,10.1815,1.1,step,1
3931,4,9.01281,1.25,step,2

frame,idx,score,alpha,step_norm,z_coarse
3932,0,7.15615,0.65,step,-2
3932,1,10.1619,0.8,step,-1
3932,2,11.4179,0.95,step,0
3932,3,10.1772,1.1,step,1
3932,4,9.00828,1.25,step,2

frame,idx,score,alpha,step_norm,z_coarse
3933,0,7.15918,0.65,step,-2
3933,1,10.1638,0.8,step,-1
3933,2,11.4194,0.95,step,0
3933,3,10.1814,1.1,step,1
3933,4,9.01422,1.25,step,2

frame,idx,score,alpha,step_norm,z_coarse
3934,0,7.15428,0.65,step,-2
3934,1,10.1638,0.8,step,-1
3934,2,11.4229,0.95,step,0
3934,3,10.181,1.1,step,1
3934,4,9.0098,1.25,step,2

frame,idx,score,alpha,step_norm,z_coarse
3935,0,7.14943,0.65,step,-2
3935,1,10.1552,0.8,step,-1
3935,2,11.4155,0.95,step,0
3935,3,10.1774,1.1,step,1
3935,4,9.00888,1.25,step,2

frame,idx,score,alpha,step_norm,z_coarse
3936,0,7.15324,0.65,step,-2
3936,1,10.159,0.8,step,-1
3936,2,11.411,0.95,step,0
3936,3,10.1716,1.1,step,1
3936,4,9.00565,1.25,step,2

frame,idx,score,alpha,step_norm,z_coarse
3937,0,7.15627,0.65,step,-2
3937,1,10.1676,0.8,step,-1
3937,2,11.4189,0.95,step,0
3937,3,10.1774,1.1,step,1
3937,4,9.00998,1.25,step,2

frame,idx,score,alpha,step_norm,z_coarse
3938,0,7.16303,0.65,step,-2
3938,1,10.1732,0.8,step,-1
3938,2,11.4169,0.95,step,0
3938,3,10.1746,1.1,step,1
3938,4,9.0067,1.25,step,2

frame,idx,score,alpha,step_norm,z_coarse
3939,0,7.16561,0.65,step,-2
3939,1,10.1777,0.8,step,-1
3939,2,11.4221,0.95,step,0
3939,3,10.1785,1.1,step,1
3939,4,9.01149,1.25,step,2

frame,idx,score,alpha,step_norm,z_coarse
3940,0,7.16382,0.65,step,-2
3940,1,10.1733,0.8,step,-1
3940,2,11.4188,0.95,step,0
3940,3,10.1747,1.1,step,1
3940,4,9.00556,1.25,step,2

frame,idx,score,alpha,step_norm,z_coarse
3941,0,7.17397,0.65,step,-2
3941,1,10.1908,0.8,step,-1
3941,2,11.4262,0.95,step,0
3941,3,10.1748,1.1,step,1
3941,4,9.00418,1.25,step,2

frame,idx,score,alpha,step_norm,z_coarse
3942,0,7.17373,0.65,step,-2
3942,1,10.1908,0.8,step,-1
3942,2,11.4232,0.95,step,0
3942,3,10.1727,1.1,step,1
3942,4,9.00437,1.25,step,2

frame,idx,score,alpha,step_norm,z_coarse
3943,0,7.17603,0.65,step,-2
3943,1,10.1892,0.8,step,-1
3943,2,11.4286,0.95,step,0
3943,3,10.1808,1.1,step,1
3943,4,9.01096,1.25,step,2

frame,idx,score,alpha,step_norm,z_coarse
3944,0,7.17138,0.65,step,-2
3944,1,10.188,0.8,step,-1
3944,2,11.4228,0.95,step,0
3944,3,10.1741,1.1,step,1
3944,4,9.00482,1.25,step,2

frame,idx,score,alpha,step_norm,z_coarse
3945,0,7.17917,0.65,step,-2
3945,1,10.1941,0.8,step,-1
3945,2,11.4232,0.95,step,0
3945,3,10.1717,1.1,step,1
3945,4,9.00343,1.25,step,2

frame,idx,score,alpha,step_norm,z_coarse
3946,0,7.18126,0.65,step,-2
3946,1,10.2027,0.8,step,-1
3946,2,11.4281,0.95,step,0
3946,3,10.1732,1.1,step,1
3946,4,9.00279,1.25,step,2

frame,idx,score,alpha,step_norm,z_coarse
3947,0,7.18293,0.65,step,-2
3947,1,10.2023,0.8,step,-1
3947,2,11.4276,0.95,step,0
3947,3,10.1714,1.1,step,1
3947,4,9.00062,1.25,step,2

frame,idx,score,alpha,step_norm,z_coarse
3948,0,7.18264,0.65,step,-2
3948,1,10.2018,0.8,step,-1
3948,2,11.4233,0.95,step,0
3948,3,10.1705,1.1,step,1
3948,4,9.00308,1.25,step,2

frame,idx,score,alpha,step_norm,z_coarse
3949,0,7.18742,0.65,step,-2
3949,1,10.2074,0.8,step,-1
3949,2,11.427,0.95,step,0
3949,3,10.1707,1.1,step,1
3949,4,9.0017,1.25,step,2

frame,idx,score,alpha,step_norm,z_coarse
3950,0,7.18474,0.65,step,-2
3950,1,10.2105,0.8,step,-1
3950,2,11.425,0.95,step,0
3950,3,10.1666,1.1,step,1
3950,4,8.99688,1.25,step,2

frame,idx,score,alpha,step_norm,z_coarse
3951,0,7.19166,0.65,step,-2
3951,1,10.2149,0.8,step,-1
3951,2,11.4302,0.95,step,0
3951,3,10.1729,1.1,step,1
3951,4,9.0022,1.25,step,2

frame,idx,score,alpha,step_norm,z_coarse
3952,0,7.1921,0.65,step,-2
3952,1,10.2151,0.8,step,-1
3952,2,11.4354,0.95,step,0
3952,3,10.1771,1.1,step,1
3952,4,9.00621,1.25,step,2

frame,idx,score,alpha,step_norm,z_coarse
3953,0,7.18872,0.65,step,-2
3953,1,10.2101,0.8,step,-1
3953,2,11.4254,0.95,step,0
3953,3,10.1684,1.1,step,1
3953,4,8.99831,1.25,step,2

frame,idx,score,alpha,step_norm,z_coarse
3954,0,7.19884,0.65,step,-2
3954,1,10.2242,0.8,step,-1
3954,2,11.429,0.95,step,0
3954,3,10.17,1.1,step,1
3954,4,9.00186,1.25,step,2

frame,idx,score,alpha,step_norm,z_coarse
3955,0,7.20076,0.65,step,-2
3955,1,10.2295,0.8,step,-1
3955,2,11.431,0.95,step,0
3955,3,10.1648,1.1,step,1
3955,4,8.99375,1.25,step,2

frame,idx,score,alpha,step_norm,z_coarse
3956,0,7.19884,0.65,step,-2
3956,1,10.2208,0.8,step,-1
3956,2,11.429,0.95,step,0
3956,3,10.169,1.1,step,1
3956,4,8.99903,1.25,step,2

frame,idx,score,alpha,step_norm,z_coarse
3957,0,7.19669,0.65,step,-2
3957,1,10.2202,0.8,step,-1
3957,2,11.4303,0.95,step,0
3957,3,10.1681,1.1,step,1
3957,4,8.99591,1.25,step,2

frame,idx,score,alpha,step_norm,z_coarse
3958,0,7.20507,0.65,step,-2
3958,1,10.2324,0.8,step,-1
3958,2,11.4337,0.95,step,0
3958,3,10.1695,1.1,step,1
3958,4,8.99872,1.25,step,2

frame,idx,score,alpha,step_norm,z_coarse
3959,0,7.20325,0.65,step,-2
3959,1,10.2329,0.8,step,-1
3959,2,11.4364,0.95,step,0
3959,3,10.1693,1.1,step,1
3959,4,8.99482,1.25,step,2

frame,idx,score,alpha,step_norm,z_coarse
3960,0,7.20473,0.65,step,-2
3960,1,10.2331,0.8,step,-1
3960,2,11.434,0.95,step,0
3960,3,10.1691,1.1,step,1
3960,4,8.99821,1.25,step,2

frame,idx,score,alpha,step_norm,z_coarse
3961,0,7.19994,0.65,step,-2
3961,1,10.2285,0.8,step,-1
3961,2,11.4322,0.95,step,0
3961,3,10.1673,1.1,step,1
3961,4,8.99661,1.25,step,2

frame,idx,score,alpha,step_norm,z_coarse
3962,0,7.19805,0.65,step,-2
3962,1,10.2236,0.8,step,-1
3962,2,11.4257,0.95,step,0
3962,3,10.1635,1.1,step,1
3962,4,8.99659,1.25,step,2

frame,idx,score,alpha,step_norm,z_coarse
3963,0,7.20013,0.65,step,-2
3963,1,10.2291,0.8,step,-1
3963,2,11.4302,0.95,step,0
3963,3,10.1647,1.1,step,1
3963,4,8.99368,1.25,step,2

frame,idx,score,alpha,step_norm,z_coarse
3964,0,7.20974,0.65,step,-2
3964,1,10.2425,0.8,step,-1
3964,2,11.443,0.95,step,0
3964,3,10.1747,1.1,step,1
3964,4,9.00174,1.25,step,2

frame,idx,score,alpha,step_norm,z_coarse
3965,0,7.20721,0.65,step,-2
3965,1,10.2403,0.8,step,-1
3965,2,11.4356,0.95,step,0
3965,3,10.1689,1.1,step,1
3965,4,8.99689,1.25,step,2

frame,idx,score,alpha,step_norm,z_coarse
3966,0,7.20653,0.65,step,-2
3966,1,10.2342,0.8,step,-1
3966,2,11.4285,0.95,step,0
3966,3,10.1621,1.1,step,1
3966,4,8.99242,1.25,step,2

frame,idx,score,alpha,step_norm,z_coarse
3967,0,7.2091,0.65,step,-2
3967,1,10.2427,0.8,step,-1
3967,2,11.4349,0.95,step,0
3967,3,10.1686,1.1,step,1
3967,4,8.99904,1.25,step,2

frame,idx,score,alpha,step_norm,z_coarse
3968,0,7.21046,0.65,step,-2
3968,1,10.243,0.8,step,-1
3968,2,11.4348,0.95,step,0
3968,3,10.1684,1.1,step,1
3968,4,8.99835,1.25,step,2

frame,idx,score,alpha,step_norm,z_coarse
3969,0,7.2154,0.65,step,-2
3969,1,10.2507,0.8,step,-1
3969,2,11.4368,0.95,step,0
3969,3,10.1638,1.1,step,1
3969,4,8.99022,1.25,step,2

frame,idx,score,alpha,step_norm,z_coarse
3970,0,7.21831,0.65,step,-2
3970,1,10.257,0.8,step,-1
3970,2,11.4452,0.95,step,0
3970,3,10.1695,1.1,step,1
3970,4,8.99442,1.25,step,2

frame,idx,score,alpha,step_norm,z_coarse
3971,0,7.21961,0.65,step,-2
3971,1,10.2536,0.8,step,-1
3971,2,11.4413,0.95,step,0
3971,3,10.1696,1.1,step,1
3971,4,8.9951,1.25,step,2

frame,idx,score,alpha,step_norm,z_coarse
3972,0,7.21373,0.65,step,-2
3972,1,10.2472,0.8,step,-1
3972,2,11.439,0.95,step,0
3972,3,10.1672,1.1,step,1
3972,4,8.99514,1.25,step,2

frame,idx,score,alpha,step_norm,z_coarse
3973,0,7.22069,0.65,step,-2
3973,1,10.2619,0.8,step,-1
3973,2,11.4462,0.95,step,0
3973,3,10.169,1.1,step,1
3973,4,8.9943,1.25,step,2

frame,idx,score,alpha,step_norm,z_coarse
3974,0,7.22417,0.65,step,-2
3974,1,10.2612,0.8,step,-1
3974,2,11.4414,0.95,step,0
3974,3,10.1677,1.1,step,1
3974,4,8.99588,1.25,step,2

frame,idx,score,alpha,step_norm,z_coarse
3975,0,7.23014,0.65,step,-2
3975,1,10.2696,0.8,step,-1
3975,2,11.4466,0.95,step,0
3975,3,10.1698,1.1,step,1
3975,4,8.99609,1.25,step,2

frame,idx,score,alpha,step_norm,z_coarse
3976,0,7.22173,0.65,step,-2
3976,1,10.258,0.8,step,-1
3976,2,11.4367,0.95,step,0
3976,3,10.1632,1.1,step,1
3976,4,8.993,1.25,step,2

frame,idx,score,alpha,step_norm,z_coarse
3977,0,7.22699,0.65,step,-2
3977,1,10.2659,0.8,step,-1
3977,2,11.4465,0.95,step,0
3977,3,10.1717,1.1,step,1
3977,4,8.99928,1.25,step,2

frame,idx,score,alpha,step_norm,z_coarse
3978,0,7.22551,0.65,step,-2
3978,1,10.2629,0.8,step,-1
3978,2,11.4411,0.95,step,0
3978,3,10.1674,1.1,step,1
3978,4,8.99607,1.25,step,2

frame,idx,score,alpha,step_norm,z_coarse
3979,0,7.23031,0.65,step,-2
3979,1,10.2691,0.8,step,-1
3979,2,11.4383,0.95,step,0
3979,3,10.1613,1.1,step,1
3979,4,8.99076,1.25,step,2

frame,idx,score,alpha,step_norm,z_coarse
3980,0,7.2354,0.65,step,-2
3980,1,10.2756,0.8,step,-1
3980,2,11.4417,0.95,step,0
3980,3,10.1643,1.1,step,1
3980,4,8.99335,1.25,step,2

frame,idx,score,alpha,step_norm,z_coarse
3981,0,7.23454,0.65,step,-2
3981,1,10.278,0.8,step,-1
3981,2,11.4482,0.95,step,0
3981,3,10.1693,1.1,step,1
3981,4,8.99718,1.25,step,2

frame,idx,score,alpha,step_norm,z_coarse
3982,0,7.23046,0.65,step,-2
3982,1,10.2717,0.8,step,-1
3982,2,11.4403,0.95,step,0
3982,3,10.1611,1.1,step,1
3982,4,8.98857,1.25,step,2

frame,idx,score,alpha,step_norm,z_coarse
3983,0,7.23982,0.65,step,-2
3983,1,10.2841,0.8,step,-1
3983,2,11.4474,0.95,step,0
3983,3,10.1668,1.1,step,1
3983,4,8.99457,1.25,step,2

frame,idx,score,alpha,step_norm,z_coarse
3984,0,7.23879,0.65,step,-2
3984,1,10.2857,0.8,step,-1
3984,2,11.4509,0.95,step,0
3984,3,10.1671,1.1,step,1
3984,4,8.99224,1.25,step,2

frame,idx,score,alpha,step_norm,z_coarse
3985,0,7.23689,0.65,step,-2
3985,1,10.2805,0.8,step,-1
3985,2,11.4465,0.95,step,0
3985,3,10.168,1.1,step,1
3985,4,8.99676,1.25,step,2

frame,idx,score,alpha,step_norm,z_coarse
3986,0,7.23645,0.65,step,-2
3986,1,10.2787,0.8,step,-1
3986,2,11.4418,0.95,step,0
3986,3,10.1629,1.1,step,1
3986,4,8.99307,1.25,step,2

frame,idx,score,alpha,step_norm,z_coarse
3987,0,7.23482,0.65,step,-2
3987,1,10.2794,0.8,step,-1
3987,2,11.4479,0.95,step,0
3987,3,10.1682,1.1,step,1
3987,4,8.99606,1.25,step,2

frame,idx,score,alpha,step_norm,z_coarse
3988,0,7.23989,0.65,step,-2
3988,1,10.2816,0.8,step,-1
3988,2,11.4434,0.95,step,0
3988,3,10.1636,1.1,step,1
3988,4,8.99134,1.25,step,2

frame,idx,score,alpha,step_norm,z_coarse
3989,0,7.23424,0.65,step,-2
3989,1,10.2765,0.8,step,-1
3989,2,11.4401,0.95,step,0
3989,3,10.1589,1.1,step,1
3989,4,8.98788,1.25,step,2

frame,idx,score,alpha,step_norm,z_coarse
3990,0,7.24577,0.65,step,-2
3990,1,10.2892,0.8,step,-1
3990,2,11.4473,0.95,step,0
3990,3,10.1615,1.1,step,1
3990,4,8.98788,1.25,step,2

frame,idx,score,alpha,step_norm,z_coarse
3991,0,7.24763,0.65,step,-2
3991,1,10.2965,0.8,step,-1
3991,2,11.4521,0.95,step,0
3991,3,10.1637,1.1,step,1
3991,4,8.98743,1.25,step,2

frame,idx,score,alpha,step_norm,z_coarse
3992,0,7.25083,0.65,step,-2
3992,1,10.3029,0.8,step,-1
3992,2,11.46,0.95,step,0
3992,3,10.1727,1.1,step,1
3992,4,8.99705,1.25,step,2

frame,idx,score,alpha,step_norm,z_coarse
3993,0,7.24994,0.65,step,-2
3993,1,10.2992,0.8,step,-1
3993,2,11.4529,0.95,step,0
3993,3,10.1655,1.1,step,1
3993,4,8.99214,1.25,step,2

frame,idx,score,alpha,step_norm,z_coarse
3994,0,7.24834,0.65,step,-2
3994,1,10.2955,0.8,step,-1
3994,2,11.4487,0.95,step,0
3994,3,10.1635,1.1,step,1
3994,4,8.99075,1.25,step,2

frame,idx,score,alpha,step_norm,z_coarse
3995,0,7.24754,0.65,step,-2
3995,1,10.2937,0.8,step,-1
3995,2,11.4475,0.95,step,0
3995,3,10.1626,1.1,step,1
3995,4,8.98944,1.25,step,2

frame,idx,score,alpha,step_norm,z_coarse
3996,0,7.25152,0.65,step,-2
3996,1,10.2999,0.8,step,-1
3996,2,11.4508,0.95,step,0
3996,3,10.1646,1.1,step,1
3996,4,8.99215,1.25,step,2

frame,idx,score,alpha,step_norm,z_coarse
3997,0,7.25178,0.65,step,-2
3997,1,10.2966,0.8,step,-1
3997,2,11.4464,0.95,step,0
3997,3,10.1606,1.1,step,1
3997,4,8.98922,1.25,step,2

frame,idx,score,alpha,step_norm,z_coarse
3998,0,7.24856,0.65,step,-2
3998,1,10.2977,0.8,step,-1
3998,2,11.4476,0.95,step,0
3998,3,10.1631,1.1,step,1
3998,4,8.99404,1.25,step,2

frame,idx,score,alpha,step_norm,z_coarse
3999,0,7.25044,0.65,step,-2
3999,1,10.3006,0.8,step,-1
3999,2,11.4457,0.95,step,0
3999,3,10.1601,1.1,step,1
3999,4,8.98966,1.25,step,2

frame,idx,score,alpha,step_norm,z_coarse
4000,0,7.25026,0.65,step,-2
4000,1,10.2992,0.8,step,-1
4000,2,11.4483,0.95,step,0
4000,3,10.161,1.1,step,1
4000,4,8.98816,1.25,step,2

frame,idx,score,alpha,step_norm,z_coarse
4001,0,7.25319,0.65,step,-2
4001,1,10.3017,0.8,step,-1
4001,2,11.4485,0.95,step,0
4001,3,10.1612,1.1,step,1
4001,4,8.98799,1.25,step,2

frame,idx,score,alpha,step_norm,z_coarse
4002,0,7.25391,0.65,step,-2
4002,1,10.3076,0.8,step,-1
4002,2,11.4526,0.95,step,0
4002,3,10.1638,1.1,step,1
4002,4,8.99046,1.25,step,2

frame,idx,score,alpha,step_norm,z_coarse
4003,0,7.262,0.65,step,-2
4003,1,10.3129,0.8,step,-1
4003,2,11.4506,0.95,step,0
4003,3,10.1594,1.1,step,1
4003,4,8.98755,1.25,step,2

frame,idx,score,alpha,step_norm,z_coarse
4004,0,7.25545,0.65,step,-2
4004,1,10.3044,0.8,step,-1
4004,2,11.4479,0.95,step,0
4004,3,10.1595,1.1,step,1
4004,4,8.98698,1.25,step,2

frame,idx,score,alpha,step_norm,z_coarse
4005,0,7.25796,0.65,step,-2
4005,1,10.3085,0.8,step,-1
4005,2,11.4475,0.95,step,0
4005,3,10.1574,1.1,step,1
4005,4,8.98448,1.25,step,2

frame,idx,score,alpha,step_norm,z_coarse
4006,0,7.26509,0.65,step,-2
4006,1,10.317,0.8,step,-1
4006,2,11.4499,0.95,step,0
4006,3,10.1561,1.1,step,1
4006,4,8.98363,1.25,step,2

frame,idx,score,alpha,step_norm,z_coarse
4007,0,7.26665,0.65,step,-2
4007,1,10.3195,0.8,step,-1
4007,2,11.4525,0.95,step,0
4007,3,10.1594,1.1,step,1
4007,4,8.98743,1.25,step,2

frame,idx,score,alpha,step_norm,z_coarse
4008,0,7.26983,0.65,step,-2
4008,1,10.3218,0.8,step,-1
4008,2,11.4498,0.95,step,0
4008,3,10.1566,1.1,step,1
4008,4,8.98458,1.25,step,2

frame,idx,score,alpha,step_norm,z_coarse
4009,0,7.27009,0.65,step,-2
4009,1,10.3311,0.8,step,-1
4009,2,11.4593,0.95,step,0
4009,3,10.1638,1.1,step,1
4009,4,8.98989,1.25,step,2

frame,idx,score,alpha,step_norm,z_coarse
4010,0,7.26841,0.65,step,-2
4010,1,10.3234,0.8,step,-1
4010,2,11.4568,0.95,step,0
4010,3,10.1626,1.1,step,1
4010,4,8.99077,1.25,step,2

frame,idx,score,alpha,step_norm,z_coarse
4011,0,7.26948,0.65,step,-2
4011,1,10.3209,0.8,step,-1
4011,2,11.4507,0.95,step,0
4011,3,10.1539,1.1,step,1
4011,4,8.97998,1.25,step,2

frame,idx,score,alpha,step_norm,z_coarse
4012,0,7.27335,0.65,step,-2
4012,1,10.3316,0.8,step,-1
4012,2,11.4606,0.95,step,0
4012,3,10.1635,1.1,step,1
4012,4,8.98854,1.25,step,2

frame,idx,score,alpha,step_norm,z_coarse
4013,0,7.26375,0.65,step,-2
4013,1,10.3138,0.8,step,-1
4013,2,11.447,0.95,step,0
4013,3,10.1548,1.1,step,1
4013,4,8.98203,1.25,step,2

frame,idx,score,alpha,step_norm,z_coarse
4014,0,7.26975,0.65,step,-2
4014,1,10.3213,0.8,step,-1
4014,2,11.4514,0.95,step,0
4014,3,10.1602,1.1,step,1
4014,4,8.98888,1.25,step,2

frame,idx,score,alpha,step_norm,z_coarse
4015,0,7.27158,0.65,step,-2
4015,1,10.3276,0.8,step,-1
4015,2,11.4554,0.95,step,0
4015,3,10.1583,1.1,step,1
4015,4,8.98458,1.25,step,2

frame,idx,score,alpha,step_norm,z_coarse
4016,0,7.26568,0.65,step,-2
4016,1,10.3177,0.8,step,-1
4016,2,11.4495,0.95,step,0
4016,3,10.1564,1.1,step,1
4016,4,8.98472,1.25,step,2

frame,idx,score,alpha,step_norm,z_coarse
4017,0,7.26625,0.65,step,-2
4017,1,10.3218,0.8,step,-1
4017,2,11.4545,0.95,step,0
4017,3,10.1627,1.1,step,1
4017,4,8.99045,1.25,step,2

frame,idx,score,alpha,step_norm,z_coarse
4018,0,7.27059,0.65,step,-2
4018,1,10.3262,0.8,step,-1
4018,2,11.4569,0.95,step,0
4018,3,10.1616,1.1,step,1
4018,4,8.98714,1.25,step,2

frame,idx,score,alpha,step_norm,z_coarse
4019,0,7.26953,0.65,step,-2
4019,1,10.3223,0.8,step,-1
4019,2,11.4523,0.95,step,0
4019,3,10.1584,1.1,step,1
4019,4,8.98543,1.25,step,2

frame,idx,score,alpha,step_norm,z_coarse
4020,0,7.26914,0.65,step,-2
4020,1,10.3236,0.8,step,-1
4020,2,11.4506,0.95,step,0
4020,3,10.1567,1.1,step,1
4020,4,8.9855,1.25,step,2

frame,idx,score,alpha,step_norm,z_coarse
4021,0,7.2639,0.65,step,-2
4021,1,10.3157,0.8,step,-1
4021,2,11.4481,0.95,step,0
4021,3,10.1557,1.1,step,1
4021,4,8.98436,1.25,step,2

frame,idx,score,alpha,step_norm,z_coarse
4022,0,7.27175,0.65,step,-2
4022,1,10.3269,0.8,step,-1
4022,2,11.4541,0.95,step,0
4022,3,10.1589,1.1,step,1
4022,4,8.98601,1.25,step,2

frame,idx,score,alpha,step_norm,z_coarse
4023,0,7.27521,0.65,step,-2
4023,1,10.3325,0.8,step,-1
4023,2,11.4559,0.95,step,0
4023,3,10.1605,1.1,step,1
4023,4,8.98787,1.25,step,2

frame,idx,score,alpha,step_norm,z_coarse
4024,0,7.27141,0.65,step,-2
4024,1,10.3271,0.8,step,-1
4024,2,11.459,0.95,step,0
4024,3,10.1639,1.1,step,1
4024,4,8.98948,1.25,step,2

frame,idx,score,alpha,step_norm,z_coarse
4025,0,7.27374,0.65,step,-2
4025,1,10.3328,0.8,step,-1
4025,2,11.4623,0.95,step,0
4025,3,10.167,1.1,step,1
4025,4,8.99414,1.25,step,2

frame,idx,score,alpha,step_norm,z_coarse
4026,0,7.27521,0.65,step,-2
4026,1,10.3355,0.8,step,-1
4026,2,11.464,0.95,step,0
4026,3,10.165,1.1,step,1
4026,4,8.98883,1.25,step,2

frame,idx,score,alpha,step_norm,z_coarse
4027,0,7.28069,0.65,step,-2
4027,1,10.3358,0.8,step,-1
4027,2,11.4528,0.95,step,0
4027,3,10.1553,1.1,step,1
4027,4,8.98248,1.25,step,2

frame,idx,score,alpha,step_norm,z_coarse
4028,0,7.27088,0.65,step,-2
4028,1,10.3274,0.8,step,-1
4028,2,11.4558,0.95,step,0
4028,3,10.159,1.1,step,1
4028,4,8.9844,1.25,step,2

frame,idx,score,alpha,step_norm,z_coarse
4029,0,7.27845,0.65,step,-2
4029,1,10.3393,0.8,step,-1
4029,2,11.4623,0.95,step,0
4029,3,10.163,1.1,step,1
4029,4,8.98791,1.25,step,2

frame,idx,score,alpha,step_norm,z_coarse
4030,0,7.28156,0.65,step,-2
4030,1,10.3407,0.8,step,-1
4030,2,11.4607,0.95,step,0
4030,3,10.1636,1.1,step,1
4030,4,8.99072,1.25,step,2

frame,idx,score,alpha,step_norm,z_coarse
4031,0,7.27356,0.65,step,-2
4031,1,10.3306,0.8,step,-1
4031,2,11.4519,0.95,step,0
4031,3,10.1584,1.1,step,1
4031,4,8.98726,1.25,step,2

frame,idx,score,alpha,step_norm,z_coarse
4032,0,7.27438,0.65,step,-2
4032,1,10.3312,0.8,step,-1
4032,2,11.4591,0.95,step,0
4032,3,10.1647,1.1,step,1
4032,4,8.99075,1.25,step,2

frame,idx,score,alpha,step_norm,z_coarse
4033,0,7.27852,0.65,step,-2
4033,1,10.3391,0.8,step,-1
4033,2,11.4624,0.95,step,0
4033,3,10.163,1.1,step,1
4033,4,8.98736,1.25,step,2

frame,idx,score,alpha,step_norm,z_coarse
4034,0,7.27459,0.65,step,-2
4034,1,10.3347,0.8,step,-1
4034,2,11.4512,0.95,step,0
4034,3,10.1537,1.1,step,1
4034,4,8.9825,1.25,step,2

frame,idx,score,alpha,step_norm,z_coarse
4035,0,7.2781,0.65,step,-2
4035,1,10.3345,0.8,step,-1
4035,2,11.4546,0.95,step,0
4035,3,10.156,1.1,step,1
4035,4,8.98259,1.25,step,2

frame,idx,score,alpha,step_norm,z_coarse
4036,0,7.27361,0.65,step,-2
4036,1,10.3295,0.8,step,-1
4036,2,11.4533,0.95,step,0
4036,3,10.1581,1.1,step,1
4036,4,8.98587,1.25,step,2

frame,idx,score,alpha,step_norm,z_coarse
4037,0,7.27597,0.65,step,-2
4037,1,10.3342,0.8,step,-1
4037,2,11.4604,0.95,step,0
4037,3,10.1642,1.1,step,1
4037,4,8.98957,1.25,step,2

frame,idx,score,alpha,step_norm,z_coarse
4038,0,7.2747,0.65,step,-2
4038,1,10.3334,0.8,step,-1
4038,2,11.4506,0.95,step,0
4038,3,10.1538,1.1,step,1
4038,4,8.98202,1.25,step,2

frame,idx,score,alpha,step_norm,z_coarse
4039,0,7.28083,0.65,step,-2
4039,1,10.3408,0.8,step,-1
4039,2,11.4568,0.95,step,0
4039,3,10.1567,1.1,step,1
4039,4,8.98376,1.25,step,2

frame,idx,score,alpha,step_norm,z_coarse
4040,0,7.28172,0.65,step,-2
4040,1,10.3435,0.8,step,-1
4040,2,11.4647,0.95,step,0
4040,3,10.1648,1.1,step,1
4040,4,8.9906,1.25,step,2

frame,idx,score,alpha,step_norm,z_coarse
4041,0,7.27728,0.65,step,-2
4041,1,10.3384,0.8,step,-1
4041,2,11.4607,0.95,step,0
4041,3,10.1625,1.1,step,1
4041,4,8.98843,1.25,step,2

frame,idx,score,alpha,step_norm,z_coarse
4042,0,7.27878,0.65,step,-2
4042,1,10.3362,0.8,step,-1
4042,2,11.4542,0.95,step,0
4042,3,10.1571,1.1,step,1
4042,4,8.98632,1.25,step,2

frame,idx,score,alpha,step_norm,z_coarse
4043,0,7.28095,0.65,step,-2
4043,1,10.3434,0.8,step,-1
4043,2,11.4558,0.95,step,0
4043,3,10.1548,1.1,step,1
4043,4,8.98209,1.25,step,2

frame,idx,score,alpha,step_norm,z_coarse
4044,0,7.28527,0.65,step,-2
4044,1,10.3477,0.8,step,-1
4044,2,11.4619,0.95,step,0
4044,3,10.1612,1.1,step,1
4044,4,8.98649,1.25,step,2

frame,idx,score,alpha,step_norm,z_coarse
4045,0,7.27751,0.65,step,-2
4045,1,10.3365,0.8,step,-1
4045,2,11.4528,0.95,step,0
4045,3,10.1545,1.1,step,1
4045,4,8.98211,1.25,step,2

frame,idx,score,alpha,step_norm,z_coarse
4046,0,7.28033,0.65,step,-2
4046,1,10.3413,0.8,step,-1
4046,2,11.4563,0.95,step,0
4046,3,10.1566,1.1,step,1
4046,4,8.98221,1.25,step,2

frame,idx,score,alpha,step_norm,z_coarse
4047,0,7.2785,0.65,step,-2
4047,1,10.3361,0.8,step,-1
4047,2,11.4486,0.95,step,0
4047,3,10.1495,1.1,step,1
4047,4,8.97813,1.25,step,2

frame,idx,score,alpha,step_norm,z_coarse
4048,0,7.27594,0.65,step,-2
4048,1,10.3331,0.8,step,-1
4048,2,11.4515,0.95,step,0
4048,3,10.1519,1.1,step,1
4048,4,8.97909,1.25,step,2

frame,idx,score,alpha,step_norm,z_coarse
4049,0,7.28068,0.65,step,-2
4049,1,10.336,0.8,step,-1
4049,2,11.4518,0.95,step,0
4049,3,10.1547,1.1,step,1
4049,4,8.98488,1.25,step,2

frame,idx,score,alpha,step_norm,z_coarse
4050,0,7.27207,0.65,step,-2
4050,1,10.3324,0.8,step,-1
4050,2,11.4556,0.95,step,0
4050,3,10.1579,1.1,step,1
4050,4,8.9845,1.25,step,2

frame,idx,score,alpha,step_norm,z_coarse
4051,0,7.27838,0.65,step,-2
4051,1,10.3365,0.8,step,-1
4051,2,11.4535,0.95,step,0
4051,3,10.1565,1.1,step,1
4051,4,8.98618,1.25,step,2

frame,idx,score,alpha,step_norm,z_coarse
4052,0,7.27684,0.65,step,-2
4052,1,10.3356,0.8,step,-1
4052,2,11.4555,0.95,step,0
4052,3,10.1582,1.1,step,1
4052,4,8.98462,1.25,step,2

frame,idx,score,alpha,step_norm,z_coarse
4053,0,7.27766,0.65,step,-2
4053,1,10.3336,0.8,step,-1
4053,2,11.451,0.95,step,0
4053,3,10.1531,1.1,step,1
4053,4,8.98202,1.25,step,2

frame,idx,score,alpha,step_norm,z_coarse
4054,0,7.27985,0.65,step,-2
4054,1,10.3429,0.8,step,-1
4054,2,11.4638,0.95,step,0
4054,3,10.1596,1.1,step,1
4054,4,8.98197,1.25,step,2

frame,idx,score,alpha,step_norm,z_coarse
4055,0,7.28039,0.65,step,-2
4055,1,10.3367,0.8,step,-1
4055,2,11.4548,0.95,step,0
4055,3,10.158,1.1,step,1
4055,4,8.98496,1.25,step,2

frame,idx,score,alpha,step_norm,z_coarse
4056,0,7.27967,0.65,step,-2
4056,1,10.3399,0.8,step,-1
4056,2,11.4536,0.95,step,0
4056,3,10.1534,1.1,step,1
4056,4,8.98105,1.25,step,2

frame,idx,score,alpha,step_norm,z_coarse
4057,0,7.28317,0.65,step,-2
4057,1,10.3441,0.8,step,-1
4057,2,11.4571,0.95,step,0
4057,3,10.1572,1.1,step,1
4057,4,8.98339,1.25,step,2

frame,idx,score,alpha,step_norm,z_coarse
4058,0,7.28265,0.65,step,-2
4058,1,10.345,0.8,step,-1
4058,2,11.4599,0.95,step,0
4058,3,10.157,1.1,step,1
4058,4,8.98246,1.25,step,2

frame,idx,score,alpha,step_norm,z_coarse
4059,0,7.28478,0.65,step,-2
4059,1,10.341,0.8,step,-1
4059,2,11.4552,0.95,step,0
4059,3,10.1554,1.1,step,1
4059,4,8.98079,1.25,step,2

frame,idx,score,alpha,step_norm,z_coarse
4060,0,7.28499,0.65,step,-2
4060,1,10.3456,0.8,step,-1
4060,2,11.461,0.95,step,0
4060,3,10.1599,1.1,step,1
4060,4,8.98557,1.25,step,2

frame,idx,score,alpha,step_norm,z_coarse
4061,0,7.28306,0.65,step,-2
4061,1,10.3412,0.8,step,-1
4061,2,11.4574,0.95,step,0
4061,3,10.1573,1.1,step,1
4061,4,8.98413,1.25,step,2

frame,idx,score,alpha,step_norm,z_coarse
4062,0,7.28418,0.65,step,-2
4062,1,10.3436,0.8,step,-1
4062,2,11.4583,0.95,step,0
4062,3,10.1563,1.1,step,1
4062,4,8.98127,1.25,step,2

frame,idx,score,alpha,step_norm,z_coarse
4063,0,7.28137,0.65,step,-2
4063,1,10.3425,0.8,step,-1
4063,2,11.4555,0.95,step,0
4063,3,10.1558,1.1,step,1
4063,4,8.98301,1.25,step,2

frame,idx,score,alpha,step_norm,z_coarse
4064,0,7.28071,0.65,step,-2
4064,1,10.3415,0.8,step,-1
4064,2,11.4558,0.95,step,0
4064,3,10.1551,1.1,step,1
4064,4,8.98269,1.25,step,2

frame,idx,score,alpha,step_norm,z_coarse
4065,0,7.27982,0.65,step,-2
4065,1,10.3395,0.8,step,-1
4065,2,11.45,0.95,step,0
4065,3,10.1503,1.1,step,1
4065,4,8.9783,1.25,step,2

frame,idx,score,alpha,step_norm,z_coarse
4066,0,7.28405,0.65,step,-2
4066,1,10.3464,0.8,step,-1
4066,2,11.4579,0.95,step,0
4066,3,10.1571,1.1,step,1
4066,4,8.98487,1.25,step,2

frame,idx,score,alpha,step_norm,z_coarse
4067,0,7.28336,0.65,step,-2
4067,1,10.3454,0.8,step,-1
4067,2,11.4589,0.95,step,0
4067,3,10.1599,1.1,step,1
4067,4,8.98686,1.25,step,2

frame,idx,score,alpha,step_norm,z_coarse
4068,0,7.28508,0.65,step,-2
4068,1,10.3451,0.8,step,-1
4068,2,11.4523,0.95,step,0
4068,3,10.1523,1.1,step,1
4068,4,8.98157,1.25,step,2

frame,idx,score,alpha,step_norm,z_coarse
4069,0,7.28402,0.65,step,-2
4069,1,10.3436,0.8,step,-1
4069,2,11.4568,0.95,step,0
4069,3,10.1544,1.1,step,1
4069,4,8.97995,1.25,step,2

frame,idx,score,alpha,step_norm,z_coarse
4070,0,7.28125,0.65,step,-2
4070,1,10.3404,0.8,step,-1
4070,2,11.4545,0.95,step,0
4070,3,10.1537,1.1,step,1
4070,4,8.98164,1.25,step,2

frame,idx,score,alpha,step_norm,z_coarse
4071,0,7.28563,0.65,step,-2
4071,1,10.3433,0.8,step,-1
4071,2,11.4537,0.95,step,0
4071,3,10.1532,1.1,step,1
4071,4,8.98004,1.25,step,2

frame,idx,score,alpha,step_norm,z_coarse
4072,0,7.28612,0.65,step,-2
4072,1,10.3464,0.8,step,-1
4072,2,11.455,0.95,step,0
4072,3,10.1542,1.1,step,1
4072,4,8.98003,1.25,step,2

frame,idx,score,alpha,step_norm,z_coarse
4073,0,7.28739,0.65,step,-2
4073,1,10.3484,0.8,step,-1
4073,2,11.4566,0.95,step,0
4073,3,10.1533,1.1,step,1
4073,4,8.98076,1.25,step,2

frame,idx,score,alpha,step_norm,z_coarse
4074,0,7.28518,0.65,step,-2
4074,1,10.3429,0.8,step,-1
4074,2,11.4483,0.95,step,0
4074,3,10.1475,1.1,step,1
4074,4,8.97738,1.25,step,2

frame,idx,score,alpha,step_norm,z_coarse
4075,0,7.28794,0.65,step,-2
4075,1,10.3484,0.8,step,-1
4075,2,11.4553,0.95,step,0
4075,3,10.151,1.1,step,1
4075,4,8.97825,1.25,step,2

frame,idx,score,alpha,step_norm,z_coarse
4076,0,7.28692,0.65,step,-2
4076,1,10.3499,0.8,step,-1
4076,2,11.459,0.95,step,0
4076,3,10.1578,1.1,step,1
4076,4,8.98476,1.25,step,2

frame,idx,score,alpha,step_norm,z_coarse
4077,0,7.2892,0.65,step,-2
4077,1,10.3486,0.8,step,-1
4077,2,11.4581,0.95,step,0
4077,3,10.155,1.1,step,1
4077,4,8.98119,1.25,step,2

frame,idx,score,alpha,step_norm,z_coarse
4078,0,7.28341,0.65,step,-2
4078,1,10.3405,0.8,step,-1
4078,2,11.4516,0.95,step,0
4078,3,10.1531,1.1,step,1
4078,4,8.98031,1.25,step,2

frame,idx,score,alpha,step_norm,z_coarse
4079,0,7.28243,0.65,step,-2
4079,1,10.3474,0.8,step,-1
4079,2,11.4571,0.95,step,0
4079,3,10.1542,1.1,step,1
4079,4,8.98044,1.25,step,2

frame,idx,score,alpha,step_norm,z_coarse
4080,0,7.28497,0.65,step,-2
4080,1,10.3476,0.8,step,-1
4080,2,11.4583,0.95,step,0
4080,3,10.1563,1.1,step,1
4080,4,8.98335,1.25,step,2

frame,idx,score,alpha,step_norm,z_coarse
4081,0,7.29206,0.65,step,-2
4081,1,10.3538,0.8,step,-1
4081,2,11.4539,0.95,step,0
4081,3,10.1512,1.1,step,1
4081,4,8.98009,1.25,step,2

frame,idx,score,alpha,step_norm,z_coarse
4082,0,7.2909,0.65,step,-2
4082,1,10.3543,0.8,step,-1
4082,2,11.4569,0.95,step,0
4082,3,10.1532,1.1,step,1
4082,4,8.9812,1.25,step,2

frame,idx,score,alpha,step_norm,z_coarse
4083,0,7.28716,0.65,step,-2
4083,1,10.3478,0.8,step,-1
4083,2,11.4515,0.95,step,0
4083,3,10.1514,1.1,step,1
4083,4,8.98136,1.25,step,2

frame,idx,score,alpha,step_norm,z_coarse
4084,0,7.28898,0.65,step,-2
4084,1,10.3507,0.8,step,-1
4084,2,11.4552,0.95,step,0
4084,3,10.1524,1.1,step,1
4084,4,8.97942,1.25,step,2

frame,idx,score,alpha,step_norm,z_coarse
4085,0,7.2909,0.65,step,-2
4085,1,10.3535,0.8,step,-1
4085,2,11.4622,0.95,step,0
4085,3,10.1598,1.1,step,1
4085,4,8.98614,1.25,step,2

frame,idx,score,alpha,step_norm,z_coarse
4086,0,7.28996,0.65,step,-2
4086,1,10.3486,0.8,step,-1
4086,2,11.4536,0.95,step,0
4086,3,10.1525,1.1,step,1
4086,4,8.98,1.25,step,2

frame,idx,score,alpha,step_norm,z_coarse
4087,0,7.28405,0.65,step,-2
4087,1,10.3449,0.8,step,-1
4087,2,11.4543,0.95,step,0
4087,3,10.1547,1.1,step,1
4087,4,8.98199,1.25,step,2

frame,idx,score,alpha,step_norm,z_coarse
4088,0,7.28843,0.65,step,-2
4088,1,10.3496,0.8,step,-1
4088,2,11.4549,0.95,step,0
4088,3,10.156,1.1,step,1
4088,4,8.98609,1.25,step,2

frame,idx,score,alpha,step_norm,z_coarse
4089,0,7.29082,0.65,step,-2
4089,1,10.3532,0.8,step,-1
4089,2,11.454,0.95,step,0
4089,3,10.1502,1.1,step,1
4089,4,8.97765,1.25,step,2

frame,idx,score,alpha,step_norm,z_coarse
4090,0,7.28919,0.65,step,-2
4090,1,10.3511,0.8,step,-1
4090,2,11.4589,0.95,step,0
4090,3,10.1563,1.1,step,1
4090,4,8.98295,1.25,step,2

frame,idx,score,alpha,step_norm,z_coarse
4091,0,7.28625,0.65,step,-2
4091,1,10.3493,0.8,step,-1
4091,2,11.4529,0.95,step,0
4091,3,10.1507,1.1,step,1
4091,4,8.98077,1.25,step,2

frame,idx,score,alpha,step_norm,z_coarse
4092,0,7.29016,0.65,step,-2
4092,1,10.3552,0.8,step,-1
4092,2,11.46,0.95,step,0
4092,3,10.1561,1.1,step,1
4092,4,8.98224,1.25,step,2

frame,idx,score,alpha,step_norm,z_coarse
4093,0,7.29437,0.65,step,-2
4093,1,10.3565,0.8,step,-1
4093,2,11.4566,0.95,step,0
4093,3,10.1518,1.1,step,1
4093,4,8.97892,1.25,step,2

frame,idx,score,alpha,step_norm,z_coarse
4094,0,7.28877,0.65,step,-2
4094,1,10.3455,0.8,step,-1
4094,2,11.4543,0.95,step,0
4094,3,10.1546,1.1,step,1
4094,4,8.98258,1.25,step,2

frame,idx,score,alpha,step_norm,z_coarse
4095,0,7.28229,0.65,step,-2
4095,1,10.3474,0.8,step,-1
4095,2,11.4561,0.95,step,0
4095,3,10.1522,1.1,step,1
4095,4,8.97734,1.25,step,2

frame,idx,score,alpha,step_norm,z_coarse
4096,0,7.28458,0.65,step,-2
4096,1,10.3475,0.8,step,-1
4096,2,11.4519,0.95,step,0
4096,3,10.1503,1.1,step,1
4096,4,8.98028,1.25,step,2

frame,idx,score,alpha,step_norm,z_coarse
4097,0,7.28893,0.65,step,-2
4097,1,10.3487,0.8,step,-1
4097,2,11.457,0.95,step,0
4097,3,10.1557,1.1,step,1
4097,4,8.98309,1.25,step,2

frame,idx,score,alpha,step_norm,z_coarse
4098,0,7.28932,0.65,step,-2
4098,1,10.3488,0.8,step,-1
4098,2,11.4566,0.95,step,0
4098,3,10.1529,1.1,step,1
4098,4,8.97843,1.25,step,2

frame,idx,score,alpha,step_norm,z_coarse
4099,0,7.28174,0.65,step,-2
4099,1,10.3464,0.8,step,-1
4099,2,11.4539,0.95,step,0
4099,3,10.1516,1.1,step,1
4099,4,8.97874,1.25,step,2

frame,idx,score,alpha,step_norm,z_coarse
4100,0,7.28577,0.65,step,-2
4100,1,10.3514,0.8,step,-1
4100,2,11.4604,0.95,step,0
4100,3,10.1568,1.1,step,1
4100,4,8.98334,1.25,step,2

frame,idx,score,alpha,step_norm,z_coarse
4101,0,7.28053,0.65,step,-2
4101,1,10.34,0.8,step,-1
4101,2,11.454,0.95,step,0
4101,3,10.1514,1.1,step,1
4101,4,8.97726,1.25,step,2

frame,idx,score,alpha,step_norm,z_coarse
4102,0,7.28489,0.65,step,-2
4102,1,10.3446,0.8,step,-1
4102,2,11.4572,0.95,step,0
4102,3,10.1556,1.1,step,1
4102,4,8.98113,1.25,step,2

frame,idx,score,alpha,step_norm,z_coarse
4103,0,7.2839,0.65,step,-2
4103,1,10.3451,0.8,step,-1
4103,2,11.4516,0.95,step,0
4103,3,10.1508,1.1,step,1
4103,4,8.9786,1.25,step,2

frame,idx,score,alpha,step_norm,z_coarse
4104,0,7.28385,0.65,step,-2
4104,1,10.3448,0.8,step,-1
4104,2,11.4559,0.95,step,0
4104,3,10.1534,1.1,step,1
4104,4,8.97938,1.25,step,2

frame,idx,score,alpha,step_norm,z_coarse
4105,0,7.28434,0.65,step,-2
4105,1,10.3481,0.8,step,-1
4105,2,11.4592,0.95,step,0
4105,3,10.157,1.1,step,1
4105,4,8.98283,1.25,step,2

frame,idx,score,alpha,step_norm,z_coarse
4106,0,7.29281,0.65,step,-2
4106,1,10.3525,0.8,step,-1
4106,2,11.4518,0.95,step,0
4106,3,10.1504,1.1,step,1
4106,4,8.97961,1.25,step,2

frame,idx,score,alpha,step_norm,z_coarse
4107,0,7.2878,0.65,step,-2
4107,1,10.3516,0.8,step,-1
4107,2,11.454,0.95,step,0
4107,3,10.1499,1.1,step,1
4107,4,8.97788,1.25,step,2

frame,idx,score,alpha,step_norm,z_coarse
4108,0,7.28723,0.65,step,-2
4108,1,10.3451,0.8,step,-1
4108,2,11.4532,0.95,step,0
4108,3,10.1516,1.1,step,1
4108,4,8.97957,1.25,step,2

frame,idx,score,alpha,step_norm,z_coarse
4109,0,7.28558,0.65,step,-2
4109,1,10.3477,0.8,step,-1
4109,2,11.4544,0.95,step,0
4109,3,10.1516,1.1,step,1
4109,4,8.97822,1.25,step,2

frame,idx,score,alpha,step_norm,z_coarse
4110,0,7.29199,0.65,step,-2
4110,1,10.3562,0.8,step,-1
4110,2,11.4578,0.95,step,0
4110,3,10.1555,1.1,step,1
4110,4,8.98431,1.25,step,2

frame,idx,score,alpha,step_norm,z_coarse
4111,0,7.28915,0.65,step,-2
4111,1,10.3484,0.8,step,-1
4111,2,11.4504,0.95,step,0
4111,3,10.1488,1.1,step,1
4111,4,8.97739,1.25,step,2

frame,idx,score,alpha,step_norm,z_coarse
4112,0,7.29091,0.65,step,-2
4112,1,10.3516,0.8,step,-1
4112,2,11.4609,0.95,step,0
4112,3,10.1589,1.1,step,1
4112,4,8.98543,1.25,step,2

frame,idx,score,alpha,step_norm,z_coarse
4113,0,7.28828,0.65,step,-2
4113,1,10.3481,0.8,step,-1
4113,2,11.4504,0.95,step,0
4113,3,10.1482,1.1,step,1
4113,4,8.97809,1.25,step,2

frame,idx,score,alpha,step_norm,z_coarse
4114,0,7.2836,0.65,step,-2
4114,1,10.3461,0.8,step,-1
4114,2,11.452,0.95,step,0
4114,3,10.151,1.1,step,1
4114,4,8.97862,1.25,step,2

frame,idx,score,alpha,step_norm,z_coarse
4115,0,7.2868,0.65,step,-2
4115,1,10.3491,0.8,step,-1
4115,2,11.4569,0.95,step,0
4115,3,10.1531,1.1,step,1
4115,4,8.97882,1.25,step,2

frame,idx,score,alpha,step_norm,z_coarse
4116,0,7.29235,0.65,step,-2
4116,1,10.3577,0.8,step,-1
4116,2,11.4599,0.95,step,0
4116,3,10.1566,1.1,step,1
4116,4,8.98363,1.25,step,2

frame,idx,score,alpha,step_norm,z_coarse
4117,0,7.29183,0.65,step,-2
4117,1,10.3545,0.8,step,-1
4117,2,11.4605,0.95,step,0
4117,3,10.1546,1.1,step,1
4117,4,8.97982,1.25,step,2

frame,idx,score,alpha,step_norm,z_coarse
4118,0,7.28731,0.65,step,-2
4118,1,10.3457,0.8,step,-1
4118,2,11.4443,0.95,step,0
4118,3,10.1428,1.1,step,1
4118,4,8.97353,1.25,step,2

frame,idx,score,alpha,step_norm,z_coarse
4119,0,7.28944,0.65,step,-2
4119,1,10.3497,0.8,step,-1
4119,2,11.4504,0.95,step,0
4119,3,10.1499,1.1,step,1
4119,4,8.98188,1.25,step,2

frame,idx,score,alpha,step_norm,z_coarse
4120,0,7.28507,0.65,step,-2
4120,1,10.3485,0.8,step,-1
4120,2,11.4537,0.95,step,0
4120,3,10.1497,1.1,step,1
4120,4,8.97744,1.25,step,2

frame,idx,score,alpha,step_norm,z_coarse
4121,0,7.28656,0.65,step,-2
4121,1,10.3471,0.8,step,-1
4121,2,11.4534,0.95,step,0
4121,3,10.1496,1.1,step,1
4121,4,8.97564,1.25,step,2

frame,idx,score,alpha,step_norm,z_coarse
4122,0,7.28808,0.65,step,-2
4122,1,10.349,0.8,step,-1
4122,2,11.4508,0.95,step,0
4122,3,10.15,1.1,step,1
4122,4,8.97906,1.25,step,2

frame,idx,score,alpha,step_norm,z_coarse
4123,0,7.28947,0.65,step,-2
4123,1,10.3568,0.8,step,-1
4123,2,11.4596,0.95,step,0
4123,3,10.1543,1.1,step,1
4123,4,8.9808,1.25,step,2

frame,idx,score,alpha,step_norm,z_coarse
4124,0,7.29121,0.65,step,-2
4124,1,10.3572,0.8,step,-1
4124,2,11.4567,0.95,step,0
4124,3,10.1491,1.1,step,1
4124,4,8.97605,1.25,step,2

frame,idx,score,alpha,step_norm,z_coarse
4125,0,7.2881,0.65,step,-2
4125,1,10.3472,0.8,step,-1
4125,2,11.4526,0.95,step,0
4125,3,10.1511,1.1,step,1
4125,4,8.97812,1.25,step,2

frame,idx,score,alpha,step_norm,z_coarse
4126,0,7.28554,0.65,step,-2
4126,1,10.3435,0.8,step,-1
4126,2,11.454,0.95,step,0
4126,3,10.1538,1.1,step,1
4126,4,8.98177,1.25,step,2

frame,idx,score,alpha,step_norm,z_coarse
4127,0,7.28887,0.65,step,-2
4127,1,10.3522,0.8,step,-1
4127,2,11.4534,0.95,step,0
4127,3,10.1505,1.1,step,1
4127,4,8.97903,1.25,step,2

frame,idx,score,alpha,step_norm,z_coarse
4128,0,7.29357,0.65,step,-2
4128,1,10.3566,0.8,step,-1
4128,2,11.4581,0.95,step,0
4128,3,10.1534,1.1,step,1
4128,4,8.97832,1.25,step,2

frame,idx,score,alpha,step_norm,z_coarse
4129,0,7.2878,0.65,step,-2
4129,1,10.3528,0.8,step,-1
4129,2,11.4591,0.95,step,0
4129,3,10.1553,1.1,step,1
4129,4,8.98167,1.25,step,2

frame,idx,score,alpha,step_norm,z_coarse
4130,0,7.28794,0.65,step,-2
4130,1,10.3484,0.8,step,-1
4130,2,11.4563,0.95,step,0
4130,3,10.1535,1.1,step,1
4130,4,8.98039,1.25,step,2

frame,idx,score,alpha,step_norm,z_coarse
4131,0,7.28616,0.65,step,-2
4131,1,10.3492,0.8,step,-1
4131,2,11.455,0.95,step,0
4131,3,10.1536,1.1,step,1
4131,4,8.98245,1.25,step,2

frame,idx,score,alpha,step_norm,z_coarse
4132,0,7.29266,0.65,step,-2
4132,1,10.3533,0.8,step,-1
4132,2,11.4539,0.95,step,0
4132,3,10.1522,1.1,step,1
4132,4,8.98064,1.25,step,2

frame,idx,score,alpha,step_norm,z_coarse
4133,0,7.29118,0.65,step,-2
4133,1,10.3563,0.8,step,-1
4133,2,11.4585,0.95,step,0
4133,3,10.1524,1.1,step,1
4133,4,8.97887,1.25,step,2

frame,idx,score,alpha,step_norm,z_coarse
4134,0,7.29219,0.65,step,-2
4134,1,10.3539,0.8,step,-1
4134,2,11.4597,0.95,step,0
4134,3,10.1546,1.1,step,1
4134,4,8.98118,1.25,step,2

frame,idx,score,alpha,step_norm,z_coarse
4135,0,7.28702,0.65,step,-2
4135,1,10.3481,0.8,step,-1
4135,2,11.4521,0.95,step,0
4135,3,10.1517,1.1,step,1
4135,4,8.97977,1.25,step,2

frame,idx,score,alpha,step_norm,z_coarse
4136,0,7.29016,0.65,step,-2
4136,1,10.3533,0.8,step,-1
4136,2,11.4564,0.95,step,0
4136,3,10.153,1.1,step,1
4136,4,8.97926,1.25,step,2

frame,idx,score,alpha,step_norm,z_coarse
4137,0,7.29825,0.65,step,-2
4137,1,10.3654,0.8,step,-1
4137,2,11.4593,0.95,step,0
4137,3,10.1505,1.1,step,1
4137,4,8.97545,1.25,step,2

frame,idx,score,alpha,step_norm,z_coarse
4138,0,7.30043,0.65,step,-2
4138,1,10.3665,0.8,step,-1
4138,2,11.4578,0.95,step,0
4138,3,10.1482,1.1,step,1
4138,4,8.97485,1.25,step,2

frame,idx,score,alpha,step_norm,z_coarse
4139,0,7.30064,0.65,step,-2
4139,1,10.3641,0.8,step,-1
4139,2,11.4568,0.95,step,0
4139,3,10.1499,1.1,step,1
4139,4,8.97776,1.25,step,2

frame,idx,score,alpha,step_norm,z_coarse
4140,0,7.2947,0.65,step,-2
4140,1,10.3607,0.8,step,-1
4140,2,11.4593,0.95,step,0
4140,3,10.1533,1.1,step,1
4140,4,8.98054,1.25,step,2

frame,idx,score,alpha,step_norm,z_coarse
4141,0,7.2922,0.65,step,-2
4141,1,10.3575,0.8,step,-1
4141,2,11.4526,0.95,step,0
4141,3,10.1479,1.1,step,1
4141,4,8.975,1.25,step,2

frame,idx,score,alpha,step_norm,z_coarse
4142,0,7.29685,0.65,step,-2
4142,1,10.3637,0.8,step,-1
4142,2,11.4584,0.95,step,0
4142,3,10.1514,1.1,step,1
4142,4,8.97915,1.25,step,2

frame,idx,score,alpha,step_norm,z_coarse
4143,0,7.29815,0.65,step,-2
4143,1,10.3604,0.8,step,-1
4143,2,11.4568,0.95,step,0
4143,3,10.1526,1.1,step,1
4143,4,8.98046,1.25,step,2

frame,idx,score,alpha,step_norm,z_coarse
4144,0,7.29152,0.65,step,-2
4144,1,10.3531,0.8,step,-1
4144,2,11.4557,0.95,step,0
4144,3,10.1512,1.1,step,1
4144,4,8.97825,1.25,step,2

frame,idx,score,alpha,step_norm,z_coarse
4145,0,7.28997,0.65,step,-2
4145,1,10.3526,0.8,step,-1
4145,2,11.4584,0.95,step,0
4145,3,10.1554,1.1,step,1
4145,4,8.98095,1.25,step,2

frame,idx,score,alpha,step_norm,z_coarse
4146,0,7.29247,0.65,step,-2
4146,1,10.3577,0.8,step,-1
4146,2,11.4616,0.95,step,0
4146,3,10.1586,1.1,step,1
4146,4,8.98469,1.25,step,2

frame,idx,score,alpha,step_norm,z_coarse
4147,0,7.29321,0.65,step,-2
4147,1,10.3576,0.8,step,-1
4147,2,11.4542,0.95,step,0
4147,3,10.149,1.1,step,1
4147,4,8.97772,1.25,step,2

frame,idx,score,alpha,step_norm,z_coarse
4148,0,7.28993,0.65,step,-2
4148,1,10.3525,0.8,step,-1
4148,2,11.4613,0.95,step,0
4148,3,10.1556,1.1,step,1
4148,4,8.98146,1.25,step,2

frame,idx,score,alpha,step_norm,z_coarse
4149,0,7.28947,0.65,step,-2
4149,1,10.353,0.8,step,-1
4149,2,11.4561,0.95,step,0
4149,3,10.1528,1.1,step,1
4149,4,8.97987,1.25,step,2

frame,idx,score,alpha,step_norm,z_coarse
4150,0,7.29751,0.65,step,-2
4150,1,10.3617,0.8,step,-1
4150,2,11.4615,0.95,step,0
4150,3,10.1558,1.1,step,1
4150,4,8.98285,1.25,step,2

frame,idx,score,alpha,step_norm,z_coarse
4151,0,7.29227,0.65,step,-2
4151,1,10.3584,0.8,step,-1
4151,2,11.4566,0.95,step,0
4151,3,10.153,1.1,step,1
4151,4,8.98179,1.25,step,2

frame,idx,score,alpha,step_norm,z_coarse
4152,0,7.29343,0.65,step,-2
4152,1,10.3544,0.8,step,-1
4152,2,11.4545,0.95,step,0
4152,3,10.1523,1.1,step,1
4152,4,8.98091,1.25,step,2

frame,idx,score,alpha,step_norm,z_coarse
4153,0,7.29541,0.65,step,-2
4153,1,10.3584,0.8,step,-1
4153,2,11.4583,0.95,step,0
4153,3,10.1531,1.1,step,1
4153,4,8.97927,1.25,step,2

frame,idx,score,alpha,step_norm,z_coarse
4154,0,7.29532,0.65,step,-2
4154,1,10.3592,0.8,step,-1
4154,2,11.4555,0.95,step,0
4154,3,10.149,1.1,step,1
4154,4,8.97591,1.25,step,2

frame,idx,score,alpha,step_norm,z_coarse
4155,0,7.29483,0.65,step,-2
4155,1,10.3635,0.8,step,-1
4155,2,11.4657,0.95,step,0
4155,3,10.1605,1.1,step,1
4155,4,8.98595,1.25,step,2

frame,idx,score,alpha,step_norm,z_coarse
4156,0,7.28458,0.65,step,-2
4156,1,10.3485,0.8,step,-1
4156,2,11.453,0.95,step,0
4156,3,10.1511,1.1,step,1
4156,4,8.9805,1.25,step,2

frame,idx,score,alpha,step_norm,z_coarse
4157,0,7.29364,0.65,step,-2
4157,1,10.3502,0.8,step,-1
4157,2,11.4532,0.95,step,0
4157,3,10.1529,1.1,step,1
4157,4,8.98168,1.25,step,2

frame,idx,score,alpha,step_norm,z_coarse
4158,0,7.29305,0.65,step,-2
4158,1,10.3555,0.8,step,-1
4158,2,11.4573,0.95,step,0
4158,3,10.153,1.1,step,1
4158,4,8.98087,1.25,step,2

frame,idx,score,alpha,step_norm,z_coarse
4159,0,7.28884,0.65,step,-2
4159,1,10.3467,0.8,step,-1
4159,2,11.4486,0.95,step,0
4159,3,10.148,1.1,step,1
4159,4,8.97741,1.25,step,2

frame,idx,score,alpha,step_norm,z_coarse
4160,0,7.29085,0.65,step,-2
4160,1,10.3523,0.8,step,-1
4160,2,11.4582,0.95,step,0
4160,3,10.1558,1.1,step,1
4160,4,8.98407,1.25,step,2

frame,idx,score,alpha,step_norm,z_coarse
4161,0,7.29262,0.65,step,-2
4161,1,10.3541,0.8,step,-1
4161,2,11.4595,0.95,step,0
4161,3,10.1579,1.1,step,1
4161,4,8.98687,1.25,step,2

frame,idx,score,alpha,step_norm,z_coarse
4162,0,7.29709,0.65,step,-2
4162,1,10.3594,0.8,step,-1
4162,2,11.4599,0.95,step,0
4162,3,10.1551,1.1,step,1
4162,4,8.98198,1.25,step,2

frame,idx,score,alpha,step_norm,z_coarse
4163,0,7.30094,0.65,step,-2
4163,1,10.3628,0.8,step,-1
4163,2,11.4598,0.95,step,0
4163,3,10.1553,1.1,step,1
4163,4,8.98383,1.25,step,2

frame,idx,score,alpha,step_norm,z_coarse
4164,0,7.29677,0.65,step,-2
4164,1,10.3629,0.8,step,-1
4164,2,11.4593,0.95,step,0
4164,3,10.154,1.1,step,1
4164,4,8.98307,1.25,step,2

frame,idx,score,alpha,step_norm,z_coarse
4165,0,7.29383,0.65,step,-2
4165,1,10.3608,0.8,step,-1
4165,2,11.4589,0.95,step,0
4165,3,10.1534,1.1,step,1
4165,4,8.98151,1.25,step,2

frame,idx,score,alpha,step_norm,z_coarse
4166,0,7.29887,0.65,step,-2
4166,1,10.3617,0.8,step,-1
4166,2,11.4558,0.95,step,0
4166,3,10.1517,1.1,step,1
4166,4,8.98211,1.25,step,2

frame,idx,score,alpha,step_norm,z_coarse
4167,0,7.29906,0.65,step,-2
4167,1,10.3685,0.8,step,-1
4167,2,11.4646,0.95,step,0
4167,3,10.156,1.1,step,1
4167,4,8.98169,1.25,step,2

frame,idx,score,alpha,step_norm,z_coarse
4168,0,7.29573,0.65,step,-2
4168,1,10.3635,0.8,step,-1
4168,2,11.4603,0.95,step,0
4168,3,10.1527,1.1,step,1
4168,4,8.97934,1.25,step,2

frame,idx,score,alpha,step_norm,z_coarse
4169,0,7.29178,0.65,step,-2
4169,1,10.3559,0.8,step,-1
4169,2,11.4562,0.95,step,0
4169,3,10.1521,1.1,step,1
4169,4,8.97854,1.25,step,2

frame,idx,score,alpha,step_norm,z_coarse
4170,0,7.29285,0.65,step,-2
4170,1,10.3568,0.8,step,-1
4170,2,11.4549,0.95,step,0
4170,3,10.1503,1.1,step,1
4170,4,8.98012,1.25,step,2

frame,idx,score,alpha,step_norm,z_coarse
4171,0,7.29273,0.65,step,-2
4171,1,10.3553,0.8,step,-1
4171,2,11.46,0.95,step,0
4171,3,10.1578,1.1,step,1
4171,4,8.98476,1.25,step,2

frame,idx,score,alpha,step_norm,z_coarse
4172,0,7.28882,0.65,step,-2
4172,1,10.3515,0.8,step,-1
4172,2,11.4587,0.95,step,0
4172,3,10.1555,1.1,step,1
4172,4,8.9825,1.25,step,2

frame,idx,score,alpha,step_norm,z_coarse
4173,0,7.29399,0.65,step,-2
4173,1,10.3578,0.8,step,-1
4173,2,11.4602,0.95,step,0
4173,3,10.1572,1.1,step,1
4173,4,8.98543,1.25,step,2

frame,idx,score,alpha,step_norm,z_coarse
4174,0,7.2923,0.65,step,-2
4174,1,10.3551,0.8,step,-1
4174,2,11.457,0.95,step,0
4174,3,10.1545,1.1,step,1
4174,4,8.98421,1.25,step,2

frame,idx,score,alpha,step_norm,z_coarse
4175,0,7.28999,0.65,step,-2
4175,1,10.3524,0.8,step,-1
4175,2,11.4559,0.95,step,0
4175,3,10.1529,1.1,step,1
4175,4,8.98065,1.25,step,2

frame,idx,score,alpha,step_norm,z_coarse
4176,0,7.29514,0.65,step,-2
4176,1,10.362,0.8,step,-1
4176,2,11.4643,0.95,step,0
4176,3,10.1561,1.1,step,1
4176,4,8.98104,1.25,step,2

frame,idx,score,alpha,step_norm,z_coarse
4177,0,7.2935,0.65,step,-2
4177,1,10.3536,0.8,step,-1
4177,2,11.4573,0.95,step,0
4177,3,10.1542,1.1,step,1
4177,4,8.98066,1.25,step,2

frame,idx,score,alpha,step_norm,z_coarse
4178,0,7.29501,0.65,step,-2
4178,1,10.3568,0.8,step,-1
4178,2,11.4553,0.95,step,0
4178,3,10.1522,1.1,step,1
4178,4,8.98063,1.25,step,2

frame,idx,score,alpha,step_norm,z_coarse
4179,0,7.29123,0.65,step,-2
4179,1,10.3537,0.8,step,-1
4179,2,11.4589,0.95,step,0
4179,3,10.1551,1.1,step,1
4179,4,8.9823,1.25,step,2

frame,idx,score,alpha,step_norm,z_coarse
4180,0,7.29498,0.65,step,-2
4180,1,10.3589,0.8,step,-1
4180,2,11.4526,0.95,step,0
4180,3,10.1478,1.1,step,1
4180,4,8.97633,1.25,step,2

frame,idx,score,alpha,step_norm,z_coarse
4181,0,7.29596,0.65,step,-2
4181,1,10.3614,0.8,step,-1
4181,2,11.4526,0.95,step,0
4181,3,10.1476,1.1,step,1
4181,4,8.97526,1.25,step,2

frame,idx,score,alpha,step_norm,z_coarse
4182,0,7.29699,0.65,step,-2
4182,1,10.3628,0.8,step,-1
4182,2,11.4644,0.95,step,0
4182,3,10.159,1.1,step,1
4182,4,8.98521,1.25,step,2

frame,idx,score,alpha,step_norm,z_coarse
4183,0,7.28755,0.65,step,-2
4183,1,10.3482,0.8,step,-1
4183,2,11.4548,0.95,step,0
4183,3,10.1521,1.1,step,1
4183,4,8.97952,1.25,step,2

frame,idx,score,alpha,step_norm,z_coarse
4184,0,7.29575,0.65,step,-2
4184,1,10.3623,0.8,step,-1
4184,2,11.4624,0.95,step,0
4184,3,10.1562,1.1,step,1
4184,4,8.98182,1.25,step,2

frame,idx,score,alpha,step_norm,z_coarse
4185,0,7.29057,0.65,step,-2
4185,1,10.3547,0.8,step,-1
4185,2,11.459,0.95,step,0
4185,3,10.1569,1.1,step,1
4185,4,8.9855,1.25,step,2

frame,idx,score,alpha,step_norm,z_coarse
4186,0,7.2997,0.65,step,-2
4186,1,10.3667,0.8,step,-1
4186,2,11.4649,0.95,step,0
4186,3,10.1596,1.1,step,1
4186,4,8.98613,1.25,step,2

frame,idx,score,alpha,step_norm,z_coarse
4187,0,7.30713,0.65,step,-2
4187,1,10.3738,0.8,step,-1
4187,2,11.4622,0.95,step,0
4187,3,10.153,1.1,step,1
4187,4,8.98032,1.25,step,2

frame,idx,score,alpha,step_norm,z_coarse
4188,0,7.30272,0.65,step,-2
4188,1,10.3662,0.8,step,-1
4188,2,11.4564,0.95,step,0
4188,3,10.1521,1.1,step,1
4188,4,8.98104,1.25,step,2

frame,idx,score,alpha,step_norm,z_coarse
4189,0,7.30454,0.65,step,-2
4189,1,10.3724,0.8,step,-1
4189,2,11.463,0.95,step,0
4189,3,10.1527,1.1,step,1
4189,4,8.9794,1.25,step,2

frame,idx,score,alpha,step_norm,z_coarse
4190,0,7.29804,0.65,step,-2
4190,1,10.3662,0.8,step,-1
4190,2,11.46,0.95,step,0
4190,3,10.1533,1.1,step,1
4190,4,8.98085,1.25,step,2

frame,idx,score,alpha,step_norm,z_coarse
4191,0,7.30553,0.65,step,-2
4191,1,10.373,0.8,step,-1
4191,2,11.4631,0.95,step,0
4191,3,10.1555,1.1,step,1
4191,4,8.98358,1.25,step,2

frame,idx,score,alpha,step_norm,z_coarse
4192,0,7.30761,0.65,step,-2
4192,1,10.373,0.8,step,-1
4192,2,11.4607,0.95,step,0
4192,3,10.1516,1.1,step,1
4192,4,8.97862,1.25,step,2

frame,idx,score,alpha,step_norm,z_coarse
4193,0,7.29485,0.65,step,-2
4193,1,10.3613,0.8,step,-1
4193,2,11.4584,0.95,step,0
4193,3,10.1518,1.1,step,1
4193,4,8.98118,1.25,step,2

frame,idx,score,alpha,step_norm,z_coarse
4194,0,7.30185,0.65,step,-2
4194,1,10.368,0.8,step,-1
4194,2,11.4624,0.95,step,0
4194,3,10.158,1.1,step,1
4194,4,8.98683,1.25,step,2

frame,idx,score,alpha,step_norm,z_coarse
4195,0,7.30789,0.65,step,-2
4195,1,10.3798,0.8,step,-1
4195,2,11.4665,0.95,step,0
4195,3,10.1588,1.1,step,1
4195,4,8.98536,1.25,step,2

frame,idx,score,alpha,step_norm,z_coarse
4196,0,7.30075,0.65,step,-2
4196,1,10.3658,0.8,step,-1
4196,2,11.4604,0.95,step,0
4196,3,10.1552,1.1,step,1
4196,4,8.98346,1.25,step,2

frame,idx,score,alpha,step_norm,z_coarse
4197,0,7.29591,0.65,step,-2
4197,1,10.3589,0.8,step,-1
4197,2,11.4573,0.95,step,0
4197,3,10.1531,1.1,step,1
4197,4,8.9841,1.25,step,2

frame,idx,score,alpha,step_norm,z_coarse
4198,0,7.29603,0.65,step,-2
4198,1,10.3648,0.8,step,-1
4198,2,11.4637,0.95,step,0
4198,3,10.1576,1.1,step,1
4198,4,8.98462,1.25,step,2

frame,idx,score,alpha,step_norm,z_coarse
4199,0,7.3044,0.65,step,-2
4199,1,10.3704,0.8,step,-1
4199,2,11.4637,0.95,step,0
4199,3,10.1573,1.1,step,1
4199,4,8.9846,1.25,step,2

frame,idx,score,alpha,step_norm,z_coarse
4200,0,7.29235,0.65,step,-2
4200,1,10.3555,0.8,step,-1
4200,2,11.4534,0.95,step,0
4200,3,10.1489,1.1,step,1
4200,4,8.97807,1.25,step,2

frame,idx,score,alpha,step_norm,z_coarse
4201,0,7.29368,0.65,step,-2
4201,1,10.3567,0.8,step,-1
4201,2,11.4577,0.95,step,0
4201,3,10.1524,1.1,step,1
4201,4,8.97966,1.25,step,2

frame,idx,score,alpha,step_norm,z_coarse
4202,0,7.2981,0.65,step,-2
4202,1,10.3674,0.8,step,-1
4202,2,11.4642,0.95,step,0
4202,3,10.1572,1.1,step,1
4202,4,8.98232,1.25,step,2

frame,idx,score,alpha,step_norm,z_coarse
4203,0,7.30799,0.65,step,-2
4203,1,10.3754,0.8,step,-1
4203,2,11.4639,0.95,step,0
4203,3,10.1552,1.1,step,1
4203,4,8.9825,1.25,step,2

frame,idx,score,alpha,step_norm,z_coarse
4204,0,7.29459,0.65,step,-2
4204,1,10.362,0.8,step,-1
4204,2,11.4564,0.95,step,0
4204,3,10.1489,1.1,step,1
4204,4,8.97489,1.25,step,2

frame,idx,score,alpha,step_norm,z_coarse
4205,0,7.3037,0.65,step,-2
4205,1,10.3729,0.8,step,-1
4205,2,11.4665,0.95,step,0
4205,3,10.1582,1.1,step,1
4205,4,8.98501,1.25,step,2

frame,idx,score,alpha,step_norm,z_coarse
4206,0,7.30263,0.65,step,-2
4206,1,10.369,0.8,step,-1
4206,2,11.4523,0.95,step,0
4206,3,10.1461,1.1,step,1
4206,4,8.97669,1.25,step,2

frame,idx,score,alpha,step_norm,z_coarse
4207,0,7.30414,0.65,step,-2
4207,1,10.3699,0.8,step,-1
4207,2,11.4574,0.95,step,0
4207,3,10.1486,1.1,step,1
4207,4,8.97656,1.25,step,2

frame,idx,score,alpha,step_norm,z_coarse
4208,0,7.30784,0.65,step,-2
4208,1,10.3802,0.8,step,-1
4208,2,11.461,0.95,step,0
4208,3,10.1505,1.1,step,1
4208,4,8.97849,1.25,step,2

frame,idx,score,alpha,step_norm,z_coarse
4209,0,7.30756,0.65,step,-2
4209,1,10.3777,0.8,step,-1
4209,2,11.4576,0.95,step,0
4209,3,10.1483,1.1,step,1
4209,4,8.97697,1.25,step,2

frame,idx,score,alpha,step_norm,z_coarse
4210,0,7.30297,0.65,step,-2
4210,1,10.3719,0.8,step,-1
4210,2,11.4563,0.95,step,0
4210,3,10.1503,1.1,step,1
4210,4,8.98105,1.25,step,2

frame,idx,score,alpha,step_norm,z_coarse
4211,0,7.30572,0.65,step,-2
4211,1,10.3747,0.8,step,-1
4211,2,11.4644,0.95,step,0
4211,3,10.1569,1.1,step,1
4211,4,8.98602,1.25,step,2

frame,idx,score,alpha,step_norm,z_coarse
4212,0,7.30712,0.65,step,-2
4212,1,10.3749,0.8,step,-1
4212,2,11.4605,0.95,step,0
4212,3,10.1515,1.1,step,1
4212,4,8.97937,1.25,step,2

frame,idx,score,alpha,step_norm,z_coarse
4213,0,7.30757,0.65,step,-2
4213,1,10.3774,0.8,step,-1
4213,2,11.4626,0.95,step,0
4213,3,10.1558,1.1,step,1
4213,4,8.98543,1.25,step,2

frame,idx,score,alpha,step_norm,z_coarse
4214,0,7.30157,0.65,step,-2
4214,1,10.3709,0.8,step,-1
4214,2,11.4638,0.95,step,0
4214,3,10.1594,1.1,step,1
4214,4,8.98687,1.25,step,2

frame,idx,score,alpha,step_norm,z_coarse
4215,0,7.30234,0.65,step,-2
4215,1,10.3669,0.8,step,-1
4215,2,11.4574,0.95,step,0
4215,3,10.1523,1.1,step,1
4215,4,8.98167,1.25,step,2

frame,idx,score,alpha,step_norm,z_coarse
4216,0,7.30611,0.65,step,-2
4216,1,10.3764,0.8,step,-1
4216,2,11.4662,0.95,step,0
4216,3,10.1574,1.1,step,1
4216,4,8.98546,1.25,step,2

frame,idx,score,alpha,step_norm,z_coarse
4217,0,7.30491,0.65,step,-2
4217,1,10.3725,0.8,step,-1
4217,2,11.4585,0.95,step,0
4217,3,10.1503,1.1,step,1
4217,4,8.97976,1.25,step,2

frame,idx,score,alpha,step_norm,z_coarse
4218,0,7.30877,0.65,step,-2
4218,1,10.3773,0.8,step,-1
4218,2,11.4655,0.95,step,0
4218,3,10.1553,1.1,step,1
4218,4,8.98105,1.25,step,2

frame,idx,score,alpha,step_norm,z_coarse
4219,0,7.30686,0.65,step,-2
4219,1,10.3753,0.8,step,-1
4219,2,11.4614,0.95,step,0
4219,3,10.1535,1.1,step,1
4219,4,8.98312,1.25,step,2

frame,idx,score,alpha,step_norm,z_coarse
4220,0,7.3011,0.65,step,-2
4220,1,10.3659,0.8,step,-1
4220,2,11.4564,0.95,step,0
4220,3,10.1498,1.1,step,1
4220,4,8.97897,1.25,step,2

frame,idx,score,alpha,step_norm,z_coarse
4221,0,7.30107,0.65,step,-2
4221,1,10.3665,0.8,step,-1
4221,2,11.4622,0.95,step,0
4221,3,10.1561,1.1,step,1
4221,4,8.98364,1.25,step,2

frame,idx,score,alpha,step_norm,z_coarse
4222,0,7.30446,0.65,step,-2
4222,1,10.3696,0.8,step,-1
4222,2,11.4601,0.95,step,0
4222,3,10.1513,1.1,step,1
4222,4,8.97719,1.25,step,2

frame,idx,score,alpha,step_norm,z_coarse
4223,0,7.2999,0.65,step,-2
4223,1,10.3619,0.8,step,-1
4223,2,11.4539,0.95,step,0
4223,3,10.1479,1.1,step,1
4223,4,8.9775,1.25,step,2

frame,idx,score,alpha,step_norm,z_coarse
4224,0,7.29769,0.65,step,-2
4224,1,10.3583,0.8,step,-1
4224,2,11.455,0.95,step,0
4224,3,10.1505,1.1,step,1
4224,4,8.98008,1.25,step,2

frame,idx,score,alpha,step_norm,z_coarse
4225,0,7.30016,0.65,step,-2
4225,1,10.3652,0.8,step,-1
4225,2,11.459,0.95,step,0
4225,3,10.1544,1.1,step,1
4225,4,8.98337,1.25,step,2

frame,idx,score,alpha,step_norm,z_coarse
4226,0,7.29899,0.65,step,-2
4226,1,10.3661,0.8,step,-1
4226,2,11.466,0.95,step,0
4226,3,10.1604,1.1,step,1
4226,4,8.98732,1.25,step,2

frame,idx,score,alpha,step_norm,z_coarse
4227,0,7.29755,0.65,step,-2
4227,1,10.3605,0.8,step,-1
4227,2,11.4548,0.95,step,0
4227,3,10.1511,1.1,step,1
4227,4,8.98111,1.25,step,2

frame,idx,score,alpha,step_norm,z_coarse
4228,0,7.30344,0.65,step,-2
4228,1,10.3703,0.8,step,-1
4228,2,11.4602,0.95,step,0
4228,3,10.1518,1.1,step,1
4228,4,8.97945,1.25,step,2

frame,idx,score,alpha,step_norm,z_coarse
4229,0,7.29908,0.65,step,-2
4229,1,10.3638,0.8,step,-1
4229,2,11.4663,0.95,step,0
4229,3,10.1616,1.1,step,1
4229,4,8.98778,1.25,step,2

frame,idx,score,alpha,step_norm,z_coarse
4230,0,7.30246,0.65,step,-2
4230,1,10.3724,0.8,step,-1
4230,2,11.471,0.95,step,0
4230,3,10.163,1.1,step,1
4230,4,8.98792,1.25,step,2

frame,idx,score,alpha,step_norm,z_coarse
4231,0,7.29147,0.65,step,-2
4231,1,10.3572,0.8,step,-1
4231,2,11.4578,0.95,step,0
4231,3,10.153,1.1,step,1
4231,4,8.98084,1.25,step,2

frame,idx,score,alpha,step_norm,z_coarse
4232,0,7.29128,0.65,step,-2
4232,1,10.3526,0.8,step,-1
4232,2,11.4635,0.95,step,0
4232,3,10.1626,1.1,step,1
4232,4,8.99018,1.25,step,2

frame,idx,score,alpha,step_norm,z_coarse
4233,0,7.28983,0.65,step,-2
4233,1,10.3534,0.8,step,-1
4233,2,11.4594,0.95,step,0
4233,3,10.1578,1.1,step,1
4233,4,8.98515,1.25,step,2

frame,idx,score,alpha,step_norm,z_coarse
4234,0,7.29333,0.65,step,-2
4234,1,10.3553,0.8,step,-1
4234,2,11.4591,0.95,step,0
4234,3,10.1561,1.1,step,1
4234,4,8.98296,1.25,step,2

frame,idx,score,alpha,step_norm,z_coarse
4235,0,7.28245,0.65,step,-2
4235,1,10.343,0.8,step,-1
4235,2,11.4524,0.95,step,0
4235,3,10.1553,1.1,step,1
4235,4,8.98518,1.25,step,2

frame,idx,score,alpha,step_norm,z_coarse
4236,0,7.28099,0.65,step,-2
4236,1,10.3386,0.8,step,-1
4236,2,11.4589,0.95,step,0
4236,3,10.1646,1.1,step,1
4236,4,8.99373,1.25,step,2

frame,idx,score,alpha,step_norm,z_coarse
4237,0,7.26189,0.65,step,-2
4237,1,10.3151,0.8,step,-1
4237,2,11.4551,0.95,step,0
4237,3,10.1637,1.1,step,1
4237,4,8.98952,1.25,step,2

frame,idx,score,alpha,step_norm,z_coarse
4238,0,7.24544,0.65,step,-2
4238,1,10.2928,0.8,step,-1
4238,2,11.4512,0.95,step,0
4238,3,10.1699,1.1,step,1
4238,4,8.99923,1.25,step,2

frame,idx,score,alpha,step_norm,z_coarse
4239,0,7.23879,0.65,step,-2
4239,1,10.2846,0.8,step,-1
4239,2,11.4575,0.95,step,0
4239,3,10.1764,1.1,step,1
4239,4,9.00188,1.25,step,2

frame,idx,score,alpha,step_norm,z_coarse
4240,0,7.22692,0.65,step,-2
4240,1,10.2655,0.8,step,-1
4240,2,11.4499,0.95,step,0
4240,3,10.1752,1.1,step,1
4240,4,9.00335,1.25,step,2

frame,idx,score,alpha,step_norm,z_coarse
4241,0,7.22785,0.65,step,-2
4241,1,10.2724,0.8,step,-1
4241,2,11.4595,0.95,step,0
4241,3,10.1836,1.1,step,1
4241,4,9.00798,1.25,step,2

frame,idx,score,alpha,step_norm,z_coarse
4242,0,7.20811,0.65,step,-2
4242,1,10.2414,0.8,step,-1
4242,2,11.4509,0.95,step,0
4242,3,10.1858,1.1,step,1
4242,4,9.01172,1.25,step,2

frame,idx,score,alpha,step_norm,z_coarse
4243,0,7.2068,0.65,step,-2
4243,1,10.2373,0.8,step,-1
4243,2,11.4433,0.95,step,0
4243,3,10.1792,1.1,step,1
4243,4,9.00881,1.25,step,2

frame,idx,score,alpha,step_norm,z_coarse
4244,0,7.20466,0.65,step,-2
4244,1,10.2361,0.8,step,-1
4244,2,11.4476,0.95,step,0
4244,3,10.1845,1.1,step,1
4244,4,9.01482,1.25,step,2

frame,idx,score,alpha,step_norm,z_coarse
4245,0,7.18111,0.65,step,-2
4245,1,10.1991,0.8,step,-1
4245,2,11.4391,0.95,step,0
4245,3,10.1891,1.1,step,1
4245,4,9.01759,1.25,step,2

frame,idx,score,alpha,step_norm,z_coarse
4246,0,7.17574,0.65,step,-2
4246,1,10.1895,0.8,step,-1
4246,2,11.4326,0.95,step,0
4246,3,10.1882,1.1,step,1
4246,4,9.02214,1.25,step,2

frame,idx,score,alpha,step_norm,z_coarse
4247,0,7.15776,0.65,step,-2
4247,1,10.1685,0.8,step,-1
4247,2,11.4344,0.95,step,0
4247,3,10.1985,1.1,step,1
4247,4,9.03068,1.25,step,2

frame,idx,score,alpha,step_norm,z_coarse
4248,0,7.15215,0.65,step,-2
4248,1,10.1614,0.8,step,-1
4248,2,11.4316,0.95,step,0
4248,3,10.196,1.1,step,1
4248,4,9.02624,1.25,step,2

frame,idx,score,alpha,step_norm,z_coarse
4249,0,7.15445,0.65,step,-2
4249,1,10.1635,0.8,step,-1
4249,2,11.431,0.95,step,0
4249,3,10.1938,1.1,step,1
4249,4,9.02529,1.25,step,2

frame,idx,score,alpha,step_norm,z_coarse
4250,0,7.15896,0.65,step,-2
4250,1,10.1675,0.8,step,-1
4250,2,11.4378,0.95,step,0
4250,3,10.2005,1.1,step,1
4250,4,9.02992,1.25,step,2

frame,idx,score,alpha,step_norm,z_coarse
4251,0,7.14088,0.65,step,-2
4251,1,10.141,0.8,step,-1
4251,2,11.4276,0.95,step,0
4251,3,10.2017,1.1,step,1
4251,4,9.0343,1.25,step,2

frame,idx,score,alpha,step_norm,z_coarse
4252,0,7.13825,0.65,step,-2
4252,1,10.1427,0.8,step,-1
4252,2,11.4267,0.95,step,0
4252,3,10.1964,1.1,step,1
4252,4,9.02967,1.25,step,2

frame,idx,score,alpha,step_norm,z_coarse
4253,0,7.14234,0.65,step,-2
4253,1,10.1482,0.8,step,-1
4253,2,11.4336,0.95,step,0
4253,3,10.2028,1.1,step,1
4253,4,9.03348,1.25,step,2

frame,idx,score,alpha,step_norm,z_coarse
4254,0,7.12489,0.65,step,-2
4254,1,10.1233,0.8,step,-1
4254,2,11.419,0.95,step,0
4254,3,10.1966,1.1,step,1
4254,4,9.02993,1.25,step,2

frame,idx,score,alpha,step_norm,z_coarse
4255,0,7.12733,0.65,step,-2
4255,1,10.1158,0.8,step,-1
4255,2,11.4195,0.95,step,0
4255,3,10.2044,1.1,step,1
4255,4,9.03919,1.25,step,2

frame,idx,score,alpha,step_norm,z_coarse
4256,0,7.11869,0.65,step,-2
4256,1,10.1135,0.8,step,-1
4256,2,11.4216,0.95,step,0
4256,3,10.2065,1.1,step,1
4256,4,9.04123,1.25,step,2

frame,idx,score,alpha,step_norm,z_coarse
4257,0,7.11669,0.65,step,-2
4257,1,10.1071,0.8,step,-1
4257,2,11.424,0.95,step,0
4257,3,10.2093,1.1,step,1
4257,4,9.04109,1.25,step,2

frame,idx,score,alpha,step_norm,z_coarse
4258,0,7.12333,0.65,step,-2
4258,1,10.1143,0.8,step,-1
4258,2,11.4249,0.95,step,0
4258,3,10.2091,1.1,step,1
4258,4,9.04298,1.25,step,2

frame,idx,score,alpha,step_norm,z_coarse
4259,0,7.11349,0.65,step,-2
4259,1,10.1037,0.8,step,-1
4259,2,11.4184,0.95,step,0
4259,3,10.2056,1.1,step,1
4259,4,9.04029,1.25,step,2

frame,idx,score,alpha,step_norm,z_coarse
4260,0,7.11752,0.65,step,-2
4260,1,10.1042,0.8,step,-1
4260,2,11.4124,0.95,step,0
4260,3,10.2001,1.1,step,1
4260,4,9.03659,1.25,step,2

frame,idx,score,alpha,step_norm,z_coarse
4261,0,7.12443,0.65,step,-2
4261,1,10.1202,0.8,step,-1
4261,2,11.4197,0.95,step,0
4261,3,10.201,1.1,step,1
4261,4,9.03598,1.25,step,2

frame,idx,score,alpha,step_norm,z_coarse
4262,0,7.12016,0.65,step,-2
4262,1,10.1093,0.8,step,-1
4262,2,11.4182,0.95,step,0
4262,3,10.2046,1.1,step,1
4262,4,9.04078,1.25,step,2

frame,idx,score,alpha,step_norm,z_coarse
4263,0,7.11771,0.65,step,-2
4263,1,10.106,0.8,step,-1
4263,2,11.4166,0.95,step,0
4263,3,10.2032,1.1,step,1
4263,4,9.039,1.25,step,2

frame,idx,score,alpha,step_norm,z_coarse
4264,0,7.11883,0.65,step,-2
4264,1,10.1065,0.8,step,-1
4264,2,11.4158,0.95,step,0
4264,3,10.2028,1.1,step,1
4264,4,9.04029,1.25,step,2

frame,idx,score,alpha,step_norm,z_coarse
4265,0,7.11667,0.65,step,-2
4265,1,10.1052,0.8,step,-1
4265,2,11.418,0.95,step,0
4265,3,10.2063,1.1,step,1
4265,4,9.04243,1.25,step,2

frame,idx,score,alpha,step_norm,z_coarse
4266,0,7.11435,0.65,step,-2
4266,1,10.1029,0.8,step,-1
4266,2,11.4181,0.95,step,0
4266,3,10.2047,1.1,step,1
4266,4,9.03958,1.25,step,2

frame,idx,score,alpha,step_norm,z_coarse
4267,0,7.12548,0.65,step,-2
4267,1,10.1149,0.8,step,-1
4267,2,11.4221,0.95,step,0
4267,3,10.2063,1.1,step,1
4267,4,9.04056,1.25,step,2

frame,idx,score,alpha,step_norm,z_coarse
4268,0,7.12204,0.65,step,-2
4268,1,10.1137,0.8,step,-1
4268,2,11.4207,0.95,step,0
4268,3,10.2049,1.1,step,1
4268,4,9.03919,1.25,step,2

frame,idx,score,alpha,step_norm,z_coarse
4269,0,7.11772,0.65,step,-2
4269,1,10.1095,0.8,step,-1
4269,2,11.4203,0.95,step,0
4269,3,10.207,1.1,step,1
4269,4,9.04223,1.25,step,2

frame,idx,score,alpha,step_norm,z_coarse
4270,0,7.11393,0.65,step,-2
4270,1,10.1003,0.8,step,-1
4270,2,11.4193,0.95,step,0
4270,3,10.2088,1.1,step,1
4270,4,9.0436,1.25,step,2

frame,idx,score,alpha,step_norm,z_coarse
4271,0,7.11066,0.65,step,-2
4271,1,10.0993,0.8,step,-1
4271,2,11.4125,0.95,step,0
4271,3,10.1989,1.1,step,1
4271,4,9.03553,1.25,step,2

frame,idx,score,alpha,step_norm,z_coarse
4272,0,7.11846,0.65,step,-2
4272,1,10.1119,0.8,step,-1
4272,2,11.4254,0.95,step,0
4272,3,10.2095,1.1,step,1
4272,4,9.04232,1.25,step,2

frame,idx,score,alpha,step_norm,z_coarse
4273,0,7.12139,0.65,step,-2
4273,1,10.1129,0.8,step,-1
4273,2,11.4194,0.95,step,0
4273,3,10.2018,1.1,step,1
4273,4,9.03638,1.25,step,2

frame,idx,score,alpha,step_norm,z_coarse
4274,0,7.12089,0.65,step,-2
4274,1,10.1113,0.8,step,-1
4274,2,11.4197,0.95,step,0
4274,3,10.204,1.1,step,1
4274,4,9.03801,1.25,step,2

frame,idx,score,alpha,step_norm,z_coarse
4275,0,7.10898,0.65,step,-2
4275,1,10.0936,0.8,step,-1
4275,2,11.4141,0.95,step,0
4275,3,10.2037,1.1,step,1
4275,4,9.0401,1.25,step,2

frame,idx,score,alpha,step_norm,z_coarse
4276,0,7.11135,0.65,step,-2
4276,1,10.0989,0.8,step,-1
4276,2,11.4144,0.95,step,0
4276,3,10.205,1.1,step,1
4276,4,9.04178,1.25,step,2

frame,idx,score,alpha,step_norm,z_coarse
4277,0,7.11541,0.65,step,-2
4277,1,10.1044,0.8,step,-1
4277,2,11.4189,0.95,step,0
4277,3,10.2073,1.1,step,1
4277,4,9.0429,1.25,step,2

frame,idx,score,alpha,step_norm,z_coarse
4278,0,7.10643,0.65,step,-2
4278,1,10.0913,0.8,step,-1
4278,2,11.4176,0.95,step,0
4278,3,10.2117,1.1,step,1
4278,4,9.04785,1.25,step,2

frame,idx,score,alpha,step_norm,z_coarse
4279,0,7.1065,0.65,step,-2
4279,1,10.0934,0.8,step,-1
4279,2,11.4172,0.95,step,0
4279,3,10.2095,1.1,step,1
4279,4,9.04502,1.25,step,2

frame,idx,score,alpha,step_norm,z_coarse
4280,0,7.10627,0.65,step,-2
4280,1,10.087,0.8,step,-1
4280,2,11.4097,0.95,step,0
4280,3,10.2045,1.1,step,1
4280,4,9.04271,1.25,step,2

frame,idx,score,alpha,step_norm,z_coarse
4281,0,7.09393,0.65,step,-2
4281,1,10.0723,0.8,step,-1
4281,2,11.4068,0.95,step,0
4281,3,10.2081,1.1,step,1
4281,4,9.04626,1.25,step,2

frame,idx,score,alpha,step_norm,z_coarse
4282,0,7.09642,0.65,step,-2
4282,1,10.0725,0.8,step,-1
4282,2,11.4099,0.95,step,0
4282,3,10.2112,1.1,step,1
4282,4,9.04875,1.25,step,2

frame,idx,score,alpha,step_norm,z_coarse
4283,0,7.09683,0.65,step,-2
4283,1,10.0761,0.8,step,-1
4283,2,11.4125,0.95,step,0
4283,3,10.2143,1.1,step,1
4283,4,9.05442,1.25,step,2

frame,idx,score,alpha,step_norm,z_coarse
4284,0,7.0909,0.65,step,-2
4284,1,10.0642,0.8,step,-1
4284,2,11.4022,0.95,step,0
4284,3,10.2063,1.1,step,1
4284,4,9.04559,1.25,step,2

frame,idx,score,alpha,step_norm,z_coarse
4285,0,7.09877,0.65,step,-2
4285,1,10.0763,0.8,step,-1
4285,2,11.408,0.95,step,0
4285,3,10.209,1.1,step,1
4285,4,9.04833,1.25,step,2

frame,idx,score,alpha,step_norm,z_coarse
4286,0,7.0882,0.65,step,-2
4286,1,10.0621,0.8,step,-1
4286,2,11.4023,0.95,step,0
4286,3,10.2075,1.1,step,1
4286,4,9.04844,1.25,step,2

frame,idx,score,alpha,step_norm,z_coarse
4287,0,7.08809,0.65,step,-2
4287,1,10.0605,0.8,step,-1
4287,2,11.4012,0.95,step,0
4287,3,10.2061,1.1,step,1
4287,4,9.04562,1.25,step,2

frame,idx,score,alpha,step_norm,z_coarse
4288,0,7.07969,0.65,step,-2
4288,1,10.0541,0.8,step,-1
4288,2,11.4001,0.95,step,0
4288,3,10.2082,1.1,step,1
4288,4,9.0487,1.25,step,2

frame,idx,score,alpha,step_norm,z_coarse
4289,0,7.0779,0.65,step,-2
4289,1,10.0457,0.8,step,-1
4289,2,11.4001,0.95,step,0
4289,3,10.2126,1.1,step,1
4289,4,9.05424,1.25,step,2

frame,idx,score,alpha,step_norm,z_coarse
4290,0,7.07323,0.65,step,-2
4290,1,10.0423,0.8,step,-1
4290,2,11.3916,0.95,step,0
4290,3,10.2054,1.1,step,1
4290,4,9.05011,1.25,step,2

frame,idx,score,alpha,step_norm,z_coarse
4291,0,7.07081,0.65,step,-2
4291,1,10.0347,0.8,step,-1
4291,2,11.3911,0.95,step,0
4291,3,10.2069,1.1,step,1
4291,4,9.0484,1.25,step,2

frame,idx,score,alpha,step_norm,z_coarse
4292,0,7.05336,0.65,step,-2
4292,1,10.0112,0.8,step,-1
4292,2,11.3864,0.95,step,0
4292,3,10.2138,1.1,step,1
4292,4,9.05838,1.25,step,2

frame,idx,score,alpha,step_norm,z_coarse
4293,0,7.05654,0.65,step,-2
4293,1,10.0105,0.8,step,-1
4293,2,11.3841,0.95,step,0
4293,3,10.2114,1.1,step,1
4293,4,9.05634,1.25,step,2

frame,idx,score,alpha,step_norm,z_coarse
4294,0,7.06345,0.65,step,-2
4294,1,10.021,0.8,step,-1
4294,2,11.3936,0.95,step,0
4294,3,10.2163,1.1,step,1
4294,4,9.0587,1.25,step,2

frame,idx,score,alpha,step_norm,z_coarse
4295,0,7.05084,0.65,step,-2
4295,1,10.0082,0.8,step,-1
4295,2,11.3865,0.95,step,0
4295,3,10.2137,1.1,step,1
4295,4,9.05807,1.25,step,2

frame,idx,score,alpha,step_norm,z_coarse
4296,0,7.04814,0.65,step,-2
4296,1,10.0009,0.8,step,-1
4296,2,11.382,0.95,step,0
4296,3,10.2127,1.1,step,1
4296,4,9.06054,1.25,step,2

frame,idx,score,alpha,step_norm,z_coarse
4297,0,7.04293,0.65,step,-2
4297,1,9.99345,0.8,step,-1
4297,2,11.3795,0.95,step,0
4297,3,10.2132,1.1,step,1
4297,4,9.059,1.25,step,2

frame,idx,score,alpha,step_norm,z_coarse
4298,0,7.0391,0.65,step,-2
4298,1,9.98766,0.8,step,-1
4298,2,11.3793,0.95,step,0
4298,3,10.2173,1.1,step,1
4298,4,9.06256,1.25,step,2

frame,idx,score,alpha,step_norm,z_coarse
4299,0,7.0313,0.65,step,-2
4299,1,9.97032,0.8,step,-1
4299,2,11.3679,0.95,step,0
4299,3,10.2128,1.1,step,1
4299,4,9.0641,1.25,step,2

frame,idx,score,alpha,step_norm,z_coarse
4300,0,7.02195,0.65,step,-2
4300,1,9.95921,0.8,step,-1
4300,2,11.3652,0.95,step,0
4300,3,10.2174,1.1,step,1
4300,4,9.06955,1.25,step,2

frame,idx,score,alpha,step_norm,z_coarse
4301,0,7.01665,0.65,step,-2
4301,1,9.95316,0.8,step,-1
4301,2,11.3605,0.95,step,0
4301,3,10.2123,1.1,step,1
4301,4,9.06465,1.25,step,2

frame,idx,score,alpha,step_norm,z_coarse
4302,0,6.99441,0.65,step,-2
4302,1,9.91493,0.8,step,-1
4302,2,11.3473,0.95,step,0
4302,3,10.2155,1.1,step,1
4302,4,9.07184,1.25,step,2

frame,idx,score,alpha,step_norm,z_coarse
4303,0,6.99553,0.65,step,-2
4303,1,9.92204,0.8,step,-1
4303,2,11.3501,0.95,step,0
4303,3,10.2182,1.1,step,1
4303,4,9.0754,1.25,step,2

frame,idx,score,alpha,step_norm,z_coarse
4304,0,6.99496,0.65,step,-2
4304,1,9.91944,0.8,step,-1
4304,2,11.3485,0.95,step,0
4304,3,10.2162,1.1,step,1
4304,4,9.07181,1.25,step,2

frame,idx,score,alpha,step_norm,z_coarse
4305,0,6.99227,0.65,step,-2
4305,1,9.91874,0.8,step,-1
4305,2,11.3551,0.95,step,0
4305,3,10.222,1.1,step,1
4305,4,9.07527,1.25,step,2

frame,idx,score,alpha,step_norm,z_coarse
4306,0,6.9864,0.65,step,-2
4306,1,9.90625,0.8,step,-1
4306,2,11.343,0.95,step,0
4306,3,10.2166,1.1,step,1
4306,4,9.07606,1.25,step,2

frame,idx,score,alpha,step_norm,z_coarse
4307,0,6.97923,0.65,step,-2
4307,1,9.89242,0.8,step,-1
4307,2,11.3364,0.95,step,0
4307,3,10.2175,1.1,step,1
4307,4,9.07905,1.25,step,2

frame,idx,score,alpha,step_norm,z_coarse
4308,0,6.97783,0.65,step,-2
4308,1,9.8897,0.8,step,-1
4308,2,11.3357,0.95,step,0
4308,3,10.2179,1.1,step,1
4308,4,9.07876,1.25,step,2

frame,idx,score,alpha,step_norm,z_coarse
4309,0,6.97708,0.65,step,-2
4309,1,9.89106,0.8,step,-1
4309,2,11.3452,0.95,step,0
4309,3,10.2267,1.1,step,1
4309,4,9.08513,1.25,step,2

frame,idx,score,alpha,step_norm,z_coarse
4310,0,6.98061,0.65,step,-2
4310,1,9.89502,0.8,step,-1
4310,2,11.3403,0.95,step,0
4310,3,10.2206,1.1,step,1
4310,4,9.07971,1.25,step,2

frame,idx,score,alpha,step_norm,z_coarse
4311,0,6.97658,0.65,step,-2
4311,1,9.88755,0.8,step,-1
4311,2,11.3378,0.95,step,0
4311,3,10.2185,1.1,step,1
4311,4,9.07574,1.25,step,2

frame,idx,score,alpha,step_norm,z_coarse
4312,0,6.97162,0.65,step,-2
4312,1,9.87986,0.8,step,-1
4312,2,11.3398,0.95,step,0
4312,3,10.2262,1.1,step,1
4312,4,9.08561,1.25,step,2

frame,idx,score,alpha,step_norm,z_coarse
4313,0,6.96317,0.65,step,-2
4313,1,9.87237,0.8,step,-1
4313,2,11.331,0.95,step,0
4313,3,10.2196,1.1,step,1
4313,4,9.08169,1.25,step,2

frame,idx,score,alpha,step_norm,z_coarse
4314,0,6.95976,0.65,step,-2
4314,1,9.85796,0.8,step,-1
4314,2,11.323,0.95,step,0
4314,3,10.2213,1.1,step,1
4314,4,9.08675,1.25,step,2

frame,idx,score,alpha,step_norm,z_coarse
4315,0,6.9582,0.65,step,-2
4315,1,9.86248,0.8,step,-1
4315,2,11.3301,0.95,step,0
4315,3,10.2244,1.1,step,1
4315,4,9.08544,1.25,step,2

frame,idx,score,alpha,step_norm,z_coarse
4316,0,6.96215,0.65,step,-2
4316,1,9.86604,0.8,step,-1
4316,2,11.3266,0.95,step,0
4316,3,10.2192,1.1,step,1
4316,4,9.08405,1.25,step,2

frame,idx,score,alpha,step_norm,z_coarse
4317,0,6.95823,0.65,step,-2
4317,1,9.86157,0.8,step,-1
4317,2,11.3291,0.95,step,0
4317,3,10.2251,1.1,step,1
4317,4,9.08792,1.25,step,2

frame,idx,score,alpha,step_norm,z_coarse
4318,0,6.95205,0.65,step,-2
4318,1,9.85334,0.8,step,-1
4318,2,11.3219,0.95,step,0
4318,3,10.2226,1.1,step,1
4318,4,9.08907,1.25,step,2

frame,idx,score,alpha,step_norm,z_coarse
4319,0,6.9433,0.65,step,-2
4319,1,9.83532,0.8,step,-1
4319,2,11.3127,0.95,step,0
4319,3,10.2181,1.1,step,1
4319,4,9.08541,1.25,step,2

frame,idx,score,alpha,step_norm,z_coarse
4320,0,6.94715,0.65,step,-2
4320,1,9.84601,0.8,step,-1
4320,2,11.322,0.95,step,0
4320,3,10.2262,1.1,step,1
4320,4,9.09272,1.25,step,2

frame,idx,score,alpha,step_norm,z_coarse
4321,0,6.94283,0.65,step,-2
4321,1,9.83906,0.8,step,-1
4321,2,11.3133,0.95,step,0
4321,3,10.2195,1.1,step,1
4321,4,9.08865,1.25,step,2

frame,idx,score,alpha,step_norm,z_coarse
4322,0,6.94094,0.65,step,-2
4322,1,9.83422,0.8,step,-1
4322,2,11.3112,0.95,step,0
4322,3,10.2199,1.1,step,1
4322,4,9.09044,1.25,step,2

frame,idx,score,alpha,step_norm,z_coarse
4323,0,6.92739,0.65,step,-2
4323,1,9.81819,0.8,step,-1
4323,2,11.3074,0.95,step,0
4323,3,10.2223,1.1,step,1
4323,4,9.0924,1.25,step,2

frame,idx,score,alpha,step_norm,z_coarse
4324,0,6.93555,0.65,step,-2
4324,1,9.82794,0.8,step,-1
4324,2,11.3113,0.95,step,0
4324,3,10.2212,1.1,step,1
4324,4,9.08992,1.25,step,2

frame,idx,score,alpha,step_norm,z_coarse
4325,0,6.93091,0.65,step,-2
4325,1,9.82016,0.8,step,-1
4325,2,11.3115,0.95,step,0
4325,3,10.2293,1.1,step,1
4325,4,9.10091,1.25,step,2

frame,idx,score,alpha,step_norm,z_coarse
4326,0,6.92658,0.65,step,-2
4326,1,9.80982,0.8,step,-1
4326,2,11.3054,0.95,step,0
4326,3,10.2246,1.1,step,1
4326,4,9.09482,1.25,step,2

frame,idx,score,alpha,step_norm,z_coarse
4327,0,6.92998,0.65,step,-2
4327,1,9.81907,0.8,step,-1
4327,2,11.3101,0.95,step,0
4327,3,10.2252,1.1,step,1
4327,4,9.09566,1.25,step,2

frame,idx,score,alpha,step_norm,z_coarse
4328,0,6.92312,0.65,step,-2
4328,1,9.80723,0.8,step,-1
4328,2,11.3049,0.95,step,0
4328,3,10.2274,1.1,step,1
4328,4,9.09849,1.25,step,2

frame,idx,score,alpha,step_norm,z_coarse
4329,0,6.92329,0.65,step,-2
4329,1,9.80598,0.8,step,-1
4329,2,11.3019,0.95,step,0
4329,3,10.2246,1.1,step,1
4329,4,9.09762,1.25,step,2

frame,idx,score,alpha,step_norm,z_coarse
4330,0,6.93187,0.65,step,-2
4330,1,9.81927,0.8,step,-1
4330,2,11.3108,0.95,step,0
4330,3,10.2256,1.1,step,1
4330,4,9.09514,1.25,step,2

frame,idx,score,alpha,step_norm,z_coarse
4331,0,6.9279,0.65,step,-2
4331,1,9.81303,0.8,step,-1
4331,2,11.3073,0.95,step,0
4331,3,10.2257,1.1,step,1
4331,4,9.09692,1.25,step,2

frame,idx,score,alpha,step_norm,z_coarse
4332,0,6.92081,0.65,step,-2
4332,1,9.80248,0.8,step,-1
4332,2,11.3026,0.95,step,0
4332,3,10.2252,1.1,step,1
4332,4,9.09793,1.25,step,2

frame,idx,score,alpha,step_norm,z_coarse
4333,0,6.93096,0.65,step,-2
4333,1,9.81564,0.8,step,-1
4333,2,11.3044,0.95,step,0
4333,3,10.2216,1.1,step,1
4333,4,9.09395,1.25,step,2

frame,idx,score,alpha,step_norm,z_coarse
4334,0,6.92837,0.65,step,-2
4334,1,9.81102,0.8,step,-1
4334,2,11.3035,0.95,step,0
4334,3,10.2235,1.1,step,1
4334,4,9.09523,1.25,step,2

frame,idx,score,alpha,step_norm,z_coarse
4335,0,6.92452,0.65,step,-2
4335,1,9.81149,0.8,step,-1
4335,2,11.3056,0.95,step,0
4335,3,10.2247,1.1,step,1
4335,4,9.09632,1.25,step,2

frame,idx,score,alpha,step_norm,z_coarse
4336,0,6.92817,0.65,step,-2
4336,1,9.81228,0.8,step,-1
4336,2,11.3099,0.95,step,0
4336,3,10.2309,1.1,step,1
4336,4,9.10314,1.25,step,2

frame,idx,score,alpha,step_norm,z_coarse
4337,0,6.92703,0.65,step,-2
4337,1,9.81566,0.8,step,-1
4337,2,11.309,0.95,step,0
4337,3,10.2256,1.1,step,1
4337,4,9.09434,1.25,step,2

frame,idx,score,alpha,step_norm,z_coarse
4338,0,6.92534,0.65,step,-2
4338,1,9.8122,0.8,step,-1
4338,2,11.3019,0.95,step,0
4338,3,10.2207,1.1,step,1
4338,4,9.09283,1.25,step,2

frame,idx,score,alpha,step_norm,z_coarse
4339,0,6.92484,0.65,step,-2
4339,1,9.80955,0.8,step,-1
4339,2,11.3089,0.95,step,0
4339,3,10.2301,1.1,step,1
4339,4,9.10277,1.25,step,2

frame,idx,score,alpha,step_norm,z_coarse
4340,0,6.9208,0.65,step,-2
4340,1,9.80294,0.8,step,-1
4340,2,11.3009,0.95,step,0
4340,3,10.2223,1.1,step,1
4340,4,9.09479,1.25,step,2

frame,idx,score,alpha,step_norm,z_coarse
4341,0,6.91819,0.65,step,-2
4341,1,9.79889,0.8,step,-1
4341,2,11.2976,0.95,step,0
4341,3,10.2244,1.1,step,1
4341,4,9.10018,1.25,step,2

frame,idx,score,alpha,step_norm,z_coarse
4342,0,6.91982,0.65,step,-2
4342,1,9.79958,0.8,step,-1
4342,2,11.2998,0.95,step,0
4342,3,10.2246,1.1,step,1
4342,4,9.09879,1.25,step,2

frame,idx,score,alpha,step_norm,z_coarse
4343,0,6.92536,0.65,step,-2
4343,1,9.81125,0.8,step,-1
4343,2,11.3077,0.95,step,0
4343,3,10.23,1.1,step,1
4343,4,9.10184,1.25,step,2

frame,idx,score,alpha,step_norm,z_coarse
4344,0,6.92632,0.65,step,-2
4344,1,9.81349,0.8,step,-1
4344,2,11.3118,0.95,step,0
4344,3,10.2302,1.1,step,1
4344,4,9.10019,1.25,step,2

frame,idx,score,alpha,step_norm,z_coarse
4345,0,6.92607,0.65,step,-2
4345,1,9.80998,0.8,step,-1
4345,2,11.3113,0.95,step,0
4345,3,10.2362,1.1,step,1
4345,4,9.10819,1.25,step,2

frame,idx,score,alpha,step_norm,z_coarse
4346,0,6.92567,0.65,step,-2
4346,1,9.80943,0.8,step,-1
4346,2,11.307,0.95,step,0
4346,3,10.2282,1.1,step,1
4346,4,9.10103,1.25,step,2

frame,idx,score,alpha,step_norm,z_coarse
4347,0,6.92136,0.65,step,-2
4347,1,9.80861,0.8,step,-1
4347,2,11.3127,0.95,step,0
4347,3,10.2325,1.1,step,1
4347,4,9.10202,1.25,step,2

frame,idx,score,alpha,step_norm,z_coarse
4348,0,6.92693,0.65,step,-2
4348,1,9.80672,0.8,step,-1
4348,2,11.3022,0.95,step,0
4348,3,10.2249,1.1,step,1
4348,4,9.09958,1.25,step,2

frame,idx,score,alpha,step_norm,z_coarse
4349,0,6.92564,0.65,step,-2
4349,1,9.81154,0.8,step,-1
4349,2,11.3127,0.95,step,0
4349,3,10.2332,1.1,step,1
4349,4,9.10252,1.25,step,2

frame,idx,score,alpha,step_norm,z_coarse
4350,0,6.92534,0.65,step,-2
4350,1,9.81381,0.8,step,-1
4350,2,11.3108,0.95,step,0
4350,3,10.2282,1.1,step,1
4350,4,9.09774,1.25,step,2

frame,idx,score,alpha,step_norm,z_coarse
4351,0,6.93147,0.65,step,-2
4351,1,9.81545,0.8,step,-1
4351,2,11.309,0.95,step,0
4351,3,10.2264,1.1,step,1
4351,4,9.09628,1.25,step,2

frame,idx,score,alpha,step_norm,z_coarse
4352,0,6.92291,0.65,step,-2
4352,1,9.80652,0.8,step,-1
4352,2,11.3066,0.95,step,0
4352,3,10.2295,1.1,step,1
4352,4,9.10174,1.25,step,2

frame,idx,score,alpha,step_norm,z_coarse
4353,0,6.92384,0.65,step,-2
4353,1,9.80434,0.8,step,-1
4353,2,11.3066,0.95,step,0
4353,3,10.2285,1.1,step,1
4353,4,9.10015,1.25,step,2

frame,idx,score,alpha,step_norm,z_coarse
4354,0,6.92376,0.65,step,-2
4354,1,9.80925,0.8,step,-1
4354,2,11.3098,0.95,step,0
4354,3,10.2319,1.1,step,1
4354,4,9.10439,1.25,step,2

frame,idx,score,alpha,step_norm,z_coarse
4355,0,6.9258,0.65,step,-2
4355,1,9.81029,0.8,step,-1
4355,2,11.3077,0.95,step,0
4355,3,10.2295,1.1,step,1
4355,4,9.10054,1.25,step,2

frame,idx,score,alpha,step_norm,z_coarse
4356,0,6.92476,0.65,step,-2
4356,1,9.81148,0.8,step,-1
4356,2,11.3067,0.95,step,0
4356,3,10.2255,1.1,step,1
4356,4,9.09636,1.25,step,2

frame,idx,score,alpha,step_norm,z_coarse
4357,0,6.92628,0.65,step,-2
4357,1,9.8157,0.8,step,-1
4357,2,11.3085,0.95,step,0
4357,3,10.2279,1.1,step,1
4357,4,9.10022,1.25,step,2

frame,idx,score,alpha,step_norm,z_coarse
4358,0,6.92618,0.65,step,-2
4358,1,9.81185,0.8,step,-1
4358,2,11.3098,0.95,step,0
4358,3,10.23,1.1,step,1
4358,4,9.09945,1.25,step,2

frame,idx,score,alpha,step_norm,z_coarse
4359,0,6.91955,0.65,step,-2
4359,1,9.80194,0.8,step,-1
4359,2,11.308,0.95,step,0
4359,3,10.2341,1.1,step,1
4359,4,9.10621,1.25,step,2

frame,idx,score,alpha,step_norm,z_coarse
4360,0,6.92686,0.65,step,-2
4360,1,9.81274,0.8,step,-1
4360,2,11.309,0.95,step,0
4360,3,10.2277,1.1,step,1
4360,4,9.09774,1.25,step,2

frame,idx,score,alpha,step_norm,z_coarse
4361,0,6.91709,0.65,step,-2
4361,1,9.79815,0.8,step,-1
4361,2,11.3041,0.95,step,0
4361,3,10.2297,1.1,step,1
4361,4,9.10158,1.25,step,2

frame,idx,score,alpha,step_norm,z_coarse
4362,0,6.92824,0.65,step,-2
4362,1,9.81243,0.8,step,-1
4362,2,11.3067,0.95,step,0
4362,3,10.228,1.1,step,1
4362,4,9.09934,1.25,step,2

frame,idx,score,alpha,step_norm,z_coarse
4363,0,6.92374,0.65,step,-2
4363,1,9.80831,0.8,step,-1
4363,2,11.3074,0.95,step,0
4363,3,10.2297,1.1,step,1
4363,4,9.10206,1.25,step,2

frame,idx,score,alpha,step_norm,z_coarse
4364,0,6.91607,0.65,step,-2
4364,1,9.8002,0.8,step,-1
4364,2,11.3035,0.95,step,0
4364,3,10.2266,1.1,step,1
4364,4,9.0982,1.25,step,2

frame,idx,score,alpha,step_norm,z_coarse
4365,0,6.92851,0.65,step,-2
4365,1,9.81157,0.8,step,-1
4365,2,11.3091,0.95,step,0
4365,3,10.2317,1.1,step,1
4365,4,9.10338,1.25,step,2

frame,idx,score,alpha,step_norm,z_coarse
4366,0,6.92223,0.65,step,-2
4366,1,9.80641,0.8,step,-1
4366,2,11.3019,0.95,step,0
4366,3,10.2243,1.1,step,1
4366,4,9.09695,1.25,step,2

frame,idx,score,alpha,step_norm,z_coarse
4367,0,6.92006,0.65,step,-2
4367,1,9.80176,0.8,step,-1
4367,2,11.3056,0.95,step,0
4367,3,10.2282,1.1,step,1
4367,4,9.09871,1.25,step,2

frame,idx,score,alpha,step_norm,z_coarse
4368,0,6.92414,0.65,step,-2
4368,1,9.80781,0.8,step,-1
4368,2,11.3088,0.95,step,0
4368,3,10.2308,1.1,step,1
4368,4,9.10185,1.25,step,2

frame,idx,score,alpha,step_norm,z_coarse
4369,0,6.92684,0.65,step,-2
4369,1,9.80997,0.8,step,-1
4369,2,11.3056,0.95,step,0
4369,3,10.2281,1.1,step,1
4369,4,9.09957,1.25,step,2

frame,idx,score,alpha,step_norm,z_coarse
4370,0,6.91369,0.65,step,-2
4370,1,9.7929,0.8,step,-1
4370,2,11.2972,0.95,step,0
4370,3,10.2249,1.1,step,1
4370,4,9.09885,1.25,step,2

frame,idx,score,alpha,step_norm,z_coarse
4371,0,6.92032,0.65,step,-2
4371,1,9.80084,0.8,step,-1
4371,2,11.3085,0.95,step,0
4371,3,10.2352,1.1,step,1
4371,4,9.10772,1.25,step,2

frame,idx,score,alpha,step_norm,z_coarse
4372,0,6.91818,0.65,step,-2
4372,1,9.80014,0.8,step,-1
4372,2,11.2996,0.95,step,0
4372,3,10.2239,1.1,step,1
4372,4,9.09711,1.25,step,2

frame,idx,score,alpha,step_norm,z_coarse
4373,0,6.92071,0.65,step,-2
4373,1,9.80217,0.8,step,-1
4373,2,11.3035,0.95,step,0
4373,3,10.2272,1.1,step,1
4373,4,9.09846,1.25,step,2

frame,idx,score,alpha,step_norm,z_coarse
4374,0,6.92796,0.65,step,-2
4374,1,9.81574,0.8,step,-1
4374,2,11.3113,0.95,step,0
4374,3,10.229,1.1,step,1
4374,4,9.09791,1.25,step,2

frame,idx,score,alpha,step_norm,z_coarse
4375,0,6.91887,0.65,step,-2
4375,1,9.79756,0.8,step,-1
4375,2,11.3,0.95,step,0
4375,3,10.2271,1.1,step,1
4375,4,9.09981,1.25,step,2

frame,idx,score,alpha,step_norm,z_coarse
4376,0,6.92513,0.65,step,-2
4376,1,9.80659,0.8,step,-1
4376,2,11.3006,0.95,step,0
4376,3,10.223,1.1,step,1
4376,4,9.09718,1.25,step,2

frame,idx,score,alpha,step_norm,z_coarse
4377,0,6.92112,0.65,step,-2
4377,1,9.80118,0.8,step,-1
4377,2,11.3043,0.95,step,0
4377,3,10.2296,1.1,step,1
4377,4,9.10221,1.25,step,2

frame,idx,score,alpha,step_norm,z_coarse
4378,0,6.9229,0.65,step,-2
4378,1,9.80791,0.8,step,-1
4378,2,11.3077,0.95,step,0
4378,3,10.2298,1.1,step,1
4378,4,9.10163,1.25,step,2

frame,idx,score,alpha,step_norm,z_coarse
4379,0,6.92331,0.65,step,-2
4379,1,9.80946,0.8,step,-1
4379,2,11.3023,0.95,step,0
4379,3,10.2228,1.1,step,1
4379,4,9.09539,1.25,step,2

frame,idx,score,alpha,step_norm,z_coarse
4380,0,6.91993,0.65,step,-2
4380,1,9.80188,0.8,step,-1
4380,2,11.302,0.95,step,0
4380,3,10.2281,1.1,step,1
4380,4,9.10399,1.25,step,2

frame,idx,score,alpha,step_norm,z_coarse
4381,0,6.92401,0.65,step,-2
4381,1,9.8079,0.8,step,-1
4381,2,11.3066,0.95,step,0
4381,3,10.2301,1.1,step,1
4381,4,9.10216,1.25,step,2

frame,idx,score,alpha,step_norm,z_coarse
4382,0,6.9243,0.65,step,-2
4382,1,9.81155,0.8,step,-1
4382,2,11.31,0.95,step,0
4382,3,10.2308,1.1,step,1
4382,4,9.10123,1.25,step,2

frame,idx,score,alpha,step_norm,z_coarse
4383,0,6.91998,0.65,step,-2
4383,1,9.80184,0.8,step,-1
4383,2,11.3027,0.95,step,0
4383,3,10.2271,1.1,step,1
4383,4,9.10002,1.25,step,2

frame,idx,score,alpha,step_norm,z_coarse
4384,0,6.92016,0.65,step,-2
4384,1,9.80397,0.8,step,-1
4384,2,11.308,0.95,step,0
4384,3,10.2306,1.1,step,1
4384,4,9.10163,1.25,step,2

frame,idx,score,alpha,step_norm,z_coarse
4385,0,6.91897,0.65,step,-2
4385,1,9.80491,0.8,step,-1
4385,2,11.3052,0.95,step,0
4385,3,10.2271,1.1,step,1
4385,4,9.09827,1.25,step,2

frame,idx,score,alpha,step_norm,z_coarse
4386,0,6.92318,0.65,step,-2
4386,1,9.80429,0.8,step,-1
4386,2,11.3012,0.95,step,0
4386,3,10.2236,1.1,step,1
4386,4,9.09725,1.25,step,2

frame,idx,score,alpha,step_norm,z_coarse
4387,0,6.92105,0.65,step,-2
4387,1,9.80326,0.8,step,-1
4387,2,11.3004,0.95,step,0
4387,3,10.2262,1.1,step,1
4387,4,9.10166,1.25,step,2

frame,idx,score,alpha,step_norm,z_coarse
4388,0,6.924,0.65,step,-2
4388,1,9.81065,0.8,step,-1
4388,2,11.3123,0.95,step,0
4388,3,10.2334,1.1,step,1
4388,4,9.10274,1.25,step,2

frame,idx,score,alpha,step_norm,z_coarse
4389,0,6.91836,0.65,step,-2
4389,1,9.80319,0.8,step,-1
4389,2,11.3072,0.95,step,0
4389,3,10.231,1.1,step,1
4389,4,9.10254,1.25,step,2

frame,idx,score,alpha,step_norm,z_coarse
4390,0,6.91538,0.65,step,-2
4390,1,9.79578,0.8,step,-1
4390,2,11.2984,0.95,step,0
4390,3,10.2229,1.1,step,1
4390,4,9.09682,1.25,step,2

frame,idx,score,alpha,step_norm,z_coarse
4391,0,6.92215,0.65,step,-2
4391,1,9.80582,0.8,step,-1
4391,2,11.3065,0.95,step,0
4391,3,10.2295,1.1,step,1
4391,4,9.10278,1.25,step,2

frame,idx,score,alpha,step_norm,z_coarse
4392,0,6.92736,0.65,step,-2
4392,1,9.81277,0.8,step,-1
4392,2,11.306,0.95,step,0
4392,3,10.225,1.1,step,1
4392,4,9.0981,1.25,step,2

frame,idx,score,alpha,step_norm,z_coarse
4393,0,6.91817,0.65,step,-2
4393,1,9.80164,0.8,step,-1
4393,2,11.3058,0.95,step,0
4393,3,10.2307,1.1,step,1
4393,4,9.10175,1.25,step,2

frame,idx,score,alpha,step_norm,z_coarse
4394,0,6.91858,0.65,step,-2
4394,1,9.79961,0.8,step,-1
4394,2,11.3027,0.95,step,0
4394,3,10.2269,1.1,step,1
4394,4,9.09986,1.25,step,2

frame,idx,score,alpha,step_norm,z_coarse
4395,0,6.91977,0.65,step,-2
4395,1,9.79904,0.8,step,-1
4395,2,11.3013,0.95,step,0
4395,3,10.23,1.1,step,1
4395,4,9.10506,1.25,step,2

frame,idx,score,alpha,step_norm,z_coarse
4396,0,6.91997,0.65,step,-2
4396,1,9.8051,0.8,step,-1
4396,2,11.302,0.95,step,0
4396,3,10.2244,1.1,step,1
4396,4,9.09768,1.25,step,2

frame,idx,score,alpha,step_norm,z_coarse
4397,0,6.92434,0.65,step,-2
4397,1,9.80809,0.8,step,-1
4397,2,11.3089,0.95,step,0
4397,3,10.2302,1.1,step,1
4397,4,9.10125,1.25,step,2

frame,idx,score,alpha,step_norm,z_coarse
4398,0,6.92017,0.65,step,-2
4398,1,9.80198,0.8,step,-1
4398,2,11.3061,0.95,step,0
4398,3,10.2326,1.1,step,1
4398,4,9.10525,1.25,step,2

frame,idx,score,alpha,step_norm,z_coarse
4399,0,6.91873,0.65,step,-2
4399,1,9.80231,0.8,step,-1
4399,2,11.3015,0.95,step,0
4399,3,10.2247,1.1,step,1
4399,4,9.09736,1.25,step,2

frame,idx,score,alpha,step_norm,z_coarse
4400,0,6.92381,0.65,step,-2
4400,1,9.80494,0.8,step,-1
4400,2,11.3051,0.95,step,0
4400,3,10.2279,1.1,step,1
4400,4,9.10047,1.25,step,2

frame,idx,score,alpha,step_norm,z_coarse
4401,0,6.92754,0.65,step,-2
4401,1,9.81283,0.8,step,-1
4401,2,11.3062,0.95,step,0
4401,3,10.227,1.1,step,1
4401,4,9.09935,1.25,step,2

frame,idx,score,alpha,step_norm,z_coarse
4402,0,6.92586,0.65,step,-2
4402,1,9.81613,0.8,step,-1
4402,2,11.3117,0.95,step,0
4402,3,10.2285,1.1,step,1
4402,4,9.09728,1.25,step,2

frame,idx,score,alpha,step_norm,z_coarse
4403,0,6.9198,0.65,step,-2
4403,1,9.80274,0.8,step,-1
4403,2,11.3015,0.95,step,0
4403,3,10.2248,1.1,step,1
4403,4,9.09874,1.25,step,2

frame,idx,score,alpha,step_norm,z_coarse
4404,0,6.91735,0.65,step,-2
4404,1,9.79963,0.8,step,-1
4404,2,11.3037,0.95,step,0
4404,3,10.2287,1.1,step,1
4404,4,9.10187,1.25,step,2

frame,idx,score,alpha,step_norm,z_coarse
4405,0,6.91802,0.65,step,-2
4405,1,9.79815,0.8,step,-1
4405,2,11.2972,0.95,step,0
4405,3,10.2242,1.1,step,1
4405,4,9.10014,1.25,step,2

frame,idx,score,alpha,step_norm,z_coarse
4406,0,6.92399,0.65,step,-2
4406,1,9.80557,0.8,step,-1
4406,2,11.3031,0.95,step,0
4406,3,10.2273,1.1,step,1
4406,4,9.09946,1.25,step,2

frame,idx,score,alpha,step_norm,z_coarse
4407,0,6.92207,0.65,step,-2
4407,1,9.80792,0.8,step,-1
4407,2,11.3064,0.95,step,0
4407,3,10.2267,1.1,step,1
4407,4,9.09783,1.25,step,2

frame,idx,score,alpha,step_norm,z_coarse
4408,0,6.92808,0.65,step,-2
4408,1,9.81452,0.8,step,-1
4408,2,11.31,0.95,step,0
4408,3,10.2294,1.1,step,1
4408,4,9.09976,1.25,step,2

frame,idx,score,alpha,step_norm,z_coarse
4409,0,6.92381,0.65,step,-2
4409,1,9.80883,0.8,step,-1
4409,2,11.3046,0.95,step,0
4409,3,10.226,1.1,step,1
4409,4,9.09828,1.25,step,2

frame,idx,score,alpha,step_norm,z_coarse
4410,0,6.91475,0.65,step,-2
4410,1,9.7931,0.8,step,-1
4410,2,11.2985,0.95,step,0
4410,3,10.2282,1.1,step,1
4410,4,9.10363,1.25,step,2

frame,idx,score,alpha,step_norm,z_coarse
4411,0,6.92464,0.65,step,-2
4411,1,9.80568,0.8,step,-1
4411,2,11.3056,0.95,step,0
4411,3,10.2282,1.1,step,1
4411,4,9.09995,1.25,step,2

frame,idx,score,alpha,step_norm,z_coarse
4412,0,6.92618,0.65,step,-2
4412,1,9.81448,0.8,step,-1
4412,2,11.3083,0.95,step,0
4412,3,10.2279,1.1,step,1
4412,4,9.09989,1.25,step,2

frame,idx,score,alpha,step_norm,z_coarse
4413,0,6.92122,0.65,step,-2
4413,1,9.80127,0.8,step,-1
4413,2,11.2992,0.95,step,0
4413,3,10.2251,1.1,step,1
4413,4,9.10034,1.25,step,2

frame,idx,score,alpha,step_norm,z_coarse
4414,0,6.91955,0.65,step,-2
4414,1,9.80032,0.8,step,-1
4414,2,11.3039,0.95,step,0
4414,3,10.2277,1.1,step,1
4414,4,9.10056,1.25,step,2

frame,idx,score,alpha,step_norm,z_coarse
4415,0,6.91686,0.65,step,-2
4415,1,9.79944,0.8,step,-1
4415,2,11.302,0.95,step,0
4415,3,10.2274,1.1,step,1
4415,4,9.10056,1.25,step,2

frame,idx,score,alpha,step_norm,z_coarse
4416,0,6.92268,0.65,step,-2
4416,1,9.80751,0.8,step,-1
4416,2,11.3081,0.95,step,0
4416,3,10.2309,1.1,step,1
4416,4,9.10322,1.25,step,2

frame,idx,score,alpha,step_norm,z_coarse
4417,0,6.92051,0.65,step,-2
4417,1,9.80053,0.8,step,-1
4417,2,11.2982,0.95,step,0
4417,3,10.2239,1.1,step,1
4417,4,9.0994,1.25,step,2

frame,idx,score,alpha,step_norm,z_coarse
4418,0,6.9147,0.65,step,-2
4418,1,9.79371,0.8,step,-1
4418,2,11.2978,0.95,step,0
4418,3,10.2244,1.1,step,1
4418,4,9.09793,1.25,step,2

frame,idx,score,alpha,step_norm,z_coarse
4419,0,6.91657,0.65,step,-2
4419,1,9.79584,0.8,step,-1
4419,2,11.3017,0.95,step,0
4419,3,10.23,1.1,step,1
4419,4,9.10443,1.25,step,2

frame,idx,score,alpha,step_norm,z_coarse
4420,0,6.92121,0.65,step,-2
4420,1,9.80228,0.8,step,-1
4420,2,11.3032,0.95,step,0
4420,3,10.2261,1.1,step,1
4420,4,9.09783,1.25,step,2

frame,idx,score,alpha,step_norm,z_coarse
4421,0,6.92358,0.65,step,-2
4421,1,9.81045,0.8,step,-1
4421,2,11.3089,0.95,step,0
4421,3,10.2301,1.1,step,1
4421,4,9.1007,1.25,step,2

frame,idx,score,alpha,step_norm,z_coarse
4422,0,6.92056,0.65,step,-2
4422,1,9.80527,0.8,step,-1
4422,2,11.307,0.95,step,0
4422,3,10.23,1.1,step,1
4422,4,9.10239,1.25,step,2

frame,idx,score,alpha,step_norm,z_coarse
4423,0,6.91861,0.65,step,-2
4423,1,9.7964,0.8,step,-1
4423,2,11.3009,0.95,step,0
4423,3,10.2283,1.1,step,1
4423,4,9.10296,1.25,step,2

frame,idx,score,alpha,step_norm,z_coarse
4424,0,6.91417,0.65,step,-2
4424,1,9.79164,0.8,step,-1
4424,2,11.2995,0.95,step,0
4424,3,10.231,1.1,step,1
4424,4,9.10638,1.25,step,2

frame,idx,score,alpha,step_norm,z_coarse
4425,0,6.91401,0.65,step,-2
4425,1,9.79564,0.8,step,-1
4425,2,11.3047,0.95,step,0
4425,3,10.2329,1.1,step,1
4425,4,9.10542,1.25,step,2

frame,idx,score,alpha,step_norm,z_coarse
4426,0,6.91427,0.65,step,-2
4426,1,9.79627,0.8,step,-1
4426,2,11.3026,0.95,step,0
4426,3,10.23,1.1,step,1
4426,4,9.10392,1.25,step,2

frame,idx,score,alpha,step_norm,z_coarse
4427,0,6.91988,0.65,step,-2
4427,1,9.80275,0.8,step,-1
4427,2,11.3036,0.95,step,0
4427,3,10.2257,1.1,step,1
4427,4,9.09725,1.25,step,2

frame,idx,score,alpha,step_norm,z_coarse
4428,0,6.92173,0.65,step,-2
4428,1,9.80463,0.8,step,-1
4428,2,11.3038,0.95,step,0
4428,3,10.228,1.1,step,1
4428,4,9.10083,1.25,step,2

frame,idx,score,alpha,step_norm,z_coarse
4429,0,6.91776,0.65,step,-2
4429,1,9.79909,0.8,step,-1
4429,2,11.3001,0.95,step,0
4429,3,10.2234,1.1,step,1
4429,4,9.09649,1.25,step,2

frame,idx,score,alpha,step_norm,z_coarse
4430,0,6.91649,0.65,step,-2
4430,1,9.79825,0.8,step,-1
4430,2,11.2999,0.95,step,0
4430,3,10.2273,1.1,step,1
4430,4,9.10203,1.25,step,2

frame,idx,score,alpha,step_norm,z_coarse
4431,0,6.91498,0.65,step,-2
4431,1,9.79611,0.8,step,-1
4431,2,11.3072,0.95,step,0
4431,3,10.2357,1.1,step,1
4431,4,9.10855,1.25,step,2

frame,idx,score,alpha,step_norm,z_coarse
4432,0,6.91595,0.65,step,-2
4432,1,9.79528,0.8,step,-1
4432,2,11.3012,0.95,step,0
4432,3,10.2283,1.1,step,1
4432,4,9.10126,1.25,step,2

frame,idx,score,alpha,step_norm,z_coarse
4433,0,6.9175,0.65,step,-2
4433,1,9.80072,0.8,step,-1
4433,2,11.3041,0.95,step,0
4433,3,10.2278,1.1,step,1
4433,4,9.10007,1.25,step,2

frame,idx,score,alpha,step_norm,z_coarse
4434,0,6.91667,0.65,step,-2
4434,1,9.79222,0.8,step,-1
4434,2,11.3004,0.95,step,0
4434,3,10.2298,1.1,step,1
4434,4,9.10421,1.25,step,2

frame,idx,score,alpha,step_norm,z_coarse
4435,0,6.91479,0.65,step,-2
4435,1,9.79417,0.8,step,-1
4435,2,11.297,0.95,step,0
4435,3,10.2247,1.1,step,1
4435,4,9.10025,1.25,step,2

frame,idx,score,alpha,step_norm,z_coarse
4436,0,6.91829,0.65,step,-2
4436,1,9.79883,0.8,step,-1
4436,2,11.3021,0.95,step,0
4436,3,10.2274,1.1,step,1
4436,4,9.10033,1.25,step,2

frame,idx,score,alpha,step_norm,z_coarse
4437,0,6.92511,0.65,step,-2
4437,1,9.80862,0.8,step,-1
4437,2,11.3101,0.95,step,0
4437,3,10.2325,1.1,step,1
4437,4,9.10391,1.25,step,2

frame,idx,score,alpha,step_norm,z_coarse
4438,0,6.92231,0.65,step,-2
4438,1,9.80495,0.8,step,-1
4438,2,11.3069,0.95,step,0
4438,3,10.2307,1.1,step,1
4438,4,9.10296,1.25,step,2

frame,idx,score,alpha,step_norm,z_coarse
4439,0,6.91467,0.65,step,-2
4439,1,9.79724,0.8,step,-1
4439,2,11.3037,0.95,step,0
4439,3,10.2294,1.1,step,1
4439,4,9.10053,1.25,step,2

frame,idx,score,alpha,step_norm,z_coarse
4440,0,6.91624,0.65,step,-2
4440,1,9.79578,0.8,step,-1
4440,2,11.3001,0.95,step,0
4440,3,10.2273,1.1,step,1
4440,4,9.10082,1.25,step,2

frame,idx,score,alpha,step_norm,z_coarse
4441,0,6.92597,0.65,step,-2
4441,1,9.81532,0.8,step,-1
4441,2,11.3126,0.95,step,0
4441,3,10.232,1.1,step,1
4441,4,9.10194,1.25,step,2

frame,idx,score,alpha,step_norm,z_coarse
4442,0,6.91689,0.65,step,-2
4442,1,9.79785,0.8,step,-1
4442,2,11.3041,0.95,step,0
4442,3,10.2324,1.1,step,1
4442,4,9.10734,1.25,step,2

frame,idx,score,alpha,step_norm,z_coarse
4443,0,6.92616,0.65,step,-2
4443,1,9.81061,0.8,step,-1
4443,2,11.309,0.95,step,0
4443,3,10.2284,1.1,step,1
4443,4,9.09838,1.25,step,2

frame,idx,score,alpha,step_norm,z_coarse
4444,0,6.92356,0.65,step,-2
4444,1,9.80673,0.8,step,-1
4444,2,11.3045,0.95,step,0
4444,3,10.2276,1.1,step,1
4444,4,9.10004,1.25,step,2

frame,idx,score,alpha,step_norm,z_coarse
4445,0,6.91905,0.65,step,-2
4445,1,9.7978,0.8,step,-1
4445,2,11.3,0.95,step,0
4445,3,10.2257,1.1,step,1
4445,4,9.09894,1.25,step,2

frame,idx,score,alpha,step_norm,z_coarse
4446,0,6.9141,0.65,step,-2
4446,1,9.79275,0.8,step,-1
4446,2,11.2969,0.95,step,0
4446,3,10.2271,1.1,step,1
4446,4,9.10296,1.25,step,2

frame,idx,score,alpha,step_norm,z_coarse
4447,0,6.91392,0.65,step,-2
4447,1,9.78788,0.8,step,-1
4447,2,11.2971,0.95,step,0
4447,3,10.23,1.1,step,1
4447,4,9.10721,1.25,step,2

frame,idx,score,alpha,step_norm,z_coarse
4448,0,6.92732,0.65,step,-2
4448,1,9.81251,0.8,step,-1
4448,2,11.3101,0.95,step,0
4448,3,10.2291,1.1,step,1
4448,4,9.09933,1.25,step,2

frame,idx,score,alpha,step_norm,z_coarse
4449,0,6.92335,0.65,step,-2
4449,1,9.8079,0.8,step,-1
4449,2,11.3084,0.95,step,0
4449,3,10.2325,1.1,step,1
4449,4,9.1047,1.25,step,2

frame,idx,score,alpha,step_norm,z_coarse
4450,0,6.91468,0.65,step,-2
4450,1,9.79508,0.8,step,-1
4450,2,11.3014,0.95,step,0
4450,3,10.229,1.1,step,1
4450,4,9.10176,1.25,step,2

frame,idx,score,alpha,step_norm,z_coarse
4451,0,6.91512,0.65,step,-2
4451,1,9.79295,0.8,step,-1
4451,2,11.3027,0.95,step,0
4451,3,10.2319,1.1,step,1
4451,4,9.10634,1.25,step,2

frame,idx,score,alpha,step_norm,z_coarse
4452,0,6.91686,0.65,step,-2
4452,1,9.79814,0.8,step,-1
4452,2,11.2976,0.95,step,0
4452,3,10.2204,1.1,step,1
4452,4,9.09289,1.25,step,2

frame,idx,score,alpha,step_norm,z_coarse
4453,0,6.92129,0.65,step,-2
4453,1,9.80655,0.8,step,-1
4453,2,11.3037,0.95,step,0
4453,3,10.2248,1.1,step,1
4453,4,9.09849,1.25,step,2

frame,idx,score,alpha,step_norm,z_coarse
4454,0,6.914,0.65,step,-2
4454,1,9.79263,0.8,step,-1
4454,2,11.3028,0.95,step,0
4454,3,10.2322,1.1,step,1
4454,4,9.10689,1.25,step,2

frame,idx,score,alpha,step_norm,z_coarse
4455,0,6.91478,0.65,step,-2
4455,1,9.79187,0.8,step,-1
4455,2,11.2988,0.95,step,0
4455,3,10.227,1.1,step,1
4455,4,9.10056,1.25,step,2

frame,idx,score,alpha,step_norm,z_coarse
4456,0,6.91291,0.65,step,-2
4456,1,9.79181,0.8,step,-1
4456,2,11.2997,0.95,step,0
4456,3,10.2258,1.1,step,1
4456,4,9.09894,1.25,step,2

frame,idx,score,alpha,step_norm,z_coarse
4457,0,6.9244,0.65,step,-2
4457,1,9.80917,0.8,step,-1
4457,2,11.3067,0.95,step,0
4457,3,10.2254,1.1,step,1
4457,4,9.09742,1.25,step,2

frame,idx,score,alpha,step_norm,z_coarse
4458,0,6.9175,0.65,step,-2
4458,1,9.801,0.8,step,-1
4458,2,11.2962,0.95,step,0
4458,3,10.2189,1.1,step,1
4458,4,9.09279,1.25,step,2

frame,idx,score,alpha,step_norm,z_coarse
4459,0,6.91059,0.65,step,-2
4459,1,9.78811,0.8,step,-1
4459,2,11.2957,0.95,step,0
4459,3,10.2278,1.1,step,1
4459,4,9.10429,1.25,step,2

frame,idx,score,alpha,step_norm,z_coarse
4460,0,6.92433,0.65,step,-2
4460,1,9.80718,0.8,step,-1
4460,2,11.304,0.95,step,0
4460,3,10.2266,1.1,step,1
4460,4,9.09883,1.25,step,2

frame,idx,score,alpha,step_norm,z_coarse
4461,0,6.91823,0.65,step,-2
4461,1,9.79831,0.8,step,-1
4461,2,11.3025,0.95,step,0
4461,3,10.2284,1.1,step,1
4461,4,9.10224,1.25,step,2

frame,idx,score,alpha,step_norm,z_coarse
4462,0,6.91062,0.65,step,-2
4462,1,9.7908,0.8,step,-1
4462,2,11.3,0.95,step,0
4462,3,10.2318,1.1,step,1
4462,4,9.10765,1.25,step,2

frame,idx,score,alpha,step_norm,z_coarse
4463,0,6.91093,0.65,step,-2
4463,1,9.79038,0.8,step,-1
4463,2,11.2964,0.95,step,0
4463,3,10.2233,1.1,step,1
4463,4,9.09631,1.25,step,2

frame,idx,score,alpha,step_norm,z_coarse
4464,0,6.92597,0.65,step,-2
4464,1,9.8083,0.8,step,-1
4464,2,11.3067,0.95,step,0
4464,3,10.2279,1.1,step,1
4464,4,9.09843,1.25,step,2

frame,idx,score,alpha,step_norm,z_coarse
4465,0,6.90927,0.65,step,-2
4465,1,9.78606,0.8,step,-1
4465,2,11.2967,0.95,step,0
4465,3,10.2269,1.1,step,1
4465,4,9.10139,1.25,step,2

frame,idx,score,alpha,step_norm,z_coarse
4466,0,6.92068,0.65,step,-2
4466,1,9.80136,0.8,step,-1
4466,2,11.2989,0.95,step,0
4466,3,10.2242,1.1,step,1
4466,4,9.09846,1.25,step,2

frame,idx,score,alpha,step_norm,z_coarse
4467,0,6.9263,0.65,step,-2
4467,1,9.80755,0.8,step,-1
4467,2,11.3016,0.95,step,0
4467,3,10.2233,1.1,step,1
4467,4,9.09694,1.25,step,2

frame,idx,score,alpha,step_norm,z_coarse
4468,0,6.91324,0.65,step,-2
4468,1,9.79408,0.8,step,-1
4468,2,11.2956,0.95,step,0
4468,3,10.2218,1.1,step,1
4468,4,9.0949,1.25,step,2

frame,idx,score,alpha,step_norm,z_coarse
4469,0,6.90809,0.65,step,-2
4469,1,9.785,0.8,step,-1
4469,2,11.2962,0.95,step,0
4469,3,10.23,1.1,step,1
4469,4,9.10629,1.25,step,2

frame,idx,score,alpha,step_norm,z_coarse
4470,0,6.91092,0.65,step,-2
4470,1,9.78842,0.8,step,-1
4470,2,11.2961,0.95,step,0
4470,3,10.2258,1.1,step,1
4470,4,9.1006,1.25,step,2

frame,idx,score,alpha,step_norm,z_coarse
4471,0,6.90991,0.65,step,-2
4471,1,9.78279,0.8,step,-1
4471,2,11.2936,0.95,step,0
4471,3,10.2283,1.1,step,1
4471,4,9.1054,1.25,step,2

frame,idx,score,alpha,step_norm,z_coarse
4472,0,6.90886,0.65,step,-2
4472,1,9.78711,0.8,step,-1
4472,2,11.2944,0.95,step,0
4472,3,10.2232,1.1,step,1
4472,4,9.0976,1.25,step,2

frame,idx,score,alpha,step_norm,z_coarse
4473,0,6.91026,0.65,step,-2
4473,1,9.78639,0.8,step,-1
4473,2,11.2947,0.95,step,0
4473,3,10.2256,1.1,step,1
4473,4,9.10035,1.25,step,2

frame,idx,score,alpha,step_norm,z_coarse
4474,0,6.91736,0.65,step,-2
4474,1,9.79888,0.8,step,-1
4474,2,11.3006,0.95,step,0
4474,3,10.2258,1.1,step,1
4474,4,9.09734,1.25,step,2

frame,idx,score,alpha,step_norm,z_coarse
4475,0,6.92435,0.65,step,-2
4475,1,9.80767,0.8,step,-1
4475,2,11.3064,0.95,step,0
4475,3,10.2304,1.1,step,1
4475,4,9.1031,1.25,step,2

frame,idx,score,alpha,step_norm,z_coarse
4476,0,6.91703,0.65,step,-2
4476,1,9.79641,0.8,step,-1
4476,2,11.2992,0.95,step,0
4476,3,10.2263,1.1,step,1
4476,4,9.1002,1.25,step,2

frame,idx,score,alpha,step_norm,z_coarse
4477,0,6.92006,0.65,step,-2
4477,1,9.79883,0.8,step,-1
4477,2,11.3045,0.95,step,0
4477,3,10.2289,1.1,step,1
4477,4,9.09989,1.25,step,2

frame,idx,score,alpha,step_norm,z_coarse
4478,0,6.91356,0.65,step,-2
4478,1,9.78925,0.8,step,-1
4478,2,11.2939,0.95,step,0
4478,3,10.2225,1.1,step,1
4478,4,9.09735,1.25,step,2

frame,idx,score,alpha,step_norm,z_coarse
4479,0,6.90877,0.65,step,-2
4479,1,9.78645,0.8,step,-1
4479,2,11.2944,0.95,step,0
4479,3,10.2251,1.1,step,1
4479,4,9.10109,1.25,step,2

frame,idx,score,alpha,step_norm,z_coarse
4480,0,6.92161,0.65,step,-2
4480,1,9.8038,0.8,step,-1
4480,2,11.3043,0.95,step,0
4480,3,10.2302,1.1,step,1
4480,4,9.10331,1.25,step,2

frame,idx,score,alpha,step_norm,z_coarse
4481,0,6.91954,0.65,step,-2
4481,1,9.79954,0.8,step,-1
4481,2,11.3021,0.95,step,0
4481,3,10.2277,1.1,step,1
4481,4,9.10046,1.25,step,2

frame,idx,score,alpha,step_norm,z_coarse
4482,0,6.91123,0.65,step,-2
4482,1,9.78611,0.8,step,-1
4482,2,11.2979,0.95,step,0
4482,3,10.2295,1.1,step,1
4482,4,9.10453,1.25,step,2

frame,idx,score,alpha,step_norm,z_coarse
4483,0,6.90921,0.65,step,-2
4483,1,9.78446,0.8,step,-1
4483,2,11.2983,0.95,step,0
4483,3,10.2331,1.1,step,1
4483,4,9.10816,1.25,step,2

frame,idx,score,alpha,step_norm,z_coarse
4484,0,6.91168,0.65,step,-2
4484,1,9.78973,0.8,step,-1
4484,2,11.2973,0.95,step,0
4484,3,10.2251,1.1,step,1
4484,4,9.09777,1.25,step,2

frame,idx,score,alpha,step_norm,z_coarse
4485,0,6.92004,0.65,step,-2
4485,1,9.80134,0.8,step,-1
4485,2,11.2975,0.95,step,0
4485,3,10.2224,1.1,step,1
4485,4,9.09846,1.25,step,2

frame,idx,score,alpha,step_norm,z_coarse
4486,0,6.91863,0.65,step,-2
4486,1,9.80256,0.8,step,-1
4486,2,11.3051,0.95,step,0
4486,3,10.2295,1.1,step,1
4486,4,9.10234,1.25,step,2

frame,idx,score,alpha,step_norm,z_coarse
4487,0,6.91443,0.65,step,-2
4487,1,9.79152,0.8,step,-1
4487,2,11.2993,0.95,step,0
4487,3,10.231,1.1,step,1
4487,4,9.10598,1.25,step,2

frame,idx,score,alpha,step_norm,z_coarse
4488,0,6.9226,0.65,step,-2
4488,1,9.80452,0.8,step,-1
4488,2,11.3017,0.95,step,0
4488,3,10.2218,1.1,step,1
4488,4,9.09371,1.25,step,2

frame,idx,score,alpha,step_norm,z_coarse
4489,0,6.92328,0.65,step,-2
4489,1,9.80594,0.8,step,-1
4489,2,11.3028,0.95,step,0
4489,3,10.2259,1.1,step,1
4489,4,9.09954,1.25,step,2

frame,idx,score,alpha,step_norm,z_coarse
4490,0,6.9154,0.65,step,-2
4490,1,9.79249,0.8,step,-1
4490,2,11.2995,0.95,step,0
4490,3,10.2277,1.1,step,1
4490,4,9.10085,1.25,step,2

frame,idx,score,alpha,step_norm,z_coarse
4491,0,6.92445,0.65,step,-2
4491,1,9.81102,0.8,step,-1
4491,2,11.308,0.95,step,0
4491,3,10.2295,1.1,step,1
4491,4,9.10126,1.25,step,2

frame,idx,score,alpha,step_norm,z_coarse
4492,0,6.9196,0.65,step,-2
4492,1,9.80067,0.8,step,-1
4492,2,11.2986,0.95,step,0
4492,3,10.223,1.1,step,1
4492,4,9.09691,1.25,step,2

frame,idx,score,alpha,step_norm,z_coarse
4493,0,6.91664,0.65,step,-2
4493,1,9.7945,0.8,step,-1
4493,2,11.2985,0.95,step,0
4493,3,10.2269,1.1,step,1
4493,4,9.10235,1.25,step,2

frame,idx,score,alpha,step_norm,z_coarse
4494,0,6.92062,0.65,step,-2
4494,1,9.80282,0.8,step,-1
4494,2,11.3028,0.95,step,0
4494,3,10.2259,1.1,step,1
4494,4,9.09927,1.25,step,2

frame,idx,score,alpha,step_norm,z_coarse
4495,0,6.92471,0.65,step,-2
4495,1,9.8089,0.8,step,-1
4495,2,11.3022,0.95,step,0
4495,3,10.2216,1.1,step,1
4495,4,9.09293,1.25,step,2

frame,idx,score,alpha,step_norm,z_coarse
4496,0,6.92223,0.65,step,-2
4496,1,9.80674,0.8,step,-1
4496,2,11.3045,0.95,step,0
4496,3,10.2278,1.1,step,1
4496,4,9.10073,1.25,step,2

frame,idx,score,alpha,step_norm,z_coarse
4497,0,6.91965,0.65,step,-2
4497,1,9.80212,0.8,step,-1
4497,2,11.305,0.95,step,0
4497,3,10.229,1.1,step,1
4497,4,9.10247,1.25,step,2

frame,idx,score,alpha,step_norm,z_coarse
4498,0,6.91434,0.65,step,-2
4498,1,9.79448,0.8,step,-1
4498,2,11.2951,0.95,step,0
4498,3,10.2221,1.1,step,1
4498,4,9.09785,1.25,step,2

frame,idx,score,alpha,step_norm,z_coarse
4499,0,6.92414,0.65,step,-2
4499,1,9.80606,0.8,step,-1
4499,2,11.3017,0.95,step,0
4499,3,10.224,1.1,step,1
4499,4,9.09735,1.25,step,2

frame,idx,score,alpha,step_norm,z_coarse
4500,0,6.92891,0.65,step,-2
4500,1,9.81351,0.8,step,-1
4500,2,11.3088,0.95,step,0
4500,3,10.2281,1.1,step,1
4500,4,9.09985,1.25,step,2

frame,idx,score,alpha,step_norm,z_coarse
4501,0,6.92912,0.65,step,-2
4501,1,9.81717,0.8,step,-1
4501,2,11.3055,0.95,step,0
4501,3,10.223,1.1,step,1
4501,4,9.09444,1.25,step,2

frame,idx,score,alpha,step_norm,z_coarse
4502,0,6.9259,0.65,step,-2
4502,1,9.81151,0.8,step,-1
4502,2,11.3094,0.95,step,0
4502,3,10.2302,1.1,step,1
4502,4,9.1013,1.25,step,2

frame,idx,score,alpha,step_norm,z_coarse
4503,0,6.91851,0.65,step,-2
4503,1,9.80156,0.8,step,-1
4503,2,11.3029,0.95,step,0
4503,3,10.227,1.1,step,1
4503,4,9.09909,1.25,step,2

frame,idx,score,alpha,step_norm,z_coarse
4504,0,6.92761,0.65,step,-2
4504,1,9.81174,0.8,step,-1
4504,2,11.3055,0.95,step,0
4504,3,10.2253,1.1,step,1
4504,4,9.09709,1.25,step,2

frame,idx,score,alpha,step_norm,z_coarse
4505,0,6.92954,0.65,step,-2
4505,1,9.81826,0.8,step,-1
4505,2,11.305,0.95,step,0
4505,3,10.2212,1.1,step,1
4505,4,9.09312,1.25,step,2

frame,idx,score,alpha,step_norm,z_coarse
4506,0,6.92855,0.65,step,-2
4506,1,9.81205,0.8,step,-1
4506,2,11.3088,0.95,step,0
4506,3,10.2276,1.1,step,1
4506,4,9.09906,1.25,step,2

frame,idx,score,alpha,step_norm,z_coarse
4507,0,6.91937,0.65,step,-2
4507,1,9.80332,0.8,step,-1
4507,2,11.2988,0.95,step,0
4507,3,10.2204,1.1,step,1
4507,4,9.09272,1.25,step,2

frame,idx,score,alpha,step_norm,z_coarse
4508,0,6.92905,0.65,step,-2
4508,1,9.81326,0.8,step,-1
4508,2,11.3081,0.95,step,0
4508,3,10.2263,1.1,step,1
4508,4,9.09659,1.25,step,2

frame,idx,score,alpha,step_norm,z_coarse
4509,0,6.93199,0.65,step,-2
4509,1,9.81872,0.8,step,-1
4509,2,11.3061,0.95,step,0
4509,3,10.2234,1.1,step,1
4509,4,9.09518,1.25,step,2

frame,idx,score,alpha,step_norm,z_coarse
4510,0,6.93218,0.65,step,-2
4510,1,9.81902,0.8,step,-1
4510,2,11.3096,0.95,step,0
4510,3,10.226,1.1,step,1
4510,4,9.09643,1.25,step,2

frame,idx,score,alpha,step_norm,z_coarse
4511,0,6.92742,0.65,step,-2
4511,1,9.81489,0.8,step,-1
4511,2,11.3066,0.95,step,0
4511,3,10.2268,1.1,step,1
4511,4,9.09982,1.25,step,2

frame,idx,score,alpha,step_norm,z_coarse
4512,0,6.93376,0.65,step,-2
4512,1,9.82259,0.8,step,-1
4512,2,11.3105,0.95,step,0
4512,3,10.2239,1.1,step,1
4512,4,9.09289,1.25,step,2

frame,idx,score,alpha,step_norm,z_coarse
4513,0,6.94151,0.65,step,-2
4513,1,9.83274,0.8,step,-1
4513,2,11.3108,0.95,step,0
4513,3,10.2206,1.1,step,1
4513,4,9.08795,1.25,step,2

frame,idx,score,alpha,step_norm,z_coarse
4514,0,6.93677,0.65,step,-2
4514,1,9.82594,0.8,step,-1
4514,2,11.3113,0.95,step,0
4514,3,10.2262,1.1,step,1
4514,4,9.0971,1.25,step,2

frame,idx,score,alpha,step_norm,z_coarse
4515,0,6.92815,0.65,step,-2
4515,1,9.81383,0.8,step,-1
4515,2,11.3022,0.95,step,0
4515,3,10.2195,1.1,step,1
4515,4,9.09052,1.25,step,2

frame,idx,score,alpha,step_norm,z_coarse
4516,0,6.93279,0.65,step,-2
4516,1,9.8225,0.8,step,-1
4516,2,11.3075,0.95,step,0
4516,3,10.2203,1.1,step,1
4516,4,9.08903,1.25,step,2

frame,idx,score,alpha,step_norm,z_coarse
4517,0,6.939,0.65,step,-2
4517,1,9.83385,0.8,step,-1
4517,2,11.3118,0.95,step,0
4517,3,10.2168,1.1,step,1
4517,4,9.08365,1.25,step,2

frame,idx,score,alpha,step_norm,z_coarse
4518,0,6.93112,0.65,step,-2
4518,1,9.81753,0.8,step,-1
4518,2,11.2997,0.95,step,0
4518,3,10.2131,1.1,step,1
4518,4,9.0835,1.25,step,2

frame,idx,score,alpha,step_norm,z_coarse
4519,0,6.935,0.65,step,-2
4519,1,9.82243,0.8,step,-1
4519,2,11.3052,0.95,step,0
4519,3,10.2188,1.1,step,1
4519,4,9.08908,1.25,step,2

frame,idx,score,alpha,step_norm,z_coarse
4520,0,6.94501,0.65,step,-2
4520,1,9.84057,0.8,step,-1
4520,2,11.314,0.95,step,0
4520,3,10.2176,1.1,step,1
4520,4,9.08366,1.25,step,2

frame,idx,score,alpha,step_norm,z_coarse
4521,0,6.94866,0.65,step,-2
4521,1,9.84673,0.8,step,-1
4521,2,11.3232,0.95,step,0
4521,3,10.2254,1.1,step,1
4521,4,9.08995,1.25,step,2

frame,idx,score,alpha,step_norm,z_coarse
4522,0,6.9369,0.65,step,-2
4522,1,9.82955,0.8,step,-1
4522,2,11.3119,0.95,step,0
4522,3,10.2219,1.1,step,1
4522,4,9.09014,1.25,step,2

frame,idx,score,alpha,step_norm,z_coarse
4523,0,6.94587,0.65,step,-2
4523,1,9.84092,0.8,step,-1
4523,2,11.3161,0.95,step,0
4523,3,10.222,1.1,step,1
4523,4,9.08842,1.25,step,2

frame,idx,score,alpha,step_norm,z_coarse
4524,0,6.9511,0.65,step,-2
4524,1,9.85205,0.8,step,-1
4524,2,11.3202,0.95,step,0
4524,3,10.2212,1.1,step,1
4524,4,9.08758,1.25,step,2

frame,idx,score,alpha,step_norm,z_coarse
4525,0,6.9518,0.65,step,-2
4525,1,9.85367,0.8,step,-1
4525,2,11.3194,0.95,step,0
4525,3,10.2171,1.1,step,1
4525,4,9.08181,1.25,step,2

frame,idx,score,alpha,step_norm,z_coarse
4526,0,6.95643,0.65,step,-2
4526,1,9.85828,0.8,step,-1
4526,2,11.3225,0.95,step,0
4526,3,10.2194,1.1,step,1
4526,4,9.08378,1.25,step,2

frame,idx,score,alpha,step_norm,z_coarse
4527,0,6.95295,0.65,step,-2
4527,1,9.85416,0.8,step,-1
4527,2,11.3233,0.95,step,0
4527,3,10.222,1.1,step,1
4527,4,9.08704,1.25,step,2

frame,idx,score,alpha,step_norm,z_coarse
4528,0,6.94232,0.65,step,-2
4528,1,9.83385,0.8,step,-1
4528,2,11.311,0.95,step,0
4528,3,10.2166,1.1,step,1
4528,4,9.08376,1.25,step,2

frame,idx,score,alpha,step_norm,z_coarse
4529,0,6.94219,0.65,step,-2
4529,1,9.83803,0.8,step,-1
4529,2,11.3101,0.95,step,0
4529,3,10.2146,1.1,step,1
4529,4,9.08163,1.25,step,2

frame,idx,score,alpha,step_norm,z_coarse
4530,0,6.9529,0.65,step,-2
4530,1,9.84934,0.8,step,-1
4530,2,11.3179,0.95,step,0
4530,3,10.2185,1.1,step,1
4530,4,9.08447,1.25,step,2

frame,idx,score,alpha,step_norm,z_coarse
4531,0,6.95859,0.65,step,-2
4531,1,9.86375,0.8,step,-1
4531,2,11.321,0.95,step,0
4531,3,10.2123,1.1,step,1
4531,4,9.07475,1.25,step,2

frame,idx,score,alpha,step_norm,z_coarse
4532,0,6.95023,0.65,step,-2
4532,1,9.84884,0.8,step,-1
4532,2,11.3144,0.95,step,0
4532,3,10.2121,1.1,step,1
4532,4,9.07753,1.25,step,2

frame,idx,score,alpha,step_norm,z_coarse
4533,0,6.96321,0.65,step,-2
4533,1,9.87059,0.8,step,-1
4533,2,11.3237,0.95,step,0
4533,3,10.2128,1.1,step,1
4533,4,9.07615,1.25,step,2

frame,idx,score,alpha,step_norm,z_coarse
4534,0,6.95623,0.65,step,-2
4534,1,9.85923,0.8,step,-1
4534,2,11.3249,0.95,step,0
4534,3,10.2202,1.1,step,1
4534,4,9.08464,1.25,step,2

frame,idx,score,alpha,step_norm,z_coarse
4535,0,6.96414,0.65,step,-2
4535,1,9.87173,0.8,step,-1
4535,2,11.3317,0.95,step,0
4535,3,10.2216,1.1,step,1
4535,4,9.08246,1.25,step,2

frame,idx,score,alpha,step_norm,z_coarse
4536,0,6.96587,0.65,step,-2
4536,1,9.87059,0.8,step,-1
4536,2,11.3271,0.95,step,0
4536,3,10.2146,1.1,step,1
4536,4,9.0753,1.25,step,2

frame,idx,score,alpha,step_norm,z_coarse
4537,0,6.96516,0.65,step,-2
4537,1,9.87126,0.8,step,-1
4537,2,11.3278,0.95,step,0
4537,3,10.2179,1.1,step,1
4537,4,9.07964,1.25,step,2

frame,idx,score,alpha,step_norm,z_coarse
4538,0,6.97315,0.65,step,-2
4538,1,9.88137,0.8,step,-1
4538,2,11.3285,0.95,step,0
4538,3,10.2153,1.1,step,1
4538,4,9.07825,1.25,step,2

frame,idx,score,alpha,step_norm,z_coarse
4539,0,6.97733,0.65,step,-2
4539,1,9.89259,0.8,step,-1
4539,2,11.3315,0.95,step,0
4539,3,10.2113,1.1,step,1
4539,4,9.07149,1.25,step,2

frame,idx,score,alpha,step_norm,z_coarse
4540,0,6.97435,0.65,step,-2
4540,1,9.88479,0.8,step,-1
4540,2,11.327,0.95,step,0
4540,3,10.2123,1.1,step,1
4540,4,9.07715,1.25,step,2

frame,idx,score,alpha,step_norm,z_coarse
4541,0,6.97772,0.65,step,-2
4541,1,9.8931,0.8,step,-1
4541,2,11.3316,0.95,step,0
4541,3,10.2116,1.1,step,1
4541,4,9.07283,1.25,step,2

frame,idx,score,alpha,step_norm,z_coarse
4542,0,6.98089,0.65,step,-2
4542,1,9.89361,0.8,step,-1
4542,2,11.3274,0.95,step,0
4542,3,10.2051,1.1,step,1
4542,4,9.06728,1.25,step,2

frame,idx,score,alpha,step_norm,z_coarse
4543,0,6.98292,0.65,step,-2
4543,1,9.90085,0.8,step,-1
4543,2,11.3406,0.95,step,0
4543,3,10.217,1.1,step,1
4543,4,9.07528,1.25,step,2

frame,idx,score,alpha,step_norm,z_coarse
4544,0,6.98192,0.65,step,-2
4544,1,9.89983,0.8,step,-1
4544,2,11.3409,0.95,step,0
4544,3,10.2182,1.1,step,1
4544,4,9.07689,1.25,step,2

frame,idx,score,alpha,step_norm,z_coarse
4545,0,6.98503,0.65,step,-2
4545,1,9.903,0.8,step,-1
4545,2,11.3369,0.95,step,0
4545,3,10.2127,1.1,step,1
4545,4,9.07154,1.25,step,2

frame,idx,score,alpha,step_norm,z_coarse
4546,0,6.98875,0.65,step,-2
4546,1,9.9081,0.8,step,-1
4546,2,11.336,0.95,step,0
4546,3,10.2078,1.1,step,1
4546,4,9.06638,1.25,step,2

frame,idx,score,alpha,step_norm,z_coarse
4547,0,6.99139,0.65,step,-2
4547,1,9.91127,0.8,step,-1
4547,2,11.3403,0.95,step,0
4547,3,10.211,1.1,step,1
4547,4,9.06766,1.25,step,2

frame,idx,score,alpha,step_norm,z_coarse
4548,0,6.98035,0.65,step,-2
4548,1,9.89479,0.8,step,-1
4548,2,11.3292,0.95,step,0
4548,3,10.2067,1.1,step,1
4548,4,9.06862,1.25,step,2

frame,idx,score,alpha,step_norm,z_coarse
4549,0,6.99611,0.65,step,-2
4549,1,9.91733,0.8,step,-1
4549,2,11.3398,0.95,step,0
4549,3,10.2085,1.1,step,1
4549,4,9.06711,1.25,step,2

frame,idx,score,alpha,step_norm,z_coarse
4550,0,6.99499,0.65,step,-2
4550,1,9.91475,0.8,step,-1
4550,2,11.3392,0.95,step,0
4550,3,10.2072,1.1,step,1
4550,4,9.06447,1.25,step,2

frame,idx,score,alpha,step_norm,z_coarse
4551,0,6.99819,0.65,step,-2
4551,1,9.92429,0.8,step,-1
4551,2,11.3474,0.95,step,0
4551,3,10.211,1.1,step,1
4551,4,9.06443,1.25,step,2

frame,idx,score,alpha,step_norm,z_coarse
4552,0,7.007,0.65,step,-2
4552,1,9.93544,0.8,step,-1
4552,2,11.3516,0.95,step,0
4552,3,10.2107,1.1,step,1
4552,4,9.06382,1.25,step,2

frame,idx,score,alpha,step_norm,z_coarse
4553,0,7.02592,0.65,step,-2
4553,1,9.96555,0.8,step,-1
4553,2,11.3614,0.95,step,0
4553,3,10.2067,1.1,step,1
4553,4,9.05848,1.25,step,2

frame,idx,score,alpha,step_norm,z_coarse
4554,0,7.03028,0.65,step,-2
4554,1,9.9706,0.8,step,-1
4554,2,11.3587,0.95,step,0
4554,3,10.204,1.1,step,1
4554,4,9.05672,1.25,step,2

frame,idx,score,alpha,step_norm,z_coarse
4555,0,7.03231,0.65,step,-2
4555,1,9.97609,0.8,step,-1
4555,2,11.3672,0.95,step,0
4555,3,10.2079,1.1,step,1
4555,4,9.0575,1.25,step,2

frame,idx,score,alpha,step_norm,z_coarse
4556,0,7.02908,0.65,step,-2
4556,1,9.97298,0.8,step,-1
4556,2,11.3678,0.95,step,0
4556,3,10.2126,1.1,step,1
4556,4,9.06287,1.25,step,2

frame,idx,score,alpha,step_norm,z_coarse
4557,0,7.02683,0.65,step,-2
4557,1,9.96726,0.8,step,-1
4557,2,11.3666,0.95,step,0
4557,3,10.2123,1.1,step,1
4557,4,9.06158,1.25,step,2

frame,idx,score,alpha,step_norm,z_coarse
4558,0,7.01957,0.65,step,-2
4558,1,9.95956,0.8,step,-1
4558,2,11.3588,0.95,step,0
4558,3,10.2043,1.1,step,1
4558,4,9.05372,1.25,step,2

frame,idx,score,alpha,step_norm,z_coarse
4559,0,7.03048,0.65,step,-2
4559,1,9.97169,0.8,step,-1
4559,2,11.3631,0.95,step,0
4559,3,10.2062,1.1,step,1
4559,4,9.05616,1.25,step,2

frame,idx,score,alpha,step_norm,z_coarse
4560,0,7.03568,0.65,step,-2
4560,1,9.97939,0.8,step,-1
4560,2,11.3679,0.95,step,0
4560,3,10.2103,1.1,step,1
4560,4,9.06054,1.25,step,2

frame,idx,score,alpha,step_norm,z_coarse
4561,0,7.03048,0.65,step,-2
4561,1,9.97479,0.8,step,-1
4561,2,11.3723,0.95,step,0
4561,3,10.2116,1.1,step,1
4561,4,9.05702,1.25,step,2

frame,idx,score,alpha,step_norm,z_coarse
4562,0,7.03632,0.65,step,-2
4562,1,9.98508,0.8,step,-1
4562,2,11.3688,0.95,step,0
4562,3,10.2078,1.1,step,1
4562,4,9.05802,1.25,step,2

frame,idx,score,alpha,step_norm,z_coarse
4563,0,7.0486,0.65,step,-2
4563,1,9.99791,0.8,step,-1
4563,2,11.3754,0.95,step,0
4563,3,10.2071,1.1,step,1
4563,4,9.05486,1.25,step,2

frame,idx,score,alpha,step_norm,z_coarse
4564,0,7.04447,0.65,step,-2
4564,1,9.99611,0.8,step,-1
4564,2,11.3773,0.95,step,0
4564,3,10.2108,1.1,step,1
4564,4,9.05657,1.25,step,2

frame,idx,score,alpha,step_norm,z_coarse
4565,0,7.04529,0.65,step,-2
4565,1,9.9954,0.8,step,-1
4565,2,11.3747,0.95,step,0
4565,3,10.2082,1.1,step,1
4565,4,9.05699,1.25,step,2

frame,idx,score,alpha,step_norm,z_coarse
4566,0,7.05601,0.65,step,-2
4566,1,10.0111,0.8,step,-1
4566,2,11.3759,0.95,step,0
4566,3,10.2026,1.1,step,1
4566,4,9.05031,1.25,step,2

frame,idx,score,alpha,step_norm,z_coarse
4567,0,7.06291,0.65,step,-2
4567,1,10.0285,0.8,step,-1
4567,2,11.3917,0.95,step,0
4567,3,10.2102,1.1,step,1
4567,4,9.05105,1.25,step,2

frame,idx,score,alpha,step_norm,z_coarse
4568,0,7.06379,0.65,step,-2
4568,1,10.0233,0.8,step,-1
4568,2,11.3851,0.95,step,0
4568,3,10.2068,1.1,step,1
4568,4,9.05338,1.25,step,2

frame,idx,score,alpha,step_norm,z_coarse
4569,0,7.07362,0.65,step,-2
4569,1,10.0379,0.8,step,-1
4569,2,11.3925,0.95,step,0
4569,3,10.2071,1.1,step,1
4569,4,9.04916,1.25,step,2

frame,idx,score,alpha,step_norm,z_coarse
4570,0,7.06735,0.65,step,-2
4570,1,10.0286,0.8,step,-1
4570,2,11.389,0.95,step,0
4570,3,10.2083,1.1,step,1
4570,4,9.0528,1.25,step,2

frame,idx,score,alpha,step_norm,z_coarse
4571,0,7.07219,0.65,step,-2
4571,1,10.0379,0.8,step,-1
4571,2,11.3929,0.95,step,0
4571,3,10.2067,1.1,step,1
4571,4,9.04854,1.25,step,2

frame,idx,score,alpha,step_norm,z_coarse
4572,0,7.07458,0.65,step,-2
4572,1,10.0451,0.8,step,-1
4572,2,11.3963,0.95,step,0
4572,3,10.2072,1.1,step,1
4572,4,9.04733,1.25,step,2

frame,idx,score,alpha,step_norm,z_coarse
4573,0,7.07881,0.65,step,-2
4573,1,10.0512,0.8,step,-1
4573,2,11.3974,0.95,step,0
4573,3,10.2049,1.1,step,1
4573,4,9.04508,1.25,step,2

frame,idx,score,alpha,step_norm,z_coarse
4574,0,7.07898,0.65,step,-2
4574,1,10.0465,0.8,step,-1
4574,2,11.393,0.95,step,0
4574,3,10.2063,1.1,step,1
4574,4,9.04942,1.25,step,2

frame,idx,score,alpha,step_norm,z_coarse
4575,0,7.07039,0.65,step,-2
4575,1,10.0387,0.8,step,-1
4575,2,11.3943,0.95,step,0
4575,3,10.2067,1.1,step,1
4575,4,9.04641,1.25,step,2

frame,idx,score,alpha,step_norm,z_coarse
4576,0,7.07161,0.65,step,-2
4576,1,10.0379,0.8,step,-1
4576,2,11.3932,0.95,step,0
4576,3,10.2073,1.1,step,1
4576,4,9.04788,1.25,step,2

frame,idx,score,alpha,step_norm,z_coarse
4577,0,7.08212,0.65,step,-2
4577,1,10.0509,0.8,step,-1
4577,2,11.3936,0.95,step,0
4577,3,10.2022,1.1,step,1
4577,4,9.04206,1.25,step,2

frame,idx,score,alpha,step_norm,z_coarse
4578,0,7.08872,0.65,step,-2
4578,1,10.0622,0.8,step,-1
4578,2,11.404,0.95,step,0
4578,3,10.2091,1.1,step,1
4578,4,9.04805,1.25,step,2

frame,idx,score,alpha,step_norm,z_coarse
4579,0,7.08911,0.65,step,-2
4579,1,10.0651,0.8,step,-1
4579,2,11.4019,0.95,step,0
4579,3,10.2048,1.1,step,1
4579,4,9.0445,1.25,step,2

frame,idx,score,alpha,step_norm,z_coarse
4580,0,7.09516,0.65,step,-2
4580,1,10.0716,0.8,step,-1
4580,2,11.4021,0.95,step,0
4580,3,10.2009,1.1,step,1
4580,4,9.04071,1.25,step,2

frame,idx,score,alpha,step_norm,z_coarse
4581,0,7.08451,0.65,step,-2
4581,1,10.0587,0.8,step,-1
4581,2,11.4044,0.95,step,0
4581,3,10.2102,1.1,step,1
4581,4,9.04915,1.25,step,2

frame,idx,score,alpha,step_norm,z_coarse
4582,0,7.09086,0.65,step,-2
4582,1,10.0667,0.8,step,-1
4582,2,11.405,0.95,step,0
4582,3,10.2053,1.1,step,1
4582,4,9.04271,1.25,step,2

frame,idx,score,alpha,step_norm,z_coarse
4583,0,7.0939,0.65,step,-2
4583,1,10.0681,0.8,step,-1
4583,2,11.3993,0.95,step,0
4583,3,10.2015,1.1,step,1
4583,4,9.0413,1.25,step,2

frame,idx,score,alpha,step_norm,z_coarse
4584,0,7.10672,0.65,step,-2
4584,1,10.0918,0.8,step,-1
4584,2,11.4142,0.95,step,0
4584,3,10.2072,1.1,step,1
4584,4,9.04357,1.25,step,2

frame,idx,score,alpha,step_norm,z_coarse
4585,0,7.10044,0.65,step,-2
4585,1,10.0808,0.8,step,-1
4585,2,11.4097,0.95,step,0
4585,3,10.2055,1.1,step,1
4585,4,9.04224,1.25,step,2

frame,idx,score,alpha,step_norm,z_coarse
4586,0,7.10206,0.65,step,-2
4586,1,10.0832,0.8,step,-1
4586,2,11.408,0.95,step,0
4586,3,10.201,1.1,step,1
4586,4,9.03755,1.25,step,2

frame,idx,score,alpha,step_norm,z_coarse
4587,0,7.10335,0.65,step,-2
4587,1,10.0875,0.8,step,-1
4587,2,11.4078,0.95,step,0
4587,3,10.203,1.1,step,1
4587,4,9.04183,1.25,step,2

frame,idx,score,alpha,step_norm,z_coarse
4588,0,7.10744,0.65,step,-2
4588,1,10.0922,0.8,step,-1
4588,2,11.417,0.95,step,0
4588,3,10.2107,1.1,step,1
4588,4,9.04688,1.25,step,2

frame,idx,score,alpha,step_norm,z_coarse
4589,0,7.11681,0.65,step,-2
4589,1,10.1067,0.8,step,-1
4589,2,11.4221,0.95,step,0
4589,3,10.2097,1.1,step,1
4589,4,9.04606,1.25,step,2

frame,idx,score,alpha,step_norm,z_coarse
4590,0,7.10447,0.65,step,-2
4590,1,10.0888,0.8,step,-1
4590,2,11.4155,0.95,step,0
4590,3,10.2096,1.1,step,1
4590,4,9.04572,1.25,step,2

frame,idx,score,alpha,step_norm,z_coarse
4591,0,7.10652,0.65,step,-2
4591,1,10.0891,0.8,step,-1
4591,2,11.4109,0.95,step,0
4591,3,10.2068,1.1,step,1
4591,4,9.04657,1.25,step,2

frame,idx,score,alpha,step_norm,z_coarse
4592,0,7.10934,0.65,step,-2
4592,1,10.0953,0.8,step,-1
4592,2,11.4174,0.95,step,0
4592,3,10.2082,1.1,step,1
4592,4,9.04352,1.25,step,2

frame,idx,score,alpha,step_norm,z_coarse
4593,0,7.11461,0.65,step,-2
4593,1,10.1005,0.8,step,-1
4593,2,11.4129,0.95,step,0
4593,3,10.2012,1.1,step,1
4593,4,9.03741,1.25,step,2

frame,idx,score,alpha,step_norm,z_coarse
4594,0,7.11844,0.65,step,-2
4594,1,10.1123,0.8,step,-1
4594,2,11.4218,0.95,step,0
4594,3,10.2044,1.1,step,1
4594,4,9.03627,1.25,step,2

frame,idx,score,alpha,step_norm,z_coarse
4595,0,7.12272,0.65,step,-2
4595,1,10.1185,0.8,step,-1
4595,2,11.4264,0.95,step,0
4595,3,10.2107,1.1,step,1
4595,4,9.04479,1.25,step,2

frame,idx,score,alpha,step_norm,z_coarse
4596,0,7.11452,0.65,step,-2
4596,1,10.105,0.8,step,-1
4596,2,11.4175,0.95,step,0
4596,3,10.206,1.1,step,1
4596,4,9.04246,1.25,step,2

frame,idx,score,alpha,step_norm,z_coarse
4597,0,7.11684,0.65,step,-2
4597,1,10.1072,0.8,step,-1
4597,2,11.4204,0.95,step,0
4597,3,10.2065,1.1,step,1
4597,4,9.04208,1.25,step,2

frame,idx,score,alpha,step_norm,z_coarse
4598,0,7.12782,0.65,step,-2
4598,1,10.1243,0.8,step,-1
4598,2,11.428,0.95,step,0
4598,3,10.2082,1.1,step,1
4598,4,9.04148,1.25,step,2

frame,idx,score,alpha,step_norm,z_coarse
4599,0,7.12034,0.65,step,-2
4599,1,10.1094,0.8,step,-1
4599,2,11.4218,0.95,step,0
4599,3,10.2082,1.1,step,1
4599,4,9.04298,1.25,step,2

frame,idx,score,alpha,step_norm,z_coarse
4600,0,7.1193,0.65,step,-2
4600,1,10.1075,0.8,step,-1
4600,2,11.4114,0.95,step,0
4600,3,10.197,1.1,step,1
4600,4,9.03337,1.25,step,2

frame,idx,score,alpha,step_norm,z_coarse
4601,0,7.11826,0.65,step,-2
4601,1,10.108,0.8,step,-1
4601,2,11.4176,0.95,step,0
4601,3,10.2031,1.1,step,1
4601,4,9.03787,1.25,step,2

frame,idx,score,alpha,step_norm,z_coarse
4602,0,7.13198,0.65,step,-2
4602,1,10.1304,0.8,step,-1
4602,2,11.4271,0.95,step,0
4602,3,10.2044,1.1,step,1
4602,4,9.03542,1.25,step,2

frame,idx,score,alpha,step_norm,z_coarse
4603,0,7.12377,0.65,step,-2
4603,1,10.114,0.8,step,-1
4603,2,11.4236,0.95,step,0
4603,3,10.207,1.1,step,1
4603,4,9.03999,1.25,step,2

frame,idx,score,alpha,step_norm,z_coarse
4604,0,7.12353,0.65,step,-2
4604,1,10.1181,0.8,step,-1
4604,2,11.422,0.95,step,0
4604,3,10.2045,1.1,step,1
4604,4,9.03944,1.25,step,2

frame,idx,score,alpha,step_norm,z_coarse
4605,0,7.1238,0.65,step,-2
4605,1,10.1157,0.8,step,-1
4605,2,11.4175,0.95,step,0
4605,3,10.1999,1.1,step,1
4605,4,9.03578,1.25,step,2

frame,idx,score,alpha,step_norm,z_coarse
4606,0,7.12599,0.65,step,-2
4606,1,10.1213,0.8,step,-1
4606,2,11.4226,0.95,step,0
4606,3,10.2014,1.1,step,1
4606,4,9.03398,1.25,step,2

frame,idx,score,alpha,step_norm,z_coarse
4607,0,7.1327,0.65,step,-2
4607,1,10.1295,0.8,step,-1
4607,2,11.4242,0.95,step,0
4607,3,10.2017,1.1,step,1
4607,4,9.03479,1.25,step,2

frame,idx,score,alpha,step_norm,z_coarse
4608,0,7.13457,0.65,step,-2
4608,1,10.1305,0.8,step,-1
4608,2,11.4229,0.95,step,0
4608,3,10.1999,1.1,step,1
4608,4,9.03472,1.25,step,2

frame,idx,score,alpha,step_norm,z_coarse
4609,0,7.13356,0.65,step,-2
4609,1,10.1313,0.8,step,-1
4609,2,11.4275,0.95,step,0
4609,3,10.2022,1.1,step,1
4609,4,9.0334,1.25,step,2

frame,idx,score,alpha,step_norm,z_coarse
4610,0,7.12181,0.65,step,-2
4610,1,10.1154,0.8,step,-1
4610,2,11.4197,0.95,step,0
4610,3,10.2024,1.1,step,1
4610,4,9.0382,1.25,step,2

frame,idx,score,alpha,step_norm,z_coarse
4611,0,7.11852,0.65,step,-2
4611,1,10.1109,0.8,step,-1
4611,2,11.4196,0.95,step,0
4611,3,10.2044,1.1,step,1
4611,4,9.04024,1.25,step,2

frame,idx,score,alpha,step_norm,z_coarse
4612,0,7.12267,0.65,step,-2
4612,1,10.1184,0.8,step,-1
4612,2,11.4199,0.95,step,0
4612,3,10.203,1.1,step,1
4612,4,9.03751,1.25,step,2

frame,idx,score,alpha,step_norm,z_coarse
4613,0,7.12664,0.65,step,-2
4613,1,10.1247,0.8,step,-1
4613,2,11.4247,0.95,step,0
4613,3,10.2026,1.1,step,1
4613,4,9.03604,1.25,step,2

frame,idx,score,alpha,step_norm,z_coarse
4614,0,7.13182,0.65,step,-2
4614,1,10.1251,0.8,step,-1
4614,2,11.4218,0.95,step,0
4614,3,10.2014,1.1,step,1
4614,4,9.03578,1.25,step,2

frame,idx,score,alpha,step_norm,z_coarse
4615,0,7.12535,0.65,step,-2
4615,1,10.1182,0.8,step,-1
4615,2,11.4188,0.95,step,0
4615,3,10.1991,1.1,step,1
4615,4,9.03454,1.25,step,2

frame,idx,score,alpha,step_norm,z_coarse
4616,0,7.1243,0.65,step,-2
4616,1,10.1167,0.8,step,-1
4616,2,11.4207,0.95,step,0
4616,3,10.2042,1.1,step,1
4616,4,9.03897,1.25,step,2

frame,idx,score,alpha,step_norm,z_coarse
4617,0,7.12368,0.65,step,-2
4617,1,10.1182,0.8,step,-1
4617,2,11.4228,0.95,step,0
4617,3,10.2051,1.1,step,1
4617,4,9.03864,1.25,step,2

frame,idx,score,alpha,step_norm,z_coarse
4618,0,7.12429,0.65,step,-2
4618,1,10.1205,0.8,step,-1
4618,2,11.4228,0.95,step,0
4618,3,10.2046,1.1,step,1
4618,4,9.03932,1.25,step,2

frame,idx,score,alpha,step_norm,z_coarse
4619,0,7.12846,0.65,step,-2
4619,1,10.1231,0.8,step,-1
4619,2,11.4233,0.95,step,0
4619,3,10.2032,1.1,step,1
4619,4,9.03749,1.25,step,2

frame,idx,score,alpha,step_norm,z_coarse
4620,0,7.13471,0.65,step,-2
4620,1,10.1337,0.8,step,-1
4620,2,11.4311,0.95,step,0
4620,3,10.2074,1.1,step,1
4620,4,9.03939,1.25,step,2

frame,idx,score,alpha,step_norm,z_coarse
4621,0,7.13102,0.65,step,-2
4621,1,10.1267,0.8,step,-1
4621,2,11.4264,0.95,step,0
4621,3,10.2053,1.1,step,1
4621,4,9.0397,1.25,step,2

frame,idx,score,alpha,step_norm,z_coarse
4622,0,7.12672,0.65,step,-2
4622,1,10.1227,0.8,step,-1
4622,2,11.4186,0.95,step,0
4622,3,10.1957,1.1,step,1
4622,4,9.03074,1.25,step,2

frame,idx,score,alpha,step_norm,z_coarse
4623,0,7.13324,0.65,step,-2
4623,1,10.1322,0.8,step,-1
4623,2,11.4239,0.95,step,0
4623,3,10.1995,1.1,step,1
4623,4,9.03244,1.25,step,2

frame,idx,score,alpha,step_norm,z_coarse
4624,0,7.13771,0.65,step,-2
4624,1,10.1372,0.8,step,-1
4624,2,11.4312,0.95,step,0
4624,3,10.2044,1.1,step,1
4624,4,9.03578,1.25,step,2

frame,idx,score,alpha,step_norm,z_coarse
4625,0,7.13846,0.65,step,-2
4625,1,10.1385,0.8,step,-1
4625,2,11.4293,0.95,step,0
4625,3,10.2036,1.1,step,1
4625,4,9.03461,1.25,step,2

frame,idx,score,alpha,step_norm,z_coarse
4626,0,7.14231,0.65,step,-2
4626,1,10.147,0.8,step,-1
4626,2,11.4321,0.95,step,0
4626,3,10.203,1.1,step,1
4626,4,9.03381,1.25,step,2

frame,idx,score,alpha,step_norm,z_coarse
4627,0,7.13675,0.65,step,-2
4627,1,10.1382,0.8,step,-1
4627,2,11.4294,0.95,step,0
4627,3,10.203,1.1,step,1
4627,4,9.03534,1.25,step,2

frame,idx,score,alpha,step_norm,z_coarse
4628,0,7.13754,0.65,step,-2
4628,1,10.1347,0.8,step,-1
4628,2,11.4279,0.95,step,0
4628,3,10.2035,1.1,step,1
4628,4,9.03663,1.25,step,2

frame,idx,score,alpha,step_norm,z_coarse
4629,0,7.13109,0.65,step,-2
4629,1,10.126,0.8,step,-1
4629,2,11.4228,0.95,step,0
4629,3,10.2001,1.1,step,1
4629,4,9.03407,1.25,step,2

frame,idx,score,alpha,step_norm,z_coarse
4630,0,7.13538,0.65,step,-2
4630,1,10.1355,0.8,step,-1
4630,2,11.4274,0.95,step,0
4630,3,10.2024,1.1,step,1
4630,4,9.03595,1.25,step,2

frame,idx,score,alpha,step_norm,z_coarse
4631,0,7.14048,0.65,step,-2
4631,1,10.1409,0.8,step,-1
4631,2,11.4281,0.95,step,0
4631,3,10.2024,1.1,step,1
4631,4,9.03566,1.25,step,2

frame,idx,score,alpha,step_norm,z_coarse
4632,0,7.1401,0.65,step,-2
4632,1,10.1363,0.8,step,-1
4632,2,11.4273,0.95,step,0
4632,3,10.2022,1.1,step,1
4632,4,9.03621,1.25,step,2

frame,idx,score,alpha,step_norm,z_coarse
4633,0,7.13719,0.65,step,-2
4633,1,10.1395,0.8,step,-1
4633,2,11.4298,0.95,step,0
4633,3,10.2036,1.1,step,1
4633,4,9.03597,1.25,step,2

frame,idx,score,alpha,step_norm,z_coarse
4634,0,7.129,0.65,step,-2
4634,1,10.1267,0.8,step,-1
4634,2,11.4249,0.95,step,0
4634,3,10.2059,1.1,step,1
4634,4,9.04116,1.25,step,2

frame,idx,score,alpha,step_norm,z_coarse
4635,0,7.13505,0.65,step,-2
4635,1,10.1358,0.8,step,-1
4635,2,11.4268,0.95,step,0
4635,3,10.2027,1.1,step,1
4635,4,9.03594,1.25,step,2

frame,idx,score,alpha,step_norm,z_coarse
4636,0,7.1304,0.65,step,-2
4636,1,10.1284,0.8,step,-1
4636,2,11.4285,0.95,step,0
4636,3,10.2071,1.1,step,1
4636,4,9.03848,1.25,step,2

frame,idx,score,alpha,step_norm,z_coarse
4637,0,7.13244,0.65,step,-2
4637,1,10.1282,0.8,step,-1
4637,2,11.4217,0.95,step,0
4637,3,10.1993,1.1,step,1
4637,4,9.03375,1.25,step,2

frame,idx,score,alpha,step_norm,z_coarse
4638,0,7.14015,0.65,step,-2
4638,1,10.1419,0.8,step,-1
4638,2,11.4352,0.95,step,0
4638,3,10.2091,1.1,step,1
4638,4,9.04219,1.25,step,2

frame,idx,score,alpha,step_norm,z_coarse
4639,0,7.14059,0.65,step,-2
4639,1,10.1421,0.8,step,-1
4639,2,11.4329,0.95,step,0
4639,3,10.2066,1.1,step,1
4639,4,9.03803,1.25,step,2

frame,idx,score,alpha,step_norm,z_coarse
4640,0,7.13625,0.65,step,-2
4640,1,10.1338,0.8,step,-1
4640,2,11.4269,0.95,step,0
4640,3,10.2034,1.1,step,1
4640,4,9.03791,1.25,step,2

frame,idx,score,alpha,step_norm,z_coarse
4641,0,7.13464,0.65,step,-2
4641,1,10.1365,0.8,step,-1
4641,2,11.4287,0.95,step,0
4641,3,10.2038,1.1,step,1
4641,4,9.03744,1.25,step,2

frame,idx,score,alpha,step_norm,z_coarse
4642,0,7.14152,0.65,step,-2
4642,1,10.1425,0.8,step,-1
4642,2,11.4326,0.95,step,0
4642,3,10.2062,1.1,step,1
4642,4,9.03818,1.25,step,2

frame,idx,score,alpha,step_norm,z_coarse
4643,0,7.13916,0.65,step,-2
4643,1,10.1416,0.8,step,-1
4643,2,11.4315,0.95,step,0
4643,3,10.2052,1.1,step,1
4643,4,9.03709,1.25,step,2

frame,idx,score,alpha,step_norm,z_coarse
4644,0,7.13848,0.65,step,-2
4644,1,10.1387,0.8,step,-1
4644,2,11.4275,0.95,step,0
4644,3,10.2005,1.1,step,1
4644,4,9.03289,1.25,step,2

frame,idx,score,alpha,step_norm,z_coarse
4645,0,7.13887,0.65,step,-2
4645,1,10.1454,0.8,step,-1
4645,2,11.4342,0.95,step,0
4645,3,10.206,1.1,step,1
4645,4,9.0392,1.25,step,2

frame,idx,score,alpha,step_norm,z_coarse
4646,0,7.14005,0.65,step,-2
4646,1,10.1407,0.8,step,-1
4646,2,11.4313,0.95,step,0
4646,3,10.2047,1.1,step,1
4646,4,9.03743,1.25,step,2

frame,idx,score,alpha,step_norm,z_coarse
4647,0,7.1373,0.65,step,-2
4647,1,10.1377,0.8,step,-1
4647,2,11.4307,0.95,step,0
4647,3,10.2039,1.1,step,1
4647,4,9.03507,1.25,step,2

frame,idx,score,alpha,step_norm,z_coarse
4648,0,7.13942,0.65,step,-2
4648,1,10.139,0.8,step,-1
4648,2,11.4278,0.95,step,0
4648,3,10.2041,1.1,step,1
4648,4,9.03879,1.25,step,2

frame,idx,score,alpha,step_norm,z_coarse
4649,0,7.14035,0.65,step,-2
4649,1,10.1403,0.8,step,-1
4649,2,11.4304,0.95,step,0
4649,3,10.2026,1.1,step,1
4649,4,9.03376,1.25,step,2

frame,idx,score,alpha,step_norm,z_coarse
4650,0,7.13651,0.65,step,-2
4650,1,10.1317,0.8,step,-1
4650,2,11.4267,0.95,step,0
4650,3,10.2025,1.1,step,1
4650,4,9.03607,1.25,step,2

frame,idx,score,alpha,step_norm,z_coarse
4651,0,7.13733,0.65,step,-2
4651,1,10.1341,0.8,step,-1
4651,2,11.4306,0.95,step,0
4651,3,10.2066,1.1,step,1
4651,4,9.03899,1.25,step,2

frame,idx,score,alpha,step_norm,z_coarse
4652,0,7.14292,0.65,step,-2
4652,1,10.1425,0.8,step,-1
4652,2,11.4306,0.95,step,0
4652,3,10.2046,1.1,step,1
4652,4,9.03716,1.25,step,2

frame,idx,score,alpha,step_norm,z_coarse
4653,0,7.14466,0.65,step,-2
4653,1,10.148,0.8,step,-1
4653,2,11.4337,0.95,step,0
4653,3,10.2049,1.1,step,1
4653,4,9.03577,1.25,step,2

frame,idx,score,alpha,step_norm,z_coarse
4654,0,7.14349,0.65,step,-2
4654,1,10.1415,0.8,step,-1
4654,2,11.4243,0.95,step,0
4654,3,10.1978,1.1,step,1
4654,4,9.03105,1.25,step,2

frame,idx,score,alpha,step_norm,z_coarse
4655,0,7.13474,0.65,step,-2
4655,1,10.1363,0.8,step,-1
4655,2,11.4317,0.95,step,0
4655,3,10.2072,1.1,step,1
4655,4,9.03934,1.25,step,2

frame,idx,score,alpha,step_norm,z_coarse
4656,0,7.13455,0.65,step,-2
4656,1,10.1325,0.8,step,-1
4656,2,11.4283,0.95,step,0
4656,3,10.2044,1.1,step,1
4656,4,9.0384,1.25,step,2

frame,idx,score,alpha,step_norm,z_coarse
4657,0,7.13416,0.65,step,-2
4657,1,10.1305,0.8,step,-1
4657,2,11.4236,0.95,step,0
4657,3,10.2007,1.1,step,1
4657,4,9.03568,1.25,step,2

frame,idx,score,alpha,step_norm,z_coarse
4658,0,7.14517,0.65,step,-2
4658,1,10.1471,0.8,step,-1
4658,2,11.4336,0.95,step,0
4658,3,10.2056,1.1,step,1
4658,4,9.03823,1.25,step,2

frame,idx,score,alpha,step_norm,z_coarse
4659,0,7.13665,0.65,step,-2
4659,1,10.1356,0.8,step,-1
4659,2,11.4303,0.95,step,0
4659,3,10.2055,1.1,step,1
4659,4,9.03758,1.25,step,2

frame,idx,score,alpha,step_norm,z_coarse
4660,0,7.13599,0.65,step,-2
4660,1,10.133,0.8,step,-1
4660,2,11.4292,0.95,step,0
4660,3,10.2066,1.1,step,1
4660,4,9.03903,1.25,step,2

frame,idx,score,alpha,step_norm,z_coarse
4661,0,7.14164,0.65,step,-2
4661,1,10.1413,0.8,step,-1
4661,2,11.4309,0.95,step,0
4661,3,10.2037,1.1,step,1
4661,4,9.03479,1.25,step,2

frame,idx,score,alpha,step_norm,z_coarse
4662,0,7.13541,0.65,step,-2
4662,1,10.1364,0.8,step,-1
4662,2,11.4265,0.95,step,0
4662,3,10.1994,1.1,step,1
4662,4,9.03116,1.25,step,2

frame,idx,score,alpha,step_norm,z_coarse
4663,0,7.13422,0.65,step,-2
4663,1,10.1326,0.8,step,-1
4663,2,11.4307,0.95,step,0
4663,3,10.2063,1.1,step,1
4663,4,9.03854,1.25,step,2

frame,idx,score,alpha,step_norm,z_coarse
4664,0,7.13522,0.65,step,-2
4664,1,10.1324,0.8,step,-1
4664,2,11.4264,0.95,step,0
4664,3,10.2022,1.1,step,1
4664,4,9.03616,1.25,step,2

frame,idx,score,alpha,step_norm,z_coarse
4665,0,7.13785,0.65,step,-2
4665,1,10.1375,0.8,step,-1
4665,2,11.4266,0.95,step,0
4665,3,10.2026,1.1,step,1
4665,4,9.03633,1.25,step,2

frame,idx,score,alpha,step_norm,z_coarse
4666,0,7.1438,0.65,step,-2
4666,1,10.1453,0.8,step,-1
4666,2,11.4353,0.95,step,0
4666,3,10.2087,1.1,step,1
4666,4,9.04159,1.25,step,2

frame,idx,score,alpha,step_norm,z_coarse
4667,0,7.14308,0.65,step,-2
4667,1,10.1497,0.8,step,-1
4667,2,11.4334,0.95,step,0
4667,3,10.2019,1.1,step,1
4667,4,9.03278,1.25,step,2

frame,idx,score,alpha,step_norm,z_coarse
4668,0,7.13794,0.65,step,-2
4668,1,10.1386,0.8,step,-1
4668,2,11.4316,0.95,step,0
4668,3,10.2076,1.1,step,1
4668,4,9.04087,1.25,step,2

frame,idx,score,alpha,step_norm,z_coarse
4669,0,7.1393,0.65,step,-2
4669,1,10.1412,0.8,step,-1
4669,2,11.4342,0.95,step,0
4669,3,10.21,1.1,step,1
4669,4,9.04184,1.25,step,2

frame,idx,score,alpha,step_norm,z_coarse
4670,0,7.13612,0.65,step,-2
4670,1,10.1344,0.8,step,-1
4670,2,11.4269,0.95,step,0
4670,3,10.203,1.1,step,1
4670,4,9.03579,1.25,step,2

frame,idx,score,alpha,step_norm,z_coarse
4671,0,7.13996,0.65,step,-2
4671,1,10.1394,0.8,step,-1
4671,2,11.4273,0.95,step,0
4671,3,10.1996,1.1,step,1
4671,4,9.03465,1.25,step,2

frame,idx,score,alpha,step_norm,z_coarse
4672,0,7.13511,0.65,step,-2
4672,1,10.1364,0.8,step,-1
4672,2,11.4285,0.95,step,0
4672,3,10.2032,1.1,step,1
4672,4,9.03561,1.25,step,2

frame,idx,score,alpha,step_norm,z_coarse
4673,0,7.13434,0.65,step,-2
4673,1,10.1346,0.8,step,-1
4673,2,11.4327,0.95,step,0
4673,3,10.2078,1.1,step,1
4673,4,9.04006,1.25,step,2

frame,idx,score,alpha,step_norm,z_coarse
4674,0,7.13814,0.65,step,-2
4674,1,10.1384,0.8,step,-1
4674,2,11.4331,0.95,step,0
4674,3,10.2059,1.1,step,1
4674,4,9.0375,1.25,step,2

frame,idx,score,alpha,step_norm,z_coarse
4675,0,7.13659,0.65,step,-2
4675,1,10.1362,0.8,step,-1
4675,2,11.4268,0.95,step,0
4675,3,10.2023,1.1,step,1
4675,4,9.0359,1.25,step,2

frame,idx,score,alpha,step_norm,z_coarse
4676,0,7.13736,0.65,step,-2
4676,1,10.1376,0.8,step,-1
4676,2,11.4343,0.95,step,0
4676,3,10.2087,1.1,step,1
4676,4,9.03951,1.25,step,2

frame,idx,score,alpha,step_norm,z_coarse
4677,0,7.13305,0.65,step,-2
4677,1,10.1309,0.8,step,-1
4677,2,11.4245,0.95,step,0
4677,3,10.2015,1.1,step,1
4677,4,9.03569,1.25,step,2

frame,idx,score,alpha,step_norm,z_coarse
4678,0,7.14575,0.65,step,-2
4678,1,10.1516,0.8,step,-1
4678,2,11.4336,0.95,step,0
4678,3,10.2031,1.1,step,1
4678,4,9.03533,1.25,step,2

frame,idx,score,alpha,step_norm,z_coarse
4679,0,7.14837,0.65,step,-2
4679,1,10.1564,0.8,step,-1
4679,2,11.4391,0.95,step,0
4679,3,10.2079,1.1,step,1
4679,4,9.0375,1.25,step,2

frame,idx,score,alpha,step_norm,z_coarse
4680,0,7.13645,0.65,step,-2
4680,1,10.1336,0.8,step,-1
4680,2,11.424,0.95,step,0
4680,3,10.2007,1.1,step,1
4680,4,9.03526,1.25,step,2

frame,idx,score,alpha,step_norm,z_coarse
4681,0,7.13811,0.65,step,-2
4681,1,10.1385,0.8,step,-1
4681,2,11.4256,0.95,step,0
4681,3,10.1996,1.1,step,1
4681,4,9.03457,1.25,step,2

frame,idx,score,alpha,step_norm,z_coarse
4682,0,7.14455,0.65,step,-2
4682,1,10.1462,0.8,step,-1
4682,2,11.434,0.95,step,0
4682,3,10.2047,1.1,step,1
4682,4,9.03524,1.25,step,2

frame,idx,score,alpha,step_norm,z_coarse
4683,0,7.13229,0.65,step,-2
4683,1,10.1252,0.8,step,-1
4683,2,11.4251,0.95,step,0
4683,3,10.2042,1.1,step,1
4683,4,9.03761,1.25,step,2

frame,idx,score,alpha,step_norm,z_coarse
4684,0,7.13756,0.65,step,-2
4684,1,10.1378,0.8,step,-1
4684,2,11.4278,0.95,step,0
4684,3,10.2022,1.1,step,1
4684,4,9.03368,1.25,step,2

frame,idx,score,alpha,step_norm,z_coarse
4685,0,7.13602,0.65,step,-2
4685,1,10.1337,0.8,step,-1
4685,2,11.4299,0.95,step,0
4685,3,10.2085,1.1,step,1
4685,4,9.04167,1.25,step,2

frame,idx,score,alpha,step_norm,z_coarse
4686,0,7.13022,0.65,step,-2
4686,1,10.1255,0.8,step,-1
4686,2,11.4244,0.95,step,0
4686,3,10.2029,1.1,step,1
4686,4,9.0365,1.25,step,2

frame,idx,score,alpha,step_norm,z_coarse
4687,0,7.12713,0.65,step,-2
4687,1,10.1213,0.8,step,-1
4687,2,11.4263,0.95,step,0
4687,3,10.2068,1.1,step,1
4687,4,9.03935,1.25,step,2

frame,idx,score,alpha,step_norm,z_coarse
4688,0,7.13286,0.65,step,-2
4688,1,10.1312,0.8,step,-1
4688,2,11.4328,0.95,step,0
4688,3,10.2111,1.1,step,1
4688,4,9.04283,1.25,step,2

frame,idx,score,alpha,step_norm,z_coarse
4689,0,7.12921,0.65,step,-2
4689,1,10.1222,0.8,step,-1
4689,2,11.4329,0.95,step,0
4689,3,10.2125,1.1,step,1
4689,4,9.0431,1.25,step,2

frame,idx,score,alpha,step_norm,z_coarse
4690,0,7.11899,0.65,step,-2
4690,1,10.1091,0.8,step,-1
4690,2,11.4223,0.95,step,0
4690,3,10.2101,1.1,step,1
4690,4,9.04551,1.25,step,2

frame,idx,score,alpha,step_norm,z_coarse
4691,0,7.11313,0.65,step,-2
4691,1,10.1002,0.8,step,-1
4691,2,11.4183,0.95,step,0
4691,3,10.2058,1.1,step,1
4691,4,9.04069,1.25,step,2

frame,idx,score,alpha,step_norm,z_coarse
4692,0,7.11924,0.65,step,-2
4692,1,10.1105,0.8,step,-1
4692,2,11.4236,0.95,step,0
4692,3,10.2107,1.1,step,1
4692,4,9.04697,1.25,step,2

frame,idx,score,alpha,step_norm,z_coarse
4693,0,7.10572,0.65,step,-2
4693,1,10.0917,0.8,step,-1
4693,2,11.4209,0.95,step,0
4693,3,10.2112,1.1,step,1
4693,4,9.04591,1.25,step,2

frame,idx,score,alpha,step_norm,z_coarse
4694,0,7.11145,0.65,step,-2
4694,1,10.1013,0.8,step,-1
4694,2,11.4248,0.95,step,0
4694,3,10.2142,1.1,step,1
4694,4,9.04737,1.25,step,2

frame,idx,score,alpha,step_norm,z_coarse
4695,0,7.1049,0.65,step,-2
4695,1,10.0911,0.8,step,-1
4695,2,11.4168,0.95,step,0
4695,3,10.2109,1.1,step,1
4695,4,9.04752,1.25,step,2

frame,idx,score,alpha,step_norm,z_coarse
4696,0,7.10661,0.65,step,-2
4696,1,10.0884,0.8,step,-1
4696,2,11.4177,0.95,step,0
4696,3,10.2118,1.1,step,1
4696,4,9.04883,1.25,step,2

frame,idx,score,alpha,step_norm,z_coarse
4697,0,7.09905,0.65,step,-2
4697,1,10.0764,0.8,step,-1
4697,2,11.4088,0.95,step,0
4697,3,10.2089,1.1,step,1
4697,4,9.04855,1.25,step,2

frame,idx,score,alpha,step_norm,z_coarse
4698,0,7.09429,0.65,step,-2
4698,1,10.0737,0.8,step,-1
4698,2,11.4097,0.95,step,0
4698,3,10.2109,1.1,step,1
4698,4,9.05064,1.25,step,2

frame,idx,score,alpha,step_norm,z_coarse
4699,0,7.09801,0.65,step,-2
4699,1,10.0785,0.8,step,-1
4699,2,11.4122,0.95,step,0
4699,3,10.2093,1.1,step,1
4699,4,9.04545,1.25,step,2

frame,idx,score,alpha,step_norm,z_coarse
4700,0,7.09098,0.65,step,-2
4700,1,10.0669,0.8,step,-1
4700,2,11.4131,0.95,step,0
4700,3,10.2158,1.1,step,1
4700,4,9.05393,1.25,step,2

frame,idx,score,alpha,step_norm,z_coarse
4701,0,7.08337,0.65,step,-2
4701,1,10.0532,0.8,step,-1
4701,2,11.4036,0.95,step,0
4701,3,10.216,1.1,step,1
4701,4,9.05725,1.25,step,2

frame,idx,score,alpha,step_norm,z_coarse
4702,0,7.08278,0.65,step,-2
4702,1,10.0542,0.8,step,-1
4702,2,11.4068,0.95,step,0
4702,3,10.2176,1.1,step,1
4702,4,9.05857,1.25,step,2

frame,idx,score,alpha,step_norm,z_coarse
4703,0,7.07954,0.65,step,-2
4703,1,10.0514,0.8,step,-1
4703,2,11.4059,0.95,step,0
4703,3,10.216,1.1,step,1
4703,4,9.05453,1.25,step,2

frame,idx,score,alpha,step_norm,z_coarse
4704,0,7.07627,0.65,step,-2
4704,1,10.0438,0.8,step,-1
4704,2,11.3999,0.95,step,0
4704,3,10.2145,1.1,step,1
4704,4,9.05653,1.25,step,2

frame,idx,score,alpha,step_norm,z_coarse
4705,0,7.07533,0.65,step,-2
4705,1,10.0415,0.8,step,-1
4705,2,11.4063,0.95,step,0
4705,3,10.2218,1.1,step,1
4705,4,9.06216,1.25,step,2

frame,idx,score,alpha,step_norm,z_coarse
4706,0,7.07251,0.65,step,-2
4706,1,10.0381,0.8,step,-1
4706,2,11.4057,0.95,step,0
4706,3,10.222,1.1,step,1
4706,4,9.06229,1.25,step,2

frame,idx,score,alpha,step_norm,z_coarse
4707,0,7.05684,0.65,step,-2
4707,1,10.0141,0.8,step,-1
4707,2,11.3927,0.95,step,0
4707,3,10.2189,1.1,step,1
4707,4,9.06354,1.25,step,2

frame,idx,score,alpha,step_norm,z_coarse
4708,0,7.05206,0.65,step,-2
4708,1,10.0049,0.8,step,-1
4708,2,11.3915,0.95,step,0
4708,3,10.2218,1.1,step,1
4708,4,9.06657,1.25,step,2

frame,idx,score,alpha,step_norm,z_coarse
4709,0,7.04931,0.65,step,-2
4709,1,10.0036,0.8,step,-1
4709,2,11.3904,0.95,step,0
4709,3,10.2213,1.1,step,1
4709,4,9.06613,1.25,step,2

frame,idx,score,alpha,step_norm,z_coarse
4710,0,7.04791,0.65,step,-2
4710,1,9.99799,0.8,step,-1
4710,2,11.3885,0.95,step,0
4710,3,10.2234,1.1,step,1
4710,4,9.06854,1.25,step,2

frame,idx,score,alpha,step_norm,z_coarse
4711,0,7.04684,0.65,step,-2
4711,1,9.99848,0.8,step,-1
4711,2,11.3907,0.95,step,0
4711,3,10.2251,1.1,step,1
4711,4,9.07025,1.25,step,2

frame,idx,score,alpha,step_norm,z_coarse
4712,0,7.04554,0.65,step,-2
4712,1,9.99812,0.8,step,-1
4712,2,11.3909,0.95,step,0
4712,3,10.2263,1.1,step,1
4712,4,9.07411,1.25,step,2

frame,idx,score,alpha,step_norm,z_coarse
4713,0,7.03801,0.65,step,-2
4713,1,9.98703,0.8,step,-1
4713,2,11.3872,0.95,step,0
4713,3,10.2269,1.1,step,1
4713,4,9.07273,1.25,step,2

frame,idx,score,alpha,step_norm,z_coarse
4714,0,7.02974,0.65,step,-2
4714,1,9.97457,0.8,step,-1
4714,2,11.3785,0.95,step,0
4714,3,10.222,1.1,step,1
4714,4,9.07074,1.25,step,2

frame,idx,score,alpha,step_norm,z_coarse
4715,0,7.0339,0.65,step,-2
4715,1,9.97844,0.8,step,-1
4715,2,11.3872,0.95,step,0
4715,3,10.2304,1.1,step,1
4715,4,9.07712,1.25,step,2

frame,idx,score,alpha,step_norm,z_coarse
4716,0,7.02978,0.65,step,-2
4716,1,9.9727,0.8,step,-1
4716,2,11.3773,0.95,step,0
4716,3,10.2204,1.1,step,1
4716,4,9.06924,1.25,step,2

frame,idx,score,alpha,step_norm,z_coarse
4717,0,7.03477,0.65,step,-2
4717,1,9.98028,0.8,step,-1
4717,2,11.388,0.95,step,0
4717,3,10.2322,1.1,step,1
4717,4,9.07825,1.25,step,2

frame,idx,score,alpha,step_norm,z_coarse
4718,0,7.02411,0.65,step,-2
4718,1,9.9651,0.8,step,-1
4718,2,11.3802,0.95,step,0
4718,3,10.2287,1.1,step,1
4718,4,9.07646,1.25,step,2

frame,idx,score,alpha,step_norm,z_coarse
4719,0,7.02212,0.65,step,-2
4719,1,9.96284,0.8,step,-1
4719,2,11.375,0.95,step,0
4719,3,10.222,1.1,step,1
4719,4,9.07083,1.25,step,2

frame,idx,score,alpha,step_norm,z_coarse
4720,0,6.99856,0.65,step,-2
4720,1,9.92418,0.8,step,-1
4720,2,11.3603,0.95,step,0
4720,3,10.2264,1.1,step,1
4720,4,9.08046,1.25,step,2

frame,idx,score,alpha,step_norm,z_coarse
4721,0,7.00009,0.65,step,-2
4721,1,9.92675,0.8,step,-1
4721,2,11.3644,0.95,step,0
4721,3,10.2299,1.1,step,1
4721,4,9.08366,1.25,step,2

frame,idx,score,alpha,step_norm,z_coarse
4722,0,6.99301,0.65,step,-2
4722,1,9.91587,0.8,step,-1
4722,2,11.3618,0.95,step,0
4722,3,10.2332,1.1,step,1
4722,4,9.08713,1.25,step,2

frame,idx,score,alpha,step_norm,z_coarse
4723,0,6.97367,0.65,step,-2
4723,1,9.8851,0.8,step,-1
4723,2,11.3523,0.95,step,0
4723,3,10.2407,1.1,step,1
4723,4,9.10104,1.25,step,2

frame,idx,score,alpha,step_norm,z_coarse
4724,0,6.96676,0.65,step,-2
4724,1,9.87827,0.8,step,-1
4724,2,11.3563,0.95,step,0
4724,3,10.2462,1.1,step,1
4724,4,9.10347,1.25,step,2

frame,idx,score,alpha,step_norm,z_coarse
4725,0,6.96223,0.65,step,-2
4725,1,9.86708,0.8,step,-1
4725,2,11.345,0.95,step,0
4725,3,10.2415,1.1,step,1
4725,4,9.10401,1.25,step,2

frame,idx,score,alpha,step_norm,z_coarse
4726,0,6.95883,0.65,step,-2
4726,1,9.86003,0.8,step,-1
4726,2,11.3386,0.95,step,0
4726,3,10.2354,1.1,step,1
4726,4,9.09794,1.25,step,2

frame,idx,score,alpha,step_norm,z_coarse
4727,0,6.95485,0.65,step,-2
4727,1,9.85477,0.8,step,-1
4727,2,11.3441,0.95,step,0
4727,3,10.2455,1.1,step,1
4727,4,9.10837,1.25,step,2

frame,idx,score,alpha,step_norm,z_coarse
4728,0,6.92729,0.65,step,-2
4728,1,9.81522,0.8,step,-1
4728,2,11.3281,0.95,step,0
4728,3,10.2493,1.1,step,1
4728,4,9.11832,1.25,step,2

frame,idx,score,alpha,step_norm,z_coarse
4729,0,6.91823,0.65,step,-2
4729,1,9.79626,0.8,step,-1
4729,2,11.3204,0.95,step,0
4729,3,10.2513,1.1,step,1
4729,4,9.12295,1.25,step,2

frame,idx,score,alpha,step_norm,z_coarse
4730,0,6.91178,0.65,step,-2
4730,1,9.78844,0.8,step,-1
4730,2,11.3173,0.95,step,0
4730,3,10.2508,1.1,step,1
4730,4,9.12289,1.25,step,2

frame,idx,score,alpha,step_norm,z_coarse
4731,0,6.90375,0.65,step,-2
4731,1,9.77495,0.8,step,-1
4731,2,11.3116,0.95,step,0
4731,3,10.2534,1.1,step,1
4731,4,9.12899,1.25,step,2

frame,idx,score,alpha,step_norm,z_coarse
4732,0,6.88587,0.65,step,-2
4732,1,9.75107,0.8,step,-1
4732,2,11.3042,0.95,step,0
4732,3,10.256,1.1,step,1
4732,4,9.1329,1.25,step,2

frame,idx,score,alpha,step_norm,z_coarse
4733,0,6.88374,0.65,step,-2
4733,1,9.74903,0.8,step,-1
4733,2,11.3069,0.95,step,0
4733,3,10.2593,1.1,step,1
4733,4,9.13706,1.25,step,2

frame,idx,score,alpha,step_norm,z_coarse
4734,0,6.86217,0.65,step,-2
4734,1,9.71051,0.8,step,-1
4734,2,11.2893,0.95,step,0
4734,3,10.2629,1.1,step,1
4734,4,9.14745,1.25,step,2

frame,idx,score,alpha,step_norm,z_coarse
4735,0,6.87037,0.65,step,-2
4735,1,9.72751,0.8,step,-1
4735,2,11.296,0.95,step,0
4735,3,10.2606,1.1,step,1
4735,4,9.14212,1.25,step,2

frame,idx,score,alpha,step_norm,z_coarse
4736,0,6.8604,0.65,step,-2
4736,1,9.70947,0.8,step,-1
4736,2,11.2854,0.95,step,0
4736,3,10.2591,1.1,step,1
4736,4,9.1447,1.25,step,2

frame,idx,score,alpha,step_norm,z_coarse
4737,0,6.86443,0.65,step,-2
4737,1,9.71567,0.8,step,-1
4737,2,11.2968,0.95,step,0
4737,3,10.267,1.1,step,1
4737,4,9.14909,1.25,step,2

frame,idx,score,alpha,step_norm,z_coarse
4738,0,6.86251,0.65,step,-2
4738,1,9.7115,0.8,step,-1
4738,2,11.2877,0.95,step,0
4738,3,10.2613,1.1,step,1
4738,4,9.14772,1.25,step,2

frame,idx,score,alpha,step_norm,z_coarse
4739,0,6.85485,0.65,step,-2
4739,1,9.69944,0.8,step,-1
4739,2,11.2847,0.95,step,0
4739,3,10.264,1.1,step,1
4739,4,9.14979,1.25,step,2

frame,idx,score,alpha,step_norm,z_coarse
4740,0,6.85439,0.65,step,-2
4740,1,9.69649,0.8,step,-1
4740,2,11.2815,0.95,step,0
4740,3,10.262,1.1,step,1
4740,4,9.15013,1.25,step,2

frame,idx,score,alpha,step_norm,z_coarse
4741,0,6.83693,0.65,step,-2
4741,1,9.67321,0.8,step,-1
4741,2,11.2807,0.95,step,0
4741,3,10.2757,1.1,step,1
4741,4,9.16527,1.25,step,2

frame,idx,score,alpha,step_norm,z_coarse
4742,0,6.83592,0.65,step,-2
4742,1,9.67178,0.8,step,-1
4742,2,11.2786,0.95,step,0
4742,3,10.2718,1.1,step,1
4742,4,9.16162,1.25,step,2

frame,idx,score,alpha,step_norm,z_coarse
4743,0,6.82722,0.65,step,-2
4743,1,9.65563,0.8,step,-1
4743,2,11.2684,0.95,step,0
4743,3,10.271,1.1,step,1
4743,4,9.16558,1.25,step,2

frame,idx,score,alpha,step_norm,z_coarse
4744,0,6.82059,0.65,step,-2
4744,1,9.64731,0.8,step,-1
4744,2,11.2666,0.95,step,0
4744,3,10.2736,1.1,step,1
4744,4,9.16856,1.25,step,2

frame,idx,score,alpha,step_norm,z_coarse
4745,0,6.822,0.65,step,-2
4745,1,9.64963,0.8,step,-1
4745,2,11.271,0.95,step,0
4745,3,10.2791,1.1,step,1
4745,4,9.17509,1.25,step,2

frame,idx,score,alpha,step_norm,z_coarse
4746,0,6.81868,0.65,step,-2
4746,1,9.64138,0.8,step,-1
4746,2,11.2654,0.95,step,0
4746,3,10.2796,1.1,step,1
4746,4,9.17876,1.25,step,2

frame,idx,score,alpha,step_norm,z_coarse
4747,0,6.80811,0.65,step,-2
4747,1,9.62721,0.8,step,-1
4747,2,11.2646,0.95,step,0
4747,3,10.2841,1.1,step,1
4747,4,9.1814,1.25,step,2

frame,idx,score,alpha,step_norm,z_coarse
4748,0,6.80919,0.65,step,-2
4748,1,9.62456,0.8,step,-1
4748,2,11.2572,0.95,step,0
4748,3,10.2776,1.1,step,1
4748,4,9.17761,1.25,step,2

frame,idx,score,alpha,step_norm,z_coarse
4749,0,6.81157,0.65,step,-2
4749,1,9.6322,0.8,step,-1
4749,2,11.2661,0.95,step,0
4749,3,10.2834,1.1,step,1
4749,4,9.18018,1.25,step,2

frame,idx,score,alpha,step_norm,z_coarse
4750,0,6.79997,0.65,step,-2
4750,1,9.61543,0.8,step,-1
4750,2,11.2552,0.95,step,0
4750,3,10.2797,1.1,step,1
4750,4,9.18166,1.25,step,2

frame,idx,score,alpha,step_norm,z_coarse
4751,0,6.79941,0.65,step,-2
4751,1,9.61363,0.8,step,-1
4751,2,11.2557,0.95,step,0
4751,3,10.284,1.1,step,1
4751,4,9.18646,1.25,step,2

frame,idx,score,alpha,step_norm,z_coarse
4752,0,6.80267,0.65,step,-2
4752,1,9.62378,0.8,step,-1
4752,2,11.257,0.95,step,0
4752,3,10.2776,1.1,step,1
4752,4,9.17813,1.25,step,2

frame,idx,score,alpha,step_norm,z_coarse
4753,0,6.78877,0.65,step,-2
4753,1,9.5937,0.8,step,-1
4753,2,11.2447,0.95,step,0
4753,3,10.2808,1.1,step,1
4753,4,9.18652,1.25,step,2

frame,idx,score,alpha,step_norm,z_coarse
4754,0,6.7898,0.65,step,-2
4754,1,9.59746,0.8,step,-1
4754,2,11.2458,0.95,step,0
4754,3,10.2798,1.1,step,1
4754,4,9.18421,1.25,step,2

frame,idx,score,alpha,step_norm,z_coarse
4755,0,6.79116,0.65,step,-2
4755,1,9.59998,0.8,step,-1
4755,2,11.2495,0.95,step,0
4755,3,10.2865,1.1,step,1
4755,4,9.19222,1.25,step,2

frame,idx,score,alpha,step_norm,z_coarse
4756,0,6.78874,0.65,step,-2
4756,1,9.5955,0.8,step,-1
4756,2,11.2483,0.95,step,0
4756,3,10.2861,1.1,step,1
4756,4,9.19165,1.25,step,2

frame,idx,score,alpha,step_norm,z_coarse
4757,0,6.77344,0.65,step,-2
4757,1,9.57364,0.8,step,-1
4757,2,11.2418,0.95,step,0
4757,3,10.2894,1.1,step,1
4757,4,9.19654,1.25,step,2

frame,idx,score,alpha,step_norm,z_coarse
4758,0,6.76955,0.65,step,-2
4758,1,9.56714,0.8,step,-1
4758,2,11.2394,0.95,step,0
4758,3,10.2909,1.1,step,1
4758,4,9.19945,1.25,step,2

frame,idx,score,alpha,step_norm,z_coarse
4759,0,6.76812,0.65,step,-2
4759,1,9.56433,0.8,step,-1
4759,2,11.2331,0.95,step,0
4759,3,10.2871,1.1,step,1
4759,4,9.19831,1.25,step,2

frame,idx,score,alpha,step_norm,z_coarse
4760,0,6.76296,0.65,step,-2
4760,1,9.55921,0.8,step,-1
4760,2,11.2307,0.95,step,0
4760,3,10.2875,1.1,step,1
4760,4,9.19943,1.25,step,2

frame,idx,score,alpha,step_norm,z_coarse
4761,0,6.76245,0.65,step,-2
4761,1,9.55655,0.8,step,-1
4761,2,11.2357,0.95,step,0
4761,3,10.2941,1.1,step,1
4761,4,9.20548,1.25,step,2

frame,idx,score,alpha,step_norm,z_coarse
4762,0,6.76023,0.65,step,-2
4762,1,9.55059,0.8,step,-1
4762,2,11.2287,0.95,step,0
4762,3,10.2935,1.1,step,1
4762,4,9.20891,1.25,step,2

frame,idx,score,alpha,step_norm,z_coarse
4763,0,6.74115,0.65,step,-2
4763,1,9.52301,0.8,step,-1
4763,2,11.2219,0.95,step,0
4763,3,10.2993,1.1,step,1
4763,4,9.21718,1.25,step,2

frame,idx,score,alpha,step_norm,z_coarse
4764,0,6.74204,0.65,step,-2
4764,1,9.52266,0.8,step,-1
4764,2,11.2201,0.95,step,0
4764,3,10.3002,1.1,step,1
4764,4,9.22091,1.25,step,2

frame,idx,score,alpha,step_norm,z_coarse
4765,0,6.73785,0.65,step,-2
4765,1,9.52006,0.8,step,-1
4765,2,11.2199,0.95,step,0
4765,3,10.3006,1.1,step,1
4765,4,9.22017,1.25,step,2

frame,idx,score,alpha,step_norm,z_coarse
4766,0,6.73526,0.65,step,-2
4766,1,9.51055,0.8,step,-1
4766,2,11.2103,0.95,step,0
4766,3,10.2955,1.1,step,1
4766,4,9.21801,1.25,step,2

frame,idx,score,alpha,step_norm,z_coarse
4767,0,6.73369,0.65,step,-2
4767,1,9.51392,0.8,step,-1
4767,2,11.2166,0.95,step,0
4767,3,10.2981,1.1,step,1
4767,4,9.21785,1.25,step,2

frame,idx,score,alpha,step_norm,z_coarse
4768,0,6.72014,0.65,step,-2
4768,1,9.49006,0.8,step,-1
4768,2,11.2072,0.95,step,0
4768,3,10.3071,1.1,step,1
4768,4,9.23334,1.25,step,2

frame,idx,score,alpha,step_norm,z_coarse
4769,0,6.71163,0.65,step,-2
4769,1,9.48033,0.8,step,-1
4769,2,11.2027,0.95,step,0
4769,3,10.3049,1.1,step,1
4769,4,9.23028,1.25,step,2

frame,idx,score,alpha,step_norm,z_coarse
4770,0,6.71202,0.65,step,-2
4770,1,9.48022,0.8,step,-1
4770,2,11.2037,0.95,step,0
4770,3,10.3075,1.1,step,1
4770,4,9.23433,1.25,step,2

frame,idx,score,alpha,step_norm,z_coarse
4771,0,6.71146,0.65,step,-2
4771,1,9.47808,0.8,step,-1
4771,2,11.2042,0.95,step,0
4771,3,10.3101,1.1,step,1
4771,4,9.23625,1.25,step,2

frame,idx,score,alpha,step_norm,z_coarse
4772,0,6.70133,0.65,step,-2
4772,1,9.46208,0.8,step,-1
4772,2,11.1997,0.95,step,0
4772,3,10.3165,1.1,step,1
4772,4,9.24764,1.25,step,2

frame,idx,score,alpha,step_norm,z_coarse
4773,0,6.69734,0.65,step,-2
4773,1,9.45639,0.8,step,-1
4773,2,11.1925,0.95,step,0
4773,3,10.3096,1.1,step,1
4773,4,9.24133,1.25,step,2

frame,idx,score,alpha,step_norm,z_coarse
4774,0,6.6828,0.65,step,-2
4774,1,9.43511,0.8,step,-1
4774,2,11.188,0.95,step,0
4774,3,10.318,1.1,step,1
4774,4,9.2537,1.25,step,2

frame,idx,score,alpha,step_norm,z_coarse
4775,0,6.68349,0.65,step,-2
4775,1,9.43568,0.8,step,-1
4775,2,11.1944,0.95,step,0
4775,3,10.3253,1.1,step,1
4775,4,9.25941,1.25,step,2

frame,idx,score,alpha,step_norm,z_coarse
4776,0,6.6766,0.65,step,-2
4776,1,9.42769,0.8,step,-1
4776,2,11.1924,0.95,step,0
4776,3,10.327,1.1,step,1
4776,4,9.26254,1.25,step,2

frame,idx,score,alpha,step_norm,z_coarse
4777,0,6.67087,0.65,step,-2
4777,1,9.41738,0.8,step,-1
4777,2,11.1898,0.95,step,0
4777,3,10.3341,1.1,step,1
4777,4,9.27258,1.25,step,2

frame,idx,score,alpha,step_norm,z_coarse
4778,0,6.67102,0.65,step,-2
4778,1,9.41494,0.8,step,-1
4778,2,11.1866,0.95,step,0
4778,3,10.3312,1.1,step,1
4778,4,9.26991,1.25,step,2

frame,idx,score,alpha,step_norm,z_coarse
4779,0,6.67032,0.65,step,-2
4779,1,9.41328,0.8,step,-1
4779,2,11.1854,0.95,step,0
4779,3,10.3304,1.1,step,1
4779,4,9.27066,1.25,step,2

frame,idx,score,alpha,step_norm,z_coarse
4780,0,6.65624,0.65,step,-2
4780,1,9.39323,0.8,step,-1
4780,2,11.1797,0.95,step,0
4780,3,10.3372,1.1,step,1
4780,4,9.28204,1.25,step,2

frame,idx,score,alpha,step_norm,z_coarse
4781,0,6.6569,0.65,step,-2
4781,1,9.39941,0.8,step,-1
4781,2,11.1851,0.95,step,0
4781,3,10.3382,1.1,step,1
4781,4,9.27908,1.25,step,2

frame,idx,score,alpha,step_norm,z_coarse
4782,0,6.65128,0.65,step,-2
4782,1,9.38605,0.8,step,-1
4782,2,11.1705,0.95,step,0
4782,3,10.3351,1.1,step,1
4782,4,9.28165,1.25,step,2

frame,idx,score,alpha,step_norm,z_coarse
4783,0,6.64761,0.65,step,-2
4783,1,9.38184,0.8,step,-1
4783,2,11.175,0.95,step,0
4783,3,10.3395,1.1,step,1
4783,4,9.28576,1.25,step,2

frame,idx,score,alpha,step_norm,z_coarse
4784,0,6.64602,0.65,step,-2
4784,1,9.37668,0.8,step,-1
4784,2,11.1694,0.95,step,0
4784,3,10.3365,1.1,step,1
4784,4,9.28509,1.25,step,2

frame,idx,score,alpha,step_norm,z_coarse
4785,0,6.64156,0.65,step,-2
4785,1,9.36934,0.8,step,-1
4785,2,11.1711,0.95,step,0
4785,3,10.3427,1.1,step,1
4785,4,9.29083,1.25,step,2

frame,idx,score,alpha,step_norm,z_coarse
4786,0,6.63481,0.65,step,-2
4786,1,9.3573,0.8,step,-1
4786,2,11.1623,0.95,step,0
4786,3,10.3434,1.1,step,1
4786,4,9.29706,1.25,step,2

frame,idx,score,alpha,step_norm,z_coarse
4787,0,6.63308,0.65,step,-2
4787,1,9.3572,0.8,step,-1
4787,2,11.162,0.95,step,0
4787,3,10.3399,1.1,step,1
4787,4,9.29124,1.25,step,2

frame,idx,score,alpha,step_norm,z_coarse
4788,0,6.63171,0.65,step,-2
4788,1,9.35757,0.8,step,-1
4788,2,11.1658,0.95,step,0
4788,3,10.3445,1.1,step,1
4788,4,9.29499,1.25,step,2

frame,idx,score,alpha,step_norm,z_coarse
4789,0,6.627,0.65,step,-2
4789,1,9.34859,0.8,step,-1
4789,2,11.1624,0.95,step,0
4789,3,10.347,1.1,step,1
4789,4,9.29983,1.25,step,2

frame,idx,score,alpha,step_norm,z_coarse
4790,0,6.62633,0.65,step,-2
4790,1,9.34741,0.8,step,-1
4790,2,11.1651,0.95,step,0
4790,3,10.3559,1.1,step,1
4790,4,9.31101,1.25,step,2

frame,idx,score,alpha,step_norm,z_coarse
4791,0,6.629,0.65,step,-2
4791,1,9.35107,0.8,step,-1
4791,2,11.1642,0.95,step,0
4791,3,10.3475,1.1,step,1
4791,4,9.29902,1.25,step,2

frame,idx,score,alpha,step_norm,z_coarse
4792,0,6.6299,0.65,step,-2
4792,1,9.35283,0.8,step,-1
4792,2,11.1649,0.95,step,0
4792,3,10.3469,1.1,step,1
4792,4,9.29936,1.25,step,2

frame,idx,score,alpha,step_norm,z_coarse
4793,0,6.62487,0.65,step,-2
4793,1,9.34044,0.8,step,-1
4793,2,11.1564,0.95,step,0
4793,3,10.3491,1.1,step,1
4793,4,9.30581,1.25,step,2

frame,idx,score,alpha,step_norm,z_coarse
4794,0,6.62448,0.65,step,-2
4794,1,9.34575,0.8,step,-1
4794,2,11.1667,0.95,step,0
4794,3,10.3575,1.1,step,1
4794,4,9.31176,1.25,step,2

frame,idx,score,alpha,step_norm,z_coarse
4795,0,6.62303,0.65,step,-2
4795,1,9.34307,0.8,step,-1
4795,2,11.1651,0.95,step,0
4795,3,10.356,1.1,step,1
4795,4,9.31024,1.25,step,2

frame,idx,score,alpha,step_norm,z_coarse
4796,0,6.62765,0.65,step,-2
4796,1,9.34748,0.8,step,-1
4796,2,11.1618,0.95,step,0
4796,3,10.3484,1.1,step,1
4796,4,9.30326,1.25,step,2

frame,idx,score,alpha,step_norm,z_coarse
4797,0,6.62386,0.65,step,-2
4797,1,9.34505,0.8,step,-1
4797,2,11.1614,0.95,step,0
4797,3,10.3485,1.1,step,1
4797,4,9.30294,1.25,step,2

frame,idx,score,alpha,step_norm,z_coarse
4798,0,6.61999,0.65,step,-2
4798,1,9.33923,0.8,step,-1
4798,2,11.1569,0.95,step,0
4798,3,10.3468,1.1,step,1
4798,4,9.30279,1.25,step,2

frame,idx,score,alpha,step_norm,z_coarse
4799,0,6.61762,0.65,step,-2
4799,1,9.33418,0.8,step,-1
4799,2,11.1568,0.95,step,0
4799,3,10.3503,1.1,step,1
4799,4,9.30643,1.25,step,2

frame,idx,score,alpha,step_norm,z_coarse
4800,0,6.62024,0.65,step,-2
4800,1,9.33673,0.8,step,-1
4800,2,11.1608,0.95,step,0
4800,3,10.3534,1.1,step,1
4800,4,9.30842,1.25,step,2

frame,idx,score,alpha,step_norm,z_coarse
4801,0,6.62153,0.65,step,-2
4801,1,9.33638,0.8,step,-1
4801,2,11.1586,0.95,step,0
4801,3,10.3554,1.1,step,1
4801,4,9.31311,1.25,step,2

frame,idx,score,alpha,step_norm,z_coarse
4802,0,6.61689,0.65,step,-2
4802,1,9.33274,0.8,step,-1
4802,2,11.1532,0.95,step,0
4802,3,10.3493,1.1,step,1
4802,4,9.30777,1.25,step,2

frame,idx,score,alpha,step_norm,z_coarse
4803,0,6.62238,0.65,step,-2
4803,1,9.34158,0.8,step,-1
4803,2,11.1624,0.95,step,0
4803,3,10.3539,1.1,step,1
4803,4,9.30803,1.25,step,2

frame,idx,score,alpha,step_norm,z_coarse
4804,0,6.61902,0.65,step,-2
4804,1,9.33244,0.8,step,-1
4804,2,11.1548,0.95,step,0
4804,3,10.3475,1.1,step,1
4804,4,9.30179,1.25,step,2

frame,idx,score,alpha,step_norm,z_coarse
4805,0,6.61528,0.65,step,-2
4805,1,9.32886,0.8,step,-1
4805,2,11.1524,0.95,step,0
4805,3,10.3489,1.1,step,1
4805,4,9.30753,1.25,step,2

frame,idx,score,alpha,step_norm,z_coarse
4806,0,6.62127,0.65,step,-2
4806,1,9.33768,0.8,step,-1
4806,2,11.1544,0.95,step,0
4806,3,10.3473,1.1,step,1
4806,4,9.30546,1.25,step,2

frame,idx,score,alpha,step_norm,z_coarse
4807,0,6.62499,0.65,step,-2
4807,1,9.34288,0.8,step,-1
4807,2,11.1585,0.95,step,0
4807,3,10.3484,1.1,step,1
4807,4,9.30429,1.25,step,2

frame,idx,score,alpha,step_norm,z_coarse
4808,0,6.6241,0.65,step,-2
4808,1,9.34246,0.8,step,-1
4808,2,11.1612,0.95,step,0
4808,3,10.3505,1.1,step,1
4808,4,9.30543,1.25,step,2

frame,idx,score,alpha,step_norm,z_coarse
4809,0,6.61803,0.65,step,-2
4809,1,9.33312,0.8,step,-1
4809,2,11.1608,0.95,step,0
4809,3,10.3576,1.1,step,1
4809,4,9.31413,1.25,step,2

frame,idx,score,alpha,step_norm,z_coarse
4810,0,6.62107,0.65,step,-2
4810,1,9.33739,0.8,step,-1
4810,2,11.1583,0.95,step,0
4810,3,10.352,1.1,step,1
4810,4,9.30899,1.25,step,2

frame,idx,score,alpha,step_norm,z_coarse
4811,0,6.61221,0.65,step,-2
4811,1,9.32299,0.8,step,-1
4811,2,11.1504,0.95,step,0
4811,3,10.3525,1.1,step,1
4811,4,9.31411,1.25,step,2

frame,idx,score,alpha,step_norm,z_coarse
4812,0,6.62095,0.65,step,-2
4812,1,9.34115,0.8,step,-1
4812,2,11.1625,0.95,step,0
4812,3,10.3529,1.1,step,1
4812,4,9.30776,1.25,step,2

frame,idx,score,alpha,step_norm,z_coarse
4813,0,6.61529,0.65,step,-2
4813,1,9.32894,0.8,step,-1
4813,2,11.153,0.95,step,0
4813,3,10.3508,1.1,step,1
4813,4,9.30986,1.25,step,2

frame,idx,score,alpha,step_norm,z_coarse
4814,0,6.61655,0.65,step,-2
4814,1,9.3292,0.8,step,-1
4814,2,11.159,0.95,step,0
4814,3,10.3552,1.1,step,1
4814,4,9.31143,1.25,step,2

frame,idx,score,alpha,step_norm,z_coarse
4815,0,6.61641,0.65,step,-2
4815,1,9.33328,0.8,step,-1
4815,2,11.1572,0.95,step,0
4815,3,10.3514,1.1,step,1
4815,4,9.30653,1.25,step,2

frame,idx,score,alpha,step_norm,z_coarse
4816,0,6.6224,0.65,step,-2
4816,1,9.33908,0.8,step,-1
4816,2,11.1585,0.95,step,0
4816,3,10.352,1.1,step,1
4816,4,9.30812,1.25,step,2

frame,idx,score,alpha,step_norm,z_coarse
4817,0,6.62506,0.65,step,-2
4817,1,9.33839,0.8,step,-1
4817,2,11.1587,0.95,step,0
4817,3,10.3538,1.1,step,1
4817,4,9.31089,1.25,step,2

frame,idx,score,alpha,step_norm,z_coarse
4818,0,6.61464,0.65,step,-2
4818,1,9.32735,0.8,step,-1
4818,2,11.1563,0.95,step,0
4818,3,10.3578,1.1,step,1
4818,4,9.31631,1.25,step,2

frame,idx,score,alpha,step_norm,z_coarse
4819,0,6.61605,0.65,step,-2
4819,1,9.33451,0.8,step,-1
4819,2,11.1576,0.95,step,0
4819,3,10.3548,1.1,step,1
4819,4,9.31398,1.25,step,2

frame,idx,score,alpha,step_norm,z_coarse
4820,0,6.61622,0.65,step,-2
4820,1,9.33048,0.8,step,-1
4820,2,11.1538,0.95,step,0
4820,3,10.3518,1.1,step,1
4820,4,9.31014,1.25,step,2

frame,idx,score,alpha,step_norm,z_coarse
4821,0,6.62097,0.65,step,-2
4821,1,9.33684,0.8,step,-1
4821,2,11.1607,0.95,step,0
4821,3,10.3549,1.1,step,1
4821,4,9.31005,1.25,step,2

frame,idx,score,alpha,step_norm,z_coarse
4822,0,6.61373,0.65,step,-2
4822,1,9.32833,0.8,step,-1
4822,2,11.1561,0.95,step,0
4822,3,10.3556,1.1,step,1
4822,4,9.31309,1.25,step,2

frame,idx,score,alpha,step_norm,z_coarse
4823,0,6.61172,0.65,step,-2
4823,1,9.32496,0.8,step,-1
4823,2,11.1501,0.95,step,0
4823,3,10.349,1.1,step,1
4823,4,9.30758,1.25,step,2

frame,idx,score,alpha,step_norm,z_coarse
4824,0,6.61616,0.65,step,-2
4824,1,9.33527,0.8,step,-1
4824,2,11.1576,0.95,step,0
4824,3,10.3512,1.1,step,1
4824,4,9.30783,1.25,step,2

frame,idx,score,alpha,step_norm,z_coarse
4825,0,6.62121,0.65,step,-2
4825,1,9.33728,0.8,step,-1
4825,2,11.1608,0.95,step,0
4825,3,10.3557,1.1,step,1
4825,4,9.31282,1.25,step,2

frame,idx,score,alpha,step_norm,z_coarse
4826,0,6.61801,0.65,step,-2
4826,1,9.33386,0.8,step,-1
4826,2,11.1582,0.95,step,0
4826,3,10.3553,1.1,step,1
4826,4,9.31378,1.25,step,2

frame,idx,score,alpha,step_norm,z_coarse
4827,0,6.61338,0.65,step,-2
4827,1,9.32292,0.8,step,-1
4827,2,11.1539,0.95,step,0
4827,3,10.3552,1.1,step,1
4827,4,9.31456,1.25,step,2

frame,idx,score,alpha,step_norm,z_coarse
4828,0,6.6181,0.65,step,-2
4828,1,9.33301,0.8,step,-1
4828,2,11.1593,0.95,step,0
4828,3,10.3536,1.1,step,1
4828,4,9.3098,1.25,step,2

frame,idx,score,alpha,step_norm,z_coarse
4829,0,6.61274,0.65,step,-2
4829,1,9.32821,0.8,step,-1
4829,2,11.157,0.95,step,0
4829,3,10.3551,1.1,step,1
4829,4,9.31142,1.25,step,2

frame,idx,score,alpha,step_norm,z_coarse
4830,0,6.61159,0.65,step,-2
4830,1,9.32212,0.8,step,-1
4830,2,11.1526,0.95,step,0
4830,3,10.3537,1.1,step,1
4830,4,9.31277,1.25,step,2

frame,idx,score,alpha,step_norm,z_coarse
4831,0,6.61006,0.65,step,-2
4831,1,9.3243,0.8,step,-1
4831,2,11.1517,0.95,step,0
4831,3,10.3533,1.1,step,1
4831,4,9.31242,1.25,step,2

frame,idx,score,alpha,step_norm,z_coarse
4832,0,6.61224,0.65,step,-2
4832,1,9.3277,0.8,step,-1
4832,2,11.1563,0.95,step,0
4832,3,10.3534,1.1,step,1
4832,4,9.30984,1.25,step,2

frame,idx,score,alpha,step_norm,z_coarse
4833,0,6.61134,0.65,step,-2
4833,1,9.32451,0.8,step,-1
4833,2,11.155,0.95,step,0
4833,3,10.3558,1.1,step,1
4833,4,9.31282,1.25,step,2

frame,idx,score,alpha,step_norm,z_coarse
4834,0,6.61303,0.65,step,-2
4834,1,9.32611,0.8,step,-1
4834,2,11.1531,0.95,step,0
4834,3,10.3549,1.1,step,1
4834,4,9.3154,1.25,step,2

frame,idx,score,alpha,step_norm,z_coarse
4835,0,6.61411,0.65,step,-2
4835,1,9.3283,0.8,step,-1
4835,2,11.1618,0.95,step,0
4835,3,10.3619,1.1,step,1
4835,4,9.31828,1.25,step,2

frame,idx,score,alpha,step_norm,z_coarse
4836,0,6.61653,0.65,step,-2
4836,1,9.33025,0.8,step,-1
4836,2,11.1535,0.95,step,0
4836,3,10.3521,1.1,step,1
4836,4,9.31171,1.25,step,2

frame,idx,score,alpha,step_norm,z_coarse
4837,0,6.61543,0.65,step,-2
4837,1,9.33371,0.8,step,-1
4837,2,11.161,0.95,step,0
4837,3,10.3549,1.1,step,1
4837,4,9.31205,1.25,step,2

frame,idx,score,alpha,step_norm,z_coarse
4838,0,6.61088,0.65,step,-2
4838,1,9.32626,0.8,step,-1
4838,2,11.1541,0.95,step,0
4838,3,10.3535,1.1,step,1
4838,4,9.31314,1.25,step,2

frame,idx,score,alpha,step_norm,z_coarse
4839,0,6.60721,0.65,step,-2
4839,1,9.32307,0.8,step,-1
4839,2,11.1538,0.95,step,0
4839,3,10.3555,1.1,step,1
4839,4,9.31335,1.25,step,2

frame,idx,score,alpha,step_norm,z_coarse
4840,0,6.61046,0.65,step,-2
4840,1,9.3222,0.8,step,-1
4840,2,11.153,0.95,step,0
4840,3,10.3557,1.1,step,1
4840,4,9.31569,1.25,step,2

frame,idx,score,alpha,step_norm,z_coarse
4841,0,6.60999,0.65,step,-2
4841,1,9.32118,0.8,step,-1
4841,2,11.1506,0.95,step,0
4841,3,10.3535,1.1,step,1
4841,4,9.31426,1.25,step,2

frame,idx,score,alpha,step_norm,z_coarse
4842,0,6.6117,0.65,step,-2
4842,1,9.3266,0.8,step,-1
4842,2,11.1553,0.95,step,0
4842,3,10.3538,1.1,step,1
4842,4,9.31083,1.25,step,2

frame,idx,score,alpha,step_norm,z_coarse
4843,0,6.61478,0.65,step,-2
4843,1,9.32988,0.8,step,-1
4843,2,11.1579,0.95,step,0
4843,3,10.3574,1.1,step,1
4843,4,9.31541,1.25,step,2

frame,idx,score,alpha,step_norm,z_coarse
4844,0,6.61551,0.65,step,-2
4844,1,9.32508,0.8,step,-1
4844,2,11.148,0.95,step,0
4844,3,10.3484,1.1,step,1
4844,4,9.30893,1.25,step,2

frame,idx,score,alpha,step_norm,z_coarse
4845,0,6.6182,0.65,step,-2
4845,1,9.3317,0.8,step,-1
4845,2,11.1547,0.95,step,0
4845,3,10.3514,1.1,step,1
4845,4,9.31011,1.25,step,2

frame,idx,score,alpha,step_norm,z_coarse
4846,0,6.61253,0.65,step,-2
4846,1,9.32789,0.8,step,-1
4846,2,11.1529,0.95,step,0
4846,3,10.3522,1.1,step,1
4846,4,9.3104,1.25,step,2

frame,idx,score,alpha,step_norm,z_coarse
4847,0,6.61102,0.65,step,-2
4847,1,9.32725,0.8,step,-1
4847,2,11.1613,0.95,step,0
4847,3,10.3626,1.1,step,1
4847,4,9.31864,1.25,step,2

frame,idx,score,alpha,step_norm,z_coarse
4848,0,6.61486,0.65,step,-2
4848,1,9.33033,0.8,step,-1
4848,2,11.1552,0.95,step,0
4848,3,10.3507,1.1,step,1
4848,4,9.30743,1.25,step,2

frame,idx,score,alpha,step_norm,z_coarse
4849,0,6.61613,0.65,step,-2
4849,1,9.33084,0.8,step,-1
4849,2,11.1557,0.95,step,0
4849,3,10.352,1.1,step,1
4849,4,9.30889,1.25,step,2

frame,idx,score,alpha,step_norm,z_coarse
4850,0,6.61573,0.65,step,-2
4850,1,9.33015,0.8,step,-1
4850,2,11.1599,0.95,step,0
4850,3,10.3579,1.1,step,1
4850,4,9.31537,1.25,step,2

frame,idx,score,alpha,step_norm,z_coarse
4851,0,6.61235,0.65,step,-2
4851,1,9.32503,0.8,step,-1
4851,2,11.1544,0.95,step,0
4851,3,10.3548,1.1,step,1
4851,4,9.3135,1.25,step,2

frame,idx,score,alpha,step_norm,z_coarse
4852,0,6.60901,0.65,step,-2
4852,1,9.3206,0.8,step,-1
4852,2,11.1536,0.95,step,0
4852,3,10.3567,1.1,step,1
4852,4,9.31622,1.25,step,2

frame,idx,score,alpha,step_norm,z_coarse
4853,0,6.61192,0.65,step,-2
4853,1,9.32291,0.8,step,-1
4853,2,11.1516,0.95,step,0
4853,3,10.355,1.1,step,1
4853,4,9.31455,1.25,step,2

frame,idx,score,alpha,step_norm,z_coarse
4854,0,6.61178,0.65,step,-2
4854,1,9.32284,0.8,step,-1
4854,2,11.1495,0.95,step,0
4854,3,10.3477,1.1,step,1
4854,4,9.30623,1.25,step,2

frame,idx,score,alpha,step_norm,z_coarse
4855,0,6.61491,0.65,step,-2
4855,1,9.3282,0.8,step,-1
4855,2,11.1555,0.95,step,0
4855,3,10.3541,1.1,step,1
4855,4,9.31162,1.25,step,2

frame,idx,score,alpha,step_norm,z_coarse
4856,0,6.60969,0.65,step,-2
4856,1,9.32152,0.8,step,-1
4856,2,11.1505,0.95,step,0
4856,3,10.3533,1.1,step,1
4856,4,9.31279,1.25,step,2

frame,idx,score,alpha,step_norm,z_coarse
4857,0,6.61018,0.65,step,-2
4857,1,9.32488,0.8,step,-1
4857,2,11.1551,0.95,step,0
4857,3,10.3554,1.1,step,1
4857,4,9.31351,1.25,step,2

frame,idx,score,alpha,step_norm,z_coarse
4858,0,6.613,0.65,step,-2
4858,1,9.32567,0.8,step,-1
4858,2,11.1529,0.95,step,0
4858,3,10.3522,1.1,step,1
4858,4,9.31141,1.25,step,2

frame,idx,score,alpha,step_norm,z_coarse
4859,0,6.61624,0.65,step,-2
4859,1,9.33104,0.8,step,-1
4859,2,11.1602,0.95,step,0
4859,3,10.3602,1.1,step,1
4859,4,9.31735,1.25,step,2

frame,idx,score,alpha,step_norm,z_coarse
4860,0,6.61288,0.65,step,-2
4860,1,9.32863,0.8,step,-1
4860,2,11.1643,0.95,step,0
4860,3,10.3655,1.1,step,1
4860,4,9.32228,1.25,step,2

frame,idx,score,alpha,step_norm,z_coarse
4861,0,6.61052,0.65,step,-2
4861,1,9.32418,0.8,step,-1
4861,2,11.1502,0.95,step,0
4861,3,10.3519,1.1,step,1
4861,4,9.3124,1.25,step,2

frame,idx,score,alpha,step_norm,z_coarse
4862,0,6.61301,0.65,step,-2
4862,1,9.32717,0.8,step,-1
4862,2,11.1549,0.95,step,0
4862,3,10.354,1.1,step,1
4862,4,9.31155,1.25,step,2

frame,idx,score,alpha,step_norm,z_coarse
4863,0,6.60999,0.65,step,-2
4863,1,9.3234,0.8,step,-1
4863,2,11.1535,0.95,step,0
4863,3,10.3543,1.1,step,1
4863,4,9.3133,1.25,step,2

frame,idx,score,alpha,step_norm,z_coarse
4864,0,6.61252,0.65,step,-2
4864,1,9.32365,0.8,step,-1
4864,2,11.1536,0.95,step,0
4864,3,10.3551,1.1,step,1
4864,4,9.31442,1.25,step,2

frame,idx,score,alpha,step_norm,z_coarse
4865,0,6.6104,0.65,step,-2
4865,1,9.31995,0.8,step,-1
4865,2,11.153,0.95,step,0
4865,3,10.3581,1.1,step,1
4865,4,9.31783,1.25,step,2

frame,idx,score,alpha,step_norm,z_coarse
4866,0,6.61244,0.65,step,-2
4866,1,9.32252,0.8,step,-1
4866,2,11.1543,0.95,step,0
4866,3,10.355,1.1,step,1
4866,4,9.31299,1.25,step,2

frame,idx,score,alpha,step_norm,z_coarse
4867,0,6.60924,0.65,step,-2
4867,1,9.32382,0.8,step,-1
4867,2,11.1568,0.95,step,0
4867,3,10.3586,1.1,step,1
4867,4,9.31674,1.25,step,2

frame,idx,score,alpha,step_norm,z_coarse
4868,0,6.61282,0.65,step,-2
4868,1,9.32112,0.8,step,-1
4868,2,11.1523,0.95,step,0
4868,3,10.3563,1.1,step,1
4868,4,9.3165,1.25,step,2

frame,idx,score,alpha,step_norm,z_coarse
4869,0,6.61137,0.65,step,-2
4869,1,9.32434,0.8,step,-1
4869,2,11.1548,0.95,step,0
4869,3,10.3576,1.1,step,1
4869,4,9.31725,1.25,step,2

frame,idx,score,alpha,step_norm,z_coarse
4870,0,6.61161,0.65,step,-2
4870,1,9.32283,0.8,step,-1
4870,2,11.1493,0.95,step,0
4870,3,10.3506,1.1,step,1
4870,4,9.31094,1.25,step,2

frame,idx,score,alpha,step_norm,z_coarse
4871,0,6.61413,0.65,step,-2
4871,1,9.32717,0.8,step,-1
4871,2,11.1567,0.95,step,0
4871,3,10.3567,1.1,step,1
4871,4,9.31427,1.25,step,2

frame,idx,score,alpha,step_norm,z_coarse
4872,0,6.61415,0.65,step,-2
4872,1,9.32671,0.8,step,-1
4872,2,11.1556,0.95,step,0
4872,3,10.3571,1.1,step,1
4872,4,9.31619,1.25,step,2

frame,idx,score,alpha,step_norm,z_coarse
4873,0,6.61072,0.65,step,-2
4873,1,9.32608,0.8,step,-1
4873,2,11.1553,0.95,step,0
4873,3,10.3533,1.1,step,1
4873,4,9.3109,1.25,step,2

frame,idx,score,alpha,step_norm,z_coarse
4874,0,6.60626,0.65,step,-2
4874,1,9.31925,0.8,step,-1
4874,2,11.1515,0.95,step,0
4874,3,10.3557,1.1,step,1
4874,4,9.31553,1.25,step,2

frame,idx,score,alpha,step_norm,z_coarse
4875,0,6.61079,0.65,step,-2
4875,1,9.32053,0.8,step,-1
4875,2,11.1537,0.95,step,0
4875,3,10.3579,1.1,step,1
4875,4,9.31767,1.25,step,2

frame,idx,score,alpha,step_norm,z_coarse
4876,0,6.61052,0.65,step,-2
4876,1,9.32203,0.8,step,-1
4876,2,11.1538,0.95,step,0
4876,3,10.3563,1.1,step,1
4876,4,9.31555,1.25,step,2

frame,idx,score,alpha,step_norm,z_coarse
4877,0,6.60658,0.65,step,-2
4877,1,9.31956,0.8,step,-1
4877,2,11.1502,0.95,step,0
4877,3,10.3528,1.1,step,1
4877,4,9.31262,1.25,step,2

frame,idx,score,alpha,step_norm,z_coarse
4878,0,6.61034,0.65,step,-2
4878,1,9.32235,0.8,step,-1
4878,2,11.154,0.95,step,0
4878,3,10.3582,1.1,step,1
4878,4,9.31828,1.25,step,2

frame,idx,score,alpha,step_norm,z_coarse
4879,0,6.60557,0.65,step,-2
4879,1,9.31938,0.8,step,-1
4879,2,11.1559,0.95,step,0
4879,3,10.3603,1.1,step,1
4879,4,9.31835,1.25,step,2

frame,idx,score,alpha,step_norm,z_coarse
4880,0,6.60524,0.65,step,-2
4880,1,9.31505,0.8,step,-1
4880,2,11.1427,0.95,step,0
4880,3,10.3484,1.1,step,1
4880,4,9.31071,1.25,step,2

frame,idx,score,alpha,step_norm,z_coarse
4881,0,6.60765,0.65,step,-2
4881,1,9.31372,0.8,step,-1
4881,2,11.148,0.95,step,0
4881,3,10.3572,1.1,step,1
4881,4,9.31984,1.25,step,2

frame,idx,score,alpha,step_norm,z_coarse
4882,0,6.60596,0.65,step,-2
4882,1,9.31725,0.8,step,-1
4882,2,11.1511,0.95,step,0
4882,3,10.3549,1.1,step,1
4882,4,9.31366,1.25,step,2

frame,idx,score,alpha,step_norm,z_coarse
4883,0,6.61001,0.65,step,-2
4883,1,9.32305,0.8,step,-1
4883,2,11.1559,0.95,step,0
4883,3,10.3599,1.1,step,1
4883,4,9.31891,1.25,step,2

frame,idx,score,alpha,step_norm,z_coarse
4884,0,6.61055,0.65,step,-2
4884,1,9.3227,0.8,step,-1
4884,2,11.1536,0.95,step,0
4884,3,10.358,1.1,step,1
4884,4,9.31832,1.25,step,2

frame,idx,score,alpha,step_norm,z_coarse
4885,0,6.60488,0.65,step,-2
4885,1,9.31296,0.8,step,-1
4885,2,11.1445,0.95,step,0
4885,3,10.3516,1.1,step,1
4885,4,9.31366,1.25,step,2

frame,idx,score,alpha,step_norm,z_coarse
4886,0,6.60711,0.65,step,-2
4886,1,9.31558,0.8,step,-1
4886,2,11.1564,0.95,step,0
4886,3,10.363,1.1,step,1
4886,4,9.32125,1.25,step,2

frame,idx,score,alpha,step_norm,z_coarse
4887,0,6.60876,0.65,step,-2
4887,1,9.32235,0.8,step,-1
4887,2,11.158,0.95,step,0
4887,3,10.3639,1.1,step,1
4887,4,9.32321,1.25,step,2

frame,idx,score,alpha,step_norm,z_coarse
4888,0,6.60764,0.65,step,-2
4888,1,9.31781,0.8,step,-1
4888,2,11.1538,0.95,step,0
4888,3,10.3596,1.1,step,1
4888,4,9.31892,1.25,step,2

frame,idx,score,alpha,step_norm,z_coarse
4889,0,6.60327,0.65,step,-2
4889,1,9.31263,0.8,step,-1
4889,2,11.1477,0.95,step,0
4889,3,10.3556,1.1,step,1
4889,4,9.317,1.25,step,2

frame,idx,score,alpha,step_norm,z_coarse
4890,0,6.6064,0.65,step,-2
4890,1,9.3154,0.8,step,-1
4890,2,11.1537,0.95,step,0
4890,3,10.3614,1.1,step,1
4890,4,9.32307,1.25,step,2

frame,idx,score,alpha,step_norm,z_coarse
4891,0,6.60811,0.65,step,-2
4891,1,9.31616,0.8,step,-1
4891,2,11.148,0.95,step,0
4891,3,10.3542,1.1,step,1
4891,4,9.31656,1.25,step,2

frame,idx,score,alpha,step_norm,z_coarse
4892,0,6.60771,0.65,step,-2
4892,1,9.31561,0.8,step,-1
4892,2,11.1493,0.95,step,0
4892,3,10.356,1.1,step,1
4892,4,9.31752,1.25,step,2

frame,idx,score,alpha,step_norm,z_coarse
4893,0,6.60553,0.65,step,-2
4893,1,9.31469,0.8,step,-1
4893,2,11.1473,0.95,step,0
4893,3,10.3546,1.1,step,1
4893,4,9.31593,1.25,step,2

frame,idx,score,alpha,step_norm,z_coarse
4894,0,6.60614,0.65,step,-2
4894,1,9.3171,0.8,step,-1
4894,2,11.1514,0.95,step,0
4894,3,10.3567,1.1,step,1
4894,4,9.31638,1.25,step,2

frame,idx,score,alpha,step_norm,z_coarse
4895,0,6.604,0.65,step,-2
4895,1,9.31303,0.8,step,-1
4895,2,11.1498,0.95,step,0
4895,3,10.356,1.1,step,1
4895,4,9.31678,1.25,step,2

frame,idx,score,alpha,step_norm,z_coarse
4896,0,6.61157,0.65,step,-2
4896,1,9.32232,0.8,step,-1
4896,2,11.1557,0.95,step,0
4896,3,10.3611,1.1,step,1
4896,4,9.32178,1.25,step,2

frame,idx,score,alpha,step_norm,z_coarse
4897,0,6.60617,0.65,step,-2
4897,1,9.31287,0.8,step,-1
4897,2,11.1482,0.95,step,0
4897,3,10.3536,1.1,step,1
4897,4,9.31353,1.25,step,2

frame,idx,score,alpha,step_norm,z_coarse
4898,0,6.60378,0.65,step,-2
4898,1,9.31085,0.8,step,-1
4898,2,11.1492,0.95,step,0
4898,3,10.3592,1.1,step,1
4898,4,9.32122,1.25,step,2

frame,idx,score,alpha,step_norm,z_coarse
4899,0,6.60333,0.65,step,-2
4899,1,9.3118,0.8,step,-1
4899,2,11.1493,0.95,step,0
4899,3,10.3597,1.1,step,1
4899,4,9.32233,1.25,step,2

frame,idx,score,alpha,step_norm,z_coarse
4900,0,6.61021,0.65,step,-2
4900,1,9.32296,0.8,step,-1
4900,2,11.1542,0.95,step,0
4900,3,10.3565,1.1,step,1
4900,4,9.31579,1.25,step,2

frame,idx,score,alpha,step_norm,z_coarse
4901,0,6.60715,0.65,step,-2
4901,1,9.31614,0.8,step,-1
4901,2,11.1473,0.95,step,0
4901,3,10.3515,1.1,step,1
4901,4,9.31157,1.25,step,2

frame,idx,score,alpha,step_norm,z_coarse
4902,0,6.60657,0.65,step,-2
4902,1,9.31844,0.8,step,-1
4902,2,11.1507,0.95,step,0
4902,3,10.3559,1.1,step,1
4902,4,9.31615,1.25,step,2

frame,idx,score,alpha,step_norm,z_coarse
4903,0,6.60561,0.65,step,-2
4903,1,9.31813,0.8,step,-1
4903,2,11.1584,0.95,step,0
4903,3,10.364,1.1,step,1
4903,4,9.32248,1.25,step,2

frame,idx,score,alpha,step_norm,z_coarse
4904,0,6.60827,0.65,step,-2
4904,1,9.32211,0.8,step,-1
4904,2,11.1535,0.95,step,0
4904,3,10.3564,1.1,step,1
4904,4,9.31573,1.25,step,2

frame,idx,score,alpha,step_norm,z_coarse
4905,0,6.60343,0.65,step,-2
4905,1,9.31026,0.8,step,-1
4905,2,11.1471,0.95,step,0
4905,3,10.3553,1.1,step,1
4905,4,9.31744,1.25,step,2

frame,idx,score,alpha,step_norm,z_coarse
4906,0,6.60808,0.65,step,-2
4906,1,9.31746,0.8,step,-1
4906,2,11.1521,0.95,step,0
4906,3,10.3575,1.1,step,1
4906,4,9.31822,1.25,step,2

frame,idx,score,alpha,step_norm,z_coarse
4907,0,6.60517,0.65,step,-2
4907,1,9.31147,0.8,step,-1
4907,2,11.1504,0.95,step,0
4907,3,10.3622,1.1,step,1
4907,4,9.32444,1.25,step,2

frame,idx,score,alpha,step_norm,z_coarse
4908,0,6.60749,0.65,step,-2
4908,1,9.31808,0.8,step,-1
4908,2,11.1516,0.95,step,0
4908,3,10.3559,1.1,step,1
4908,4,9.31622,1.25,step,2

frame,idx,score,alpha,step_norm,z_coarse
4909,0,6.60628,0.65,step,-2
4909,1,9.31363,0.8,step,-1
4909,2,11.1485,0.95,step,0
4909,3,10.3574,1.1,step,1
4909,4,9.3206,1.25,step,2

frame,idx,score,alpha,step_norm,z_coarse
4910,0,6.60518,0.65,step,-2
4910,1,9.31416,0.8,step,-1
4910,2,11.1505,0.95,step,0
4910,3,10.3598,1.1,step,1
4910,4,9.32217,1.25,step,2

frame,idx,score,alpha,step_norm,z_coarse
4911,0,6.60853,0.65,step,-2
4911,1,9.31846,0.8,step,-1
4911,2,11.1522,0.95,step,0
4911,3,10.3566,1.1,step,1
4911,4,9.31544,1.25,step,2

frame,idx,score,alpha,step_norm,z_coarse
4912,0,6.60987,0.65,step,-2
4912,1,9.32344,0.8,step,-1
4912,2,11.1559,0.95,step,0
4912,3,10.3573,1.1,step,1
4912,4,9.3154,1.25,step,2

frame,idx,score,alpha,step_norm,z_coarse
4913,0,6.60503,0.65,step,-2
4913,1,9.31442,0.8,step,-1
4913,2,11.1514,0.95,step,0
4913,3,10.3594,1.1,step,1
4913,4,9.32169,1.25,step,2

frame,idx,score,alpha,step_norm,z_coarse
4914,0,6.60219,0.65,step,-2
4914,1,9.31013,0.8,step,-1
4914,2,11.1429,0.95,step,0
4914,3,10.353,1.1,step,1
4914,4,9.31744,1.25,step,2

frame,idx,score,alpha,step_norm,z_coarse
4915,0,6.60955,0.65,step,-2
4915,1,9.32217,0.8,step,-1
4915,2,11.1526,0.95,step,0
4915,3,10.356,1.1,step,1
4915,4,9.31573,1.25,step,2

frame,idx,score,alpha,step_norm,z_coarse
4916,0,6.60747,0.65,step,-2
4916,1,9.31863,0.8,step,-1
4916,2,11.1501,0.95,step,0
4916,3,10.3532,1.1,step,1
4916,4,9.31237,1.25,step,2

frame,idx,score,alpha,step_norm,z_coarse
4917,0,6.60805,0.65,step,-2
4917,1,9.31547,0.8,step,-1
4917,2,11.1467,0.95,step,0
4917,3,10.3543,1.1,step,1
4917,4,9.31805,1.25,step,2

frame,idx,score,alpha,step_norm,z_coarse
4918,0,6.60092,0.65,step,-2
4918,1,9.30808,0.8,step,-1
4918,2,11.1481,0.95,step,0
4918,3,10.3616,1.1,step,1
4918,4,9.32541,1.25,step,2

frame,idx,score,alpha,step_norm,z_coarse
4919,0,6.60367,0.65,step,-2
4919,1,9.31148,0.8,step,-1
4919,2,11.1501,0.95,step,0
4919,3,10.3589,1.1,step,1
4919,4,9.31945,1.25,step,2

frame,idx,score,alpha,step_norm,z_coarse
4920,0,6.60539,0.65,step,-2
4920,1,9.31203,0.8,step,-1
4920,2,11.1474,0.95,step,0
4920,3,10.3547,1.1,step,1
4920,4,9.31588,1.25,step,2

frame,idx,score,alpha,step_norm,z_coarse
4921,0,6.60754,0.65,step,-2
4921,1,9.31549,0.8,step,-1
4921,2,11.1526,0.95,step,0
4921,3,10.3615,1.1,step,1
4921,4,9.32181,1.25,step,2

frame,idx,score,alpha,step_norm,z_coarse
4922,0,6.60989,0.65,step,-2
4922,1,9.32025,0.8,step,-1
4922,2,11.1489,0.95,step,0
4922,3,10.3551,1.1,step,1
4922,4,9.31903,1.25,step,2

frame,idx,score,alpha,step_norm,z_coarse
4923,0,6.60799,0.65,step,-2
4923,1,9.319,0.8,step,-1
4923,2,11.1478,0.95,step,0
4923,3,10.3526,1.1,step,1
4923,4,9.31297,1.25,step,2

frame,idx,score,alpha,step_norm,z_coarse
4924,0,6.60441,0.65,step,-2
4924,1,9.31189,0.8,step,-1
4924,2,11.1444,0.95,step,0
4924,3,10.3529,1.1,step,1
4924,4,9.31636,1.25,step,2

frame,idx,score,alpha,step_norm,z_coarse
4925,0,6.60563,0.65,step,-2
4925,1,9.31165,0.8,step,-1
4925,2,11.1508,0.95,step,0
4925,3,10.3615,1.1,step,1
4925,4,9.3237,1.25,step,2

frame,idx,score,alpha,step_norm,z_coarse
4926,0,6.60232,0.65,step,-2
4926,1,9.30933,0.8,step,-1
4926,2,11.1463,0.95,step,0
4926,3,10.3572,1.1,step,1
4926,4,9.32009,1.25,step,2

frame,idx,score,alpha,step_norm,z_coarse
4927,0,6.6025,0.65,step,-2
4927,1,9.31183,0.8,step,-1
4927,2,11.1475,0.95,step,0
4927,3,10.3545,1.1,step,1
4927,4,9.31435,1.25,step,2

frame,idx,score,alpha,step_norm,z_coarse
4928,0,6.60448,0.65,step,-2
4928,1,9.31302,0.8,step,-1
4928,2,11.1436,0.95,step,0
4928,3,10.3512,1.1,step,1
4928,4,9.3149,1.25,step,2

frame,idx,score,alpha,step_norm,z_coarse
4929,0,6.60816,0.65,step,-2
4929,1,9.32043,0.8,step,-1
4929,2,11.1546,0.95,step,0
4929,3,10.3584,1.1,step,1
4929,4,9.31695,1.25,step,2

frame,idx,score,alpha,step_norm,z_coarse
4930,0,6.60309,0.65,step,-2
4930,1,9.31019,0.8,step,-1
4930,2,11.1467,0.95,step,0
4930,3,10.3552,1.1,step,1
4930,4,9.31789,1.25,step,2

frame,idx,score,alpha,step_norm,z_coarse
4931,0,6.60382,0.65,step,-2
4931,1,9.31308,0.8,step,-1
4931,2,11.1483,0.95,step,0
4931,3,10.3569,1.1,step,1
4931,4,9.31955,1.25,step,2

frame,idx,score,alpha,step_norm,z_coarse
4932,0,6.60456,0.65,step,-2
4932,1,9.31297,0.8,step,-1
4932,2,11.1497,0.95,step,0
4932,3,10.3604,1.1,step,1
4932,4,9.32358,1.25,step,2

frame,idx,score,alpha,step_norm,z_coarse
4933,0,6.60642,0.65,step,-2
4933,1,9.3136,0.8,step,-1
4933,2,11.1513,0.95,step,0
4933,3,10.3593,1.1,step,1
4933,4,9.32029,1.25,step,2

frame,idx,score,alpha,step_norm,z_coarse
4934,0,6.60592,0.65,step,-2
4934,1,9.31316,0.8,step,-1
4934,2,11.1505,0.95,step,0
4934,3,10.3602,1.1,step,1
4934,4,9.32329,1.25,step,2

frame,idx,score,alpha,step_norm,z_coarse
4935,0,6.60506,0.65,step,-2
4935,1,9.31594,0.8,step,-1
4935,2,11.1542,0.95,step,0
4935,3,10.361,1.1,step,1
4935,4,9.32133,1.25,step,2

frame,idx,score,alpha,step_norm,z_coarse
4936,0,6.60596,0.65,step,-2
4936,1,9.31794,0.8,step,-1
4936,2,11.155,0.95,step,0
4936,3,10.3604,1.1,step,1
4936,4,9.31992,1.25,step,2

frame,idx,score,alpha,step_norm,z_coarse
4937,0,6.60712,0.65,step,-2
4937,1,9.31894,0.8,step,-1
4937,2,11.1521,0.95,step,0
4937,3,10.357,1.1,step,1
4937,4,9.31578,1.25,step,2

frame,idx,score,alpha,step_norm,z_coarse
4938,0,6.60679,0.65,step,-2
4938,1,9.31457,0.8,step,-1
4938,2,11.1486,0.95,step,0
4938,3,10.3569,1.1,step,1
4938,4,9.32012,1.25,step,2

frame,idx,score,alpha,step_norm,z_coarse
4939,0,6.60424,0.65,step,-2
4939,1,9.31723,0.8,step,-1
4939,2,11.1535,0.95,step,0
4939,3,10.3613,1.1,step,1
4939,4,9.32156,1.25,step,2

frame,idx,score,alpha,step_norm,z_coarse
4940,0,6.60018,0.65,step,-2
4940,1,9.30715,0.8,step,-1
4940,2,11.1457,0.95,step,0
4940,3,10.357,1.1,step,1
4940,4,9.31953,1.25,step,2

frame,idx,score,alpha,step_norm,z_coarse
4941,0,6.6122,0.65,step,-2
4941,1,9.32209,0.8,step,-1
4941,2,11.1519,0.95,step,0
4941,3,10.3547,1.1,step,1
4941,4,9.31439,1.25,step,2

frame,idx,score,alpha,step_norm,z_coarse
4942,0,6.60737,0.65,step,-2
4942,1,9.31573,0.8,step,-1
4942,2,11.1515,0.95,step,0
4942,3,10.3587,1.1,step,1
4942,4,9.32061,1.25,step,2

frame,idx,score,alpha,step_norm,z_coarse
4943,0,6.60734,0.65,step,-2
4943,1,9.31661,0.8,step,-1
4943,2,11.1495,0.95,step,0
4943,3,10.3517,1.1,step,1
4943,4,9.3098,1.25,step,2

frame,idx,score,alpha,step_norm,z_coarse
4944,0,6.60579,0.65,step,-2
4944,1,9.31825,0.8,step,-1
4944,2,11.1513,0.95,step,0
4944,3,10.3546,1.1,step,1
4944,4,9.31405,1.25,step,2

frame,idx,score,alpha,step_norm,z_coarse
4945,0,6.60288,0.65,step,-2
4945,1,9.31153,0.8,step,-1
4945,2,11.1463,0.95,step,0
4945,3,10.3534,1.1,step,1
4945,4,9.31569,1.25,step,2

frame,idx,score,alpha,step_norm,z_coarse
4946,0,6.60413,0.65,step,-2
4946,1,9.3132,0.8,step,-1
4946,2,11.1501,0.95,step,0
4946,3,10.3582,1.1,step,1
4946,4,9.32017,1.25,step,2

frame,idx,score,alpha,step_norm,z_coarse
4947,0,6.60294,0.65,step,-2
4947,1,9.31142,0.8,step,-1
4947,2,11.1545,0.95,step,0
4947,3,10.3635,1.1,step,1
4947,4,9.32362,1.25,step,2

frame,idx,score,alpha,step_norm,z_coarse
4948,0,6.60707,0.65,step,-2
4948,1,9.31681,0.8,step,-1
4948,2,11.1522,0.95,step,0
4948,3,10.3585,1.1,step,1
4948,4,9.31936,1.25,step,2

frame,idx,score,alpha,step_norm,z_coarse
4949,0,6.60951,0.65,step,-2
4949,1,9.31962,0.8,step,-1
4949,2,11.1542,0.95,step,0
4949,3,10.359,1.1,step,1
4949,4,9.31906,1.25,step,2

frame,idx,score,alpha,step_norm,z_coarse
4950,0,6.60849,0.65,step,-2
4950,1,9.3215,0.8,step,-1
4950,2,11.1555,0.95,step,0
4950,3,10.3582,1.1,step,1
4950,4,9.31654,1.25,step,2

frame,idx,score,alpha,step_norm,z_coarse
4951,0,6.60814,0.65,step,-2
4951,1,9.31767,0.8,step,-1
4951,2,11.147,0.95,step,0
4951,3,10.3531,1.1,step,1
4951,4,9.31522,1.25,step,2

frame,idx,score,alpha,step_norm,z_coarse
4952,0,6.60991,0.65,step,-2
4952,1,9.32454,0.8,step,-1
4952,2,11.1588,0.95,step,0
4952,3,10.3602,1.1,step,1
4952,4,9.31684,1.25,step,2

frame,idx,score,alpha,step_norm,z_coarse
4953,0,6.60195,0.65,step,-2
4953,1,9.31151,0.8,step,-1
4953,2,11.1453,0.95,step,0
4953,3,10.3519,1.1,step,1
4953,4,9.31313,1.25,step,2

frame,idx,score,alpha,step_norm,z_coarse
4954,0,6.60559,0.65,step,-2
4954,1,9.31363,0.8,step,-1
4954,2,11.151,0.95,step,0
4954,3,10.3581,1.1,step,1
4954,4,9.32019,1.25,step,2

frame,idx,score,alpha,step_norm,z_coarse
4955,0,6.61157,0.65,step,-2
4955,1,9.32502,0.8,step,-1
4955,2,11.1588,0.95,step,0
4955,3,10.3635,1.1,step,1
4955,4,9.32288,1.25,step,2

frame,idx,score,alpha,step_norm,z_coarse
4956,0,6.61011,0.65,step,-2
4956,1,9.32464,0.8,step,-1
4956,2,11.1589,0.95,step,0
4956,3,10.3608,1.1,step,1
4956,4,9.31714,1.25,step,2

frame,idx,score,alpha,step_norm,z_coarse
4957,0,6.60333,0.65,step,-2
4957,1,9.31689,0.8,step,-1
4957,2,11.1486,0.95,step,0
4957,3,10.3524,1.1,step,1
4957,4,9.31213,1.25,step,2

frame,idx,score,alpha,step_norm,z_coarse
4958,0,6.60947,0.65,step,-2
4958,1,9.31613,0.8,step,-1
4958,2,11.1471,0.95,step,0
4958,3,10.3545,1.1,step,1
4958,4,9.31785,1.25,step,2

frame,idx,score,alpha,step_norm,z_coarse
4959,0,6.60475,0.65,step,-2
4959,1,9.31254,0.8,step,-1
4959,2,11.1443,0.95,step,0
4959,3,10.3529,1.1,step,1
4959,4,9.31665,1.25,step,2

frame,idx,score,alpha,step_norm,z_coarse
4960,0,6.60717,0.65,step,-2
4960,1,9.31573,0.8,step,-1
4960,2,11.1509,0.95,step,0
4960,3,10.3583,1.1,step,1
4960,4,9.31872,1.25,step,2

frame,idx,score,alpha,step_norm,z_coarse
4961,0,6.61041,0.65,step,-2
4961,1,9.31775,0.8,step,-1
4961,2,11.1507,0.95,step,0
4961,3,10.3572,1.1,step,1
4961,4,9.31936,1.25,step,2

frame,idx,score,alpha,step_norm,z_coarse
4962,0,6.60857,0.65,step,-2
4962,1,9.31894,0.8,step,-1
4962,2,11.1479,0.95,step,0
4962,3,10.3541,1.1,step,1
4962,4,9.31609,1.25,step,2

frame,idx,score,alpha,step_norm,z_coarse
4963,0,6.60758,0.65,step,-2
4963,1,9.31287,0.8,step,-1
4963,2,11.1466,0.95,step,0
4963,3,10.3539,1.1,step,1
4963,4,9.3165,1.25,step,2

frame,idx,score,alpha,step_norm,z_coarse
4964,0,6.61105,0.65,step,-2
4964,1,9.32583,0.8,step,-1
4964,2,11.1508,0.95,step,0
4964,3,10.3528,1.1,step,1
4964,4,9.31295,1.25,step,2

frame,idx,score,alpha,step_norm,z_coarse
4965,0,6.6154,0.65,step,-2
4965,1,9.32646,0.8,step,-1
4965,2,11.1565,0.95,step,0
4965,3,10.3578,1.1,step,1
4965,4,9.31644,1.25,step,2

frame,idx,score,alpha,step_norm,z_coarse
4966,0,6.60798,0.65,step,-2
4966,1,9.32068,0.8,step,-1
4966,2,11.1501,0.95,step,0
4966,3,10.3517,1.1,step,1
4966,4,9.31112,1.25,step,2

frame,idx,score,alpha,step_norm,z_coarse
4967,0,6.61252,0.65,step,-2
4967,1,9.32418,0.8,step,-1
4967,2,11.1516,0.95,step,0
4967,3,10.3535,1.1,step,1
4967,4,9.31388,1.25,step,2

frame,idx,score,alpha,step_norm,z_coarse
4968,0,6.61271,0.65,step,-2
4968,1,9.32718,0.8,step,-1
4968,2,11.1569,0.95,step,0
4968,3,10.3576,1.1,step,1
4968,4,9.31678,1.25,step,2

frame,idx,score,alpha,step_norm,z_coarse
4969,0,6.61057,0.65,step,-2
4969,1,9.32055,0.8,step,-1
4969,2,11.1514,0.95,step,0
4969,3,10.3562,1.1,step,1
4969,4,9.31598,1.25,step,2

frame,idx,score,alpha,step_norm,z_coarse
4970,0,6.60767,0.65,step,-2
4970,1,9.32026,0.8,step,-1
4970,2,11.1529,0.95,step,0
4970,3,10.3568,1.1,step,1
4970,4,9.31694,1.25,step,2

frame,idx,score,alpha,step_norm,z_coarse
4971,0,6.61345,0.65,step,-2
4971,1,9.32497,0.8,step,-1
4971,2,11.1567,0.95,step,0
4971,3,10.3566,1.1,step,1
4971,4,9.31458,1.25,step,2

frame,idx,score,alpha,step_norm,z_coarse
4972,0,6.6096,0.65,step,-2
4972,1,9.32037,0.8,step,-1
4972,2,11.151,0.95,step,0
4972,3,10.3518,1.1,step,1
4972,4,9.31095,1.25,step,2

frame,idx,score,alpha,step_norm,z_coarse
4973,0,6.61287,0.65,step,-2
4973,1,9.3245,0.8,step,-1
4973,2,11.1508,0.95,step,0
4973,3,10.35,1.1,step,1
4973,4,9.30941,1.25,step,2

frame,idx,score,alpha,step_norm,z_coarse
4974,0,6.61281,0.65,step,-2
4974,1,9.32391,0.8,step,-1
4974,2,11.1515,0.95,step,0
4974,3,10.3538,1.1,step,1
4974,4,9.31408,1.25,step,2

frame,idx,score,alpha,step_norm,z_coarse
4975,0,6.60774,0.65,step,-2
4975,1,9.31563,0.8,step,-1
4975,2,11.1472,0.95,step,0
4975,3,10.3534,1.1,step,1
4975,4,9.31514,1.25,step,2

frame,idx,score,alpha,step_norm,z_coarse
4976,0,6.61672,0.65,step,-2
4976,1,9.33052,0.8,step,-1
4976,2,11.1599,0.95,step,0
4976,3,10.3584,1.1,step,1
4976,4,9.31568,1.25,step,2

frame,idx,score,alpha,step_norm,z_coarse
4977,0,6.61552,0.65,step,-2
4977,1,9.32824,0.8,step,-1
4977,2,11.1551,0.95,step,0
4977,3,10.3564,1.1,step,1
4977,4,9.31562,1.25,step,2

frame,idx,score,alpha,step_norm,z_coarse
4978,0,6.6095,0.65,step,-2
4978,1,9.32337,0.8,step,-1
4978,2,11.1559,0.95,step,0
4978,3,10.3575,1.1,step,1
4978,4,9.31472,1.25,step,2

frame,idx,score,alpha,step_norm,z_coarse
4979,0,6.61513,0.65,step,-2
4979,1,9.32875,0.8,step,-1
4979,2,11.1565,0.95,step,0
4979,3,10.3558,1.1,step,1
4979,4,9.31448,1.25,step,2

frame,idx,score,alpha,step_norm,z_coarse
4980,0,6.61224,0.65,step,-2
4980,1,9.32796,0.8,step,-1
4980,2,11.1505,0.95,step,0
4980,3,10.3482,1.1,step,1
4980,4,9.30753,1.25,step,2

frame,idx,score,alpha,step_norm,z_coarse
4981,0,6.61339,0.65,step,-2
4981,1,9.32428,0.8,step,-1
4981,2,11.1575,0.95,step,0
4981,3,10.3599,1.1,step,1
4981,4,9.31919,1.25,step,2

frame,idx,score,alpha,step_norm,z_coarse
4982,0,6.605,0.65,step,-2
4982,1,9.31381,0.8,step,-1
4982,2,11.1461,0.95,step,0
4982,3,10.3511,1.1,step,1
4982,4,9.31171,1.25,step,2

frame,idx,score,alpha,step_norm,z_coarse
4983,0,6.61162,0.65,step,-2
4983,1,9.32385,0.8,step,-1
4983,2,11.1514,0.95,step,0
4983,3,10.3523,1.1,step,1
4983,4,9.31221,1.25,step,2

frame,idx,score,alpha,step_norm,z_coarse
4984,0,6.61088,0.65,step,-2
4984,1,9.3227,0.8,step,-1
4984,2,11.1585,0.95,step,0
4984,3,10.3616,1.1,step,1
4984,4,9.31851,1.25,step,2

frame,idx,score,alpha,step_norm,z_coarse
4985,0,6.60459,0.65,step,-2
4985,1,9.31507,0.8,step,-1
4985,2,11.1484,0.95,step,0
4985,3,10.354,1.1,step,1
4985,4,9.31589,1.25,step,2

frame,idx,score,alpha,step_norm,z_coarse
4986,0,6.61344,0.65,step,-2
4986,1,9.33108,0.8,step,-1
4986,2,11.1573,0.95,step,0
4986,3,10.3556,1.1,step,1
4986,4,9.31413,1.25,step,2

frame,idx,score,alpha,step_norm,z_coarse
4987,0,6.61155,0.65,step,-2
4987,1,9.32207,0.8,step,-1
4987,2,11.15,0.95,step,0
4987,3,10.3512,1.1,step,1
4987,4,9.31013,1.25,step,2

frame,idx,score,alpha,step_norm,z_coarse
4988,0,6.61157,0.65,step,-2
4988,1,9.32308,0.8,step,-1
4988,2,11.1556,0.95,step,0
4988,3,10.3572,1.1,step,1
4988,4,9.31661,1.25,step,2

frame,idx,score,alpha,step_norm,z_coarse
4989,0,6.61004,0.65,step,-2
4989,1,9.3239,0.8,step,-1
4989,2,11.155,0.95,step,0
4989,3,10.3578,1.1,step,1
4989,4,9.31722,1.25,step,2

frame,idx,score,alpha,step_norm,z_coarse
4990,0,6.61032,0.65,step,-2
4990,1,9.32341,0.8,step,-1
4990,2,11.1534,0.95,step,0
4990,3,10.3538,1.1,step,1
4990,4,9.31304,1.25,step,2

frame,idx,score,alpha,step_norm,z_coarse
4991,0,6.61424,0.65,step,-2
4991,1,9.33024,0.8,step,-1
4991,2,11.1565,0.95,step,0
4991,3,10.3541,1.1,step,1
4991,4,9.31201,1.25,step,2

frame,idx,score,alpha,step_norm,z_coarse
4992,0,6.61668,0.65,step,-2
4992,1,9.32964,0.8,step,-1
4992,2,11.1568,0.95,step,0
4992,3,10.3556,1.1,step,1
4992,4,9.31314,1.25,step,2

frame,idx,score,alpha,step_norm,z_coarse
4993,0,6.60903,0.65,step,-2
4993,1,9.31653,0.8,step,-1
4993,2,11.1466,0.95,step,0
4993,3,10.3519,1.1,step,1
4993,4,9.31392,1.25,step,2

frame,idx,score,alpha,step_norm,z_coarse
4994,0,6.6093,0.65,step,-2
4994,1,9.32119,0.8,step,-1
4994,2,11.1512,0.95,step,0
4994,3,10.354,1.1,step,1
4994,4,9.3136,1.25,step,2

frame,idx,score,alpha,step_norm,z_coarse
4995,0,6.61493,0.65,step,-2
4995,1,9.32796,0.8,step,-1
4995,2,11.16,0.95,step,0
4995,3,10.3612,1.1,step,1
4995,4,9.31972,1.25,step,2

frame,idx,score,alpha,step_norm,z_coarse
4996,0,6.608,0.65,step,-2
4996,1,9.31774,0.8,step,-1
4996,2,11.1499,0.95,step,0
4996,3,10.3529,1.1,step,1
4996,4,9.31207,1.25,step,2

frame,idx,score,alpha,step_norm,z_coarse
4997,0,6.60752,0.65,step,-2
4997,1,9.32235,0.8,step,-1
4997,2,11.1595,0.95,step,0
4997,3,10.3622,1.1,step,1
4997,4,9.32023,1.25,step,2

frame,idx,score,alpha,step_norm,z_coarse
4998,0,6.61364,0.65,step,-2
4998,1,9.32892,0.8,step,-1
4998,2,11.1576,0.95,step,0
4998,3,10.3567,1.1,step,1
4998,4,9.31299,1.25,step,2

frame,idx,score,alpha,step_norm,z_coarse
4999,0,6.61133,0.65,step,-2
4999,1,9.3242,0.8,step,-1
4999,2,11.1574,0.95,step,0
4999,3,10.3589,1.1,step,1
4999,4,9.31701,1.25,step,2

frame,idx,score,alpha,step_norm,z_coarse
5000,0,6.60746,0.65,step,-2
5000,1,9.31699,0.8,step,-1
5000,2,11.1466,0.95,step,0
5000,3,10.3528,1.1,step,1
5000,4,9.31518,1.25,step,2

frame,idx,score,alpha,step_norm,z_coarse
5001,0,6.60879,0.65,step,-2
5001,1,9.31894,0.8,step,-1
5001,2,11.1475,0.95,step,0
5001,3,10.3503,1.1,step,1
5001,4,9.31062,1.25,step,2

frame,idx,score,alpha,step_norm,z_coarse
5002,0,6.6141,0.65,step,-2
5002,1,9.32944,0.8,step,-1
5002,2,11.1562,0.95,step,0
5002,3,10.3563,1.1,step,1
5002,4,9.31429,1.25,step,2

frame,idx,score,alpha,step_norm,z_coarse
5003,0,6.60672,0.65,step,-2
5003,1,9.31199,0.8,step,-1
5003,2,11.1468,0.95,step,0
5003,3,10.3558,1.1,step,1
5003,4,9.31903,1.25,step,2

frame,idx,score,alpha,step_norm,z_coarse
5004,0,6.60883,0.65,step,-2
5004,1,9.32267,0.8,step,-1
5004,2,11.1504,0.95,step,0
5004,3,10.3507,1.1,step,1
5004,4,9.3098,1.25,step,2

frame,idx,score,alpha,step_norm,z_coarse
5005,0,6.60585,0.65,step,-2
5005,1,9.3158,0.8,step,-1
5005,2,11.1504,0.95,step,0
5005,3,10.3592,1.1,step,1
5005,4,9.32077,1.25,step,2

frame,idx,score,alpha,step_norm,z_coarse
5006,0,6.6085,0.65,step,-2
5006,1,9.31734,0.8,step,-1
5006,2,11.1525,0.95,step,0
5006,3,10.3583,1.1,step,1
5006,4,9.31994,1.25,step,2

frame,idx,score,alpha,step_norm,z_coarse
5007,0,6.61203,0.65,step,-2
5007,1,9.32376,0.8,step,-1
5007,2,11.1545,0.95,step,0
5007,3,10.3572,1.1,step,1
5007,4,9.31711,1.25,step,2

frame,idx,score,alpha,step_norm,z_coarse
5008,0,6.60737,0.65,step,-2
5008,1,9.3202,0.8,step,-1
5008,2,11.1512,0.95,step,0
5008,3,10.3523,1.1,step,1
5008,4,9.31167,1.25,step,2

frame,idx,score,alpha,step_norm,z_coarse
5009,0,6.60618,0.65,step,-2
5009,1,9.31766,0.8,step,-1
5009,2,11.1527,0.95,step,0
5009,3,10.3594,1.1,step,1
5009,4,9.3206,1.25,step,2

frame,idx,score,alpha,step_norm,z_coarse
5010,0,6.607,0.65,step,-2
5010,1,9.31797,0.8,step,-1
5010,2,11.1516,0.95,step,0
5010,3,10.3577,1.1,step,1
5010,4,9.318,1.25,step,2

frame,idx,score,alpha,step_norm,z_coarse
5011,0,6.60828,0.65,step,-2
5011,1,9.32283,0.8,step,-1
5011,2,11.1542,0.95,step,0
5011,3,10.3552,1.1,step,1
5011,4,9.31333,1.25,step,2

frame,idx,score,alpha,step_norm,z_coarse
5012,0,6.60955,0.65,step,-2
5012,1,9.32063,0.8,step,-1
5012,2,11.1549,0.95,step,0
5012,3,10.3615,1.1,step,1
5012,4,9.32296,1.25,step,2

frame,idx,score,alpha,step_norm,z_coarse
5013,0,6.60303,0.65,step,-2
5013,1,9.31188,0.8,step,-1
5013,2,11.1491,0.95,step,0
5013,3,10.3585,1.1,step,1
5013,4,9.3206,1.25,step,2

frame,idx,score,alpha,step_norm,z_coarse
5014,0,6.60545,0.65,step,-2
5014,1,9.3151,0.8,step,-1
5014,2,11.1512,0.95,step,0
5014,3,10.3591,1.1,step,1
5014,4,9.32034,1.25,step,2

frame,idx,score,alpha,step_norm,z_coarse
5015,0,6.60482,0.65,step,-2
5015,1,9.31385,0.8,step,-1
5015,2,11.1526,0.95,step,0
5015,3,10.3615,1.1,step,1
5015,4,9.32265,1.25,step,2

frame,idx,score,alpha,step_norm,z_coarse
5016,0,6.60257,0.65,step,-2
5016,1,9.30937,0.8,step,-1
5016,2,11.1486,0.95,step,0
5016,3,10.3586,1.1,step,1
5016,4,9.31959,1.25,step,2

frame,idx,score,alpha,step_norm,z_coarse
5017,0,6.60511,0.65,step,-2
5017,1,9.3113,0.8,step,-1
5017,2,11.1488,0.95,step,0
5017,3,10.3586,1.1,step,1
5017,4,9.32135,1.25,step,2

frame,idx,score,alpha,step_norm,z_coarse
5018,0,6.6056,0.65,step,-2
5018,1,9.31538,0.8,step,-1
5018,2,11.1519,0.95,step,0
5018,3,10.3612,1.1,step,1
5018,4,9.3242,1.25,step,2

frame,idx,score,alpha,step_norm,z_coarse
5019,0,6.60607,0.65,step,-2
5019,1,9.31301,0.8,step,-1
5019,2,11.148,0.95,step,0
5019,3,10.3563,1.1,step,1
5019,4,9.31786,1.25,step,2

frame,idx,score,alpha,step_norm,z_coarse
5020,0,6.6038,0.65,step,-2
5020,1,9.31104,0.8,step,-1
5020,2,11.1468,0.95,step,0
5020,3,10.3564,1.1,step,1
5020,4,9.32029,1.25,step,2

frame,idx,score,alpha,step_norm,z_coarse
5021,0,6.60391,0.65,step,-2
5021,1,9.31252,0.8,step,-1
5021,2,11.1505,0.95,step,0
5021,3,10.3582,1.1,step,1
5021,4,9.32018,1.25,step,2

frame,idx,score,alpha,step_norm,z_coarse
5022,0,6.60979,0.65,step,-2
5022,1,9.32206,0.8,step,-1
5022,2,11.1542,0.95,step,0
5022,3,10.3589,1.1,step,1
5022,4,9.31957,1.25,step,2

frame,idx,score,alpha,step_norm,z_coarse
5023,0,6.61121,0.65,step,-2
5023,1,9.32244,0.8,step,-1
5023,2,11.1564,0.95,step,0
5023,3,10.3592,1.1,step,1
5023,4,9.31854,1.25,step,2

frame,idx,score,alpha,step_norm,z_coarse
5024,0,6.60993,0.65,step,-2
5024,1,9.32286,0.8,step,-1
5024,2,11.1528,0.95,step,0
5024,3,10.3566,1.1,step,1
5024,4,9.3163,1.25,step,2

frame,idx,score,alpha,step_norm,z_coarse
5025,0,6.60934,0.65,step,-2
5025,1,9.32293,0.8,step,-1
5025,2,11.1557,0.95,step,0
5025,3,10.36,1.1,step,1
5025,4,9.31956,1.25,step,2

frame,idx,score,alpha,step_norm,z_coarse
5026,0,6.60776,0.65,step,-2
5026,1,9.31557,0.8,step,-1
5026,2,11.1496,0.95,step,0
5026,3,10.3583,1.1,step,1
5026,4,9.31994,1.25,step,2

frame,idx,score,alpha,step_norm,z_coarse
5027,0,6.61022,0.65,step,-2
5027,1,9.32409,0.8,step,-1
5027,2,11.1562,0.95,step,0
5027,3,10.3602,1.1,step,1
5027,4,9.31957,1.25,step,2

frame,idx,score,alpha,step_norm,z_coarse
5028,0,6.61179,0.65,step,-2
5028,1,9.32565,0.8,step,-1
5028,2,11.1586,0.95,step,0
5028,3,10.3578,1.1,step,1
5028,4,9.31377,1.25,step,2

frame,idx,score,alpha,step_norm,z_coarse
5029,0,6.60714,0.65,step,-2
5029,1,9.31916,0.8,step,-1
5029,2,11.1521,0.95,step,0
5029,3,10.357,1.1,step,1
5029,4,9.31789,1.25,step,2

frame,idx,score,alpha,step_norm,z_coarse
5030,0,6.60817,0.65,step,-2
5030,1,9.31878,0.8,step,-1
5030,2,11.149,0.95,step,0
5030,3,10.3512,1.1,step,1
5030,4,9.3105,1.25,step,2

frame,idx,score,alpha,step_norm,z_coarse
5031,0,6.61509,0.65,step,-2
5031,1,9.3284,0.8,step,-1
5031,2,11.1563,0.95,step,0
5031,3,10.357,1.1,step,1
5031,4,9.31583,1.25,step,2

frame,idx,score,alpha,step_norm,z_coarse
5032,0,6.61322,0.65,step,-2
5032,1,9.32571,0.8,step,-1
5032,2,11.1533,0.95,step,0
5032,3,10.3547,1.1,step,1
5032,4,9.3141,1.25,step,2

frame,idx,score,alpha,step_norm,z_coarse
5033,0,6.61338,0.65,step,-2
5033,1,9.32369,0.8,step,-1
5033,2,11.1502,0.95,step,0
5033,3,10.3505,1.1,step,1
5033,4,9.31013,1.25,step,2

frame,idx,score,alpha,step_norm,z_coarse
5034,0,6.61352,0.65,step,-2
5034,1,9.32622,0.8,step,-1
5034,2,11.155,0.95,step,0
5034,3,10.3554,1.1,step,1
5034,4,9.31355,1.25,step,2

frame,idx,score,alpha,step_norm,z_coarse
5035,0,6.61704,0.65,step,-2
5035,1,9.33069,0.8,step,-1
5035,2,11.1544,0.95,step,0
5035,3,10.353,1.1,step,1
5035,4,9.31156,1.25,step,2

frame,idx,score,alpha,step_norm,z_coarse
5036,0,6.61408,0.65,step,-2
5036,1,9.32952,0.8,step,-1
5036,2,11.1556,0.95,step,0
5036,3,10.3553,1.1,step,1
5036,4,9.31386,1.25,step,2

frame,idx,score,alpha,step_norm,z_coarse
5037,0,6.61248,0.65,step,-2
5037,1,9.32094,0.8,step,-1
5037,2,11.1517,0.95,step,0
5037,3,10.3557,1.1,step,1
5037,4,9.31614,1.25,step,2

frame,idx,score,alpha,step_norm,z_coarse
5038,0,6.61682,0.65,step,-2
5038,1,9.32963,0.8,step,-1
5038,2,11.1534,0.95,step,0
5038,3,10.3488,1.1,step,1
5038,4,9.30595,1.25,step,2

frame,idx,score,alpha,step_norm,z_coarse
5039,0,6.61594,0.65,step,-2
5039,1,9.33341,0.8,step,-1
5039,2,11.1554,0.95,step,0
5039,3,10.3521,1.1,step,1
5039,4,9.30942,1.25,step,2

frame,idx,score,alpha,step_norm,z_coarse
5040,0,6.62235,0.65,step,-2
5040,1,9.33505,0.8,step,-1
5040,2,11.1565,0.95,step,0
5040,3,10.3519,1.1,step,1
5040,4,9.30999,1.25,step,2

frame,idx,score,alpha,step_norm,z_coarse
5041,0,6.6175,0.65,step,-2
5041,1,9.33121,0.8,step,-1
5041,2,11.1572,0.95,step,0
5041,3,10.3539,1.1,step,1
5041,4,9.31133,1.25,step,2

frame,idx,score,alpha,step_norm,z_coarse
5042,0,6.61179,0.65,step,-2
5042,1,9.32409,0.8,step,-1
5042,2,11.1506,0.95,step,0
5042,3,10.3493,1.1,step,1
5042,4,9.30812,1.25,step,2

frame,idx,score,alpha,step_norm,z_coarse
5043,0,6.61284,0.65,step,-2
5043,1,9.32407,0.8,step,-1
5043,2,11.1527,0.95,step,0
5043,3,10.3557,1.1,step,1
5043,4,9.31485,1.25,step,2

frame,idx,score,alpha,step_norm,z_coarse
5044,0,6.61207,0.65,step,-2
5044,1,9.32484,0.8,step,-1
5044,2,11.1564,0.95,step,0
5044,3,10.3578,1.1,step,1
5044,4,9.31548,1.25,step,2

frame,idx,score,alpha,step_norm,z_coarse
5045,0,6.61549,0.65,step,-2
5045,1,9.32766,0.8,step,-1
5045,2,11.1568,0.95,step,0
5045,3,10.3579,1.1,step,1
5045,4,9.31756,1.25,step,2

frame,idx,score,alpha,step_norm,z_coarse
5046,0,6.61441,0.65,step,-2
5046,1,9.32715,0.8,step,-1
5046,2,11.1525,0.95,step,0
5046,3,10.3504,1.1,step,1
5046,4,9.30911,1.25,step,2

frame,idx,score,alpha,step_norm,z_coarse
5047,0,6.61531,0.65,step,-2
5047,1,9.32628,0.8,step,-1
5047,2,11.1535,0.95,step,0
5047,3,10.3555,1.1,step,1
5047,4,9.31566,1.25,step,2

frame,idx,score,alpha,step_norm,z_coarse
5048,0,6.6141,0.65,step,-2
5048,1,9.32371,0.8,step,-1
5048,2,11.1485,0.95,step,0
5048,3,10.3492,1.1,step,1
5048,4,9.30979,1.25,step,2

frame,idx,score,alpha,step_norm,z_coarse
5049,0,6.61587,0.65,step,-2
5049,1,9.33019,0.8,step,-1
5049,2,11.1538,0.95,step,0
5049,3,10.3511,1.1,step,1
5049,4,9.30981,1.25,step,2

frame,idx,score,alpha,step_norm,z_coarse
5050,0,6.61631,0.65,step,-2
5050,1,9.33142,0.8,step,-1
5050,2,11.1597,0.95,step,0
5050,3,10.3568,1.1,step,1
5050,4,9.31317,1.25,step,2

frame,idx,score,alpha,step_norm,z_coarse
5051,0,6.61478,0.65,step,-2
5051,1,9.3256,0.8,step,-1
5051,2,11.1532,0.95,step,0
5051,3,10.3535,1.1,step,1
5051,4,9.31078,1.25,step,2

frame,idx,score,alpha,step_norm,z_coarse
5052,0,6.61173,0.65,step,-2
5052,1,9.32246,0.8,step,-1
5052,2,11.1563,0.95,step,0
5052,3,10.359,1.1,step,1
5052,4,9.3173,1.25,step,2

frame,idx,score,alpha,step_norm,z_coarse
5053,0,6.61524,0.65,step,-2
5053,1,9.33109,0.8,step,-1
5053,2,11.1563,0.95,step,0
5053,3,10.355,1.1,step,1
5053,4,9.31328,1.25,step,2

frame,idx,score,alpha,step_norm,z_coarse
5054,0,6.61421,0.65,step,-2
5054,1,9.32369,0.8,step,-1
5054,2,11.15,0.95,step,0
5054,3,10.3503,1.1,step,1
5054,4,9.31062,1.25,step,2

frame,idx,score,alpha,step_norm,z_coarse
5055,0,6.61381,0.65,step,-2
5055,1,9.32896,0.8,step,-1
5055,2,11.1565,0.95,step,0
5055,3,10.3543,1.1,step,1
5055,4,9.31106,1.25,step,2

frame,idx,score,alpha,step_norm,z_coarse
5056,0,6.61242,0.65,step,-2
5056,1,9.32645,0.8,step,-1
5056,2,11.1552,0.95,step,0
5056,3,10.354,1.1,step,1
5056,4,9.31261,1.25,step,2

frame,idx,score,alpha,step_norm,z_coarse
5057,0,6.61223,0.65,step,-2
5057,1,9.32631,0.8,step,-1
5057,2,11.1547,0.95,step,0
5057,3,10.3535,1.1,step,1
5057,4,9.31057,1.25,step,2

frame,idx,score,alpha,step_norm,z_coarse
5058,0,6.61347,0.65,step,-2
5058,1,9.32704,0.8,step,-1
5058,2,11.1559,0.95,step,0
5058,3,10.3558,1.1,step,1
5058,4,9.31415,1.25,step,2

frame,idx,score,alpha,step_norm,z_coarse
5059,0,6.61058,0.65,step,-2
5059,1,9.32491,0.8,step,-1
5059,2,11.1561,0.95,step,0
5059,3,10.3568,1.1,step,1
5059,4,9.31469,1.25,step,2

frame,idx,score,alpha,step_norm,z_coarse
5060,0,6.6075,0.65,step,-2
5060,1,9.31929,0.8,step,-1
5060,2,11.1507,0.95,step,0
5060,3,10.3544,1.1,step,1
5060,4,9.31499,1.25,step,2

frame,idx,score,alpha,step_norm,z_coarse
5061,0,6.61027,0.65,step,-2
5061,1,9.32233,0.8,step,-1
5061,2,11.1499,0.95,step,0
5061,3,10.3509,1.1,step,1
5061,4,9.3104,1.25,step,2

frame,idx,score,alpha,step_norm,z_coarse
5062,0,6.61517,0.65,step,-2
5062,1,9.33098,0.8,step,-1
5062,2,11.1612,0.95,step,0
5062,3,10.3603,1.1,step,1
5062,4,9.31644,1.25,step,2

frame,idx,score,alpha,step_norm,z_coarse
5063,0,6.61098,0.65,step,-2
5063,1,9.32334,0.8,step,-1
5063,2,11.1536,0.95,step,0
5063,3,10.3542,1.1,step,1
5063,4,9.31317,1.25,step,2

frame,idx,score,alpha,step_norm,z_coarse
5064,0,6.61314,0.65,step,-2
5064,1,9.32584,0.8,step,-1
5064,2,11.1544,0.95,step,0
5064,3,10.3567,1.1,step,1
5064,4,9.31734,1.25,step,2

frame,idx,score,alpha,step_norm,z_coarse
5065,0,6.61282,0.65,step,-2
5065,1,9.32569,0.8,step,-1
5065,2,11.1488,0.95,step,0
5065,3,10.3457,1.1,step,1
5065,4,9.30266,1.25,step,2

frame,idx,score,alpha,step_norm,z_coarse
5066,0,6.61833,0.65,step,-2
5066,1,9.33597,0.8,step,-1
5066,2,11.1588,0.95,step,0
5066,3,10.3534,1.1,step,1
5066,4,9.30999,1.25,step,2

frame,idx,score,alpha,step_norm,z_coarse
5067,0,6.61492,0.65,step,-2
5067,1,9.33193,0.8,step,-1
5067,2,11.1557,0.95,step,0
5067,3,10.3524,1.1,step,1
5067,4,9.31046,1.25,step,2

frame,idx,score,alpha,step_norm,z_coarse
5068,0,6.61352,0.65,step,-2
5068,1,9.32716,0.8,step,-1
5068,2,11.1553,0.95,step,0
5068,3,10.3571,1.1,step,1
5068,4,9.31758,1.25,step,2

frame,idx,score,alpha,step_norm,z_coarse
5069,0,6.61321,0.65,step,-2
5069,1,9.32471,0.8,step,-1
5069,2,11.1545,0.95,step,0
5069,3,10.3575,1.1,step,1
5069,4,9.31807,1.25,step,2

frame,idx,score,alpha,step_norm,z_coarse
5070,0,6.61258,0.65,step,-2
5070,1,9.32126,0.8,step,-1
5070,2,11.1526,0.95,step,0
5070,3,10.3539,1.1,step,1
5070,4,9.31095,1.25,step,2

frame,idx,score,alpha,step_norm,z_coarse
5071,0,6.61042,0.65,step,-2
5071,1,9.32335,0.8,step,-1
5071,2,11.1556,0.95,step,0
5071,3,10.3583,1.1,step,1
5071,4,9.31746,1.25,step,2

frame,idx,score,alpha,step_norm,z_coarse
5072,0,6.61255,0.65,step,-2
5072,1,9.32031,0.8,step,-1
5072,2,11.1498,0.95,step,0
5072,3,10.3515,1.1,step,1
5072,4,9.3114,1.25,step,2

frame,idx,score,alpha,step_norm,z_coarse
5073,0,6.60433,0.65,step,-2
5073,1,9.31313,0.8,step,-1
5073,2,11.1423,0.95,step,0
5073,3,10.3492,1.1,step,1
5073,4,9.31372,1.25,step,2

frame,idx,score,alpha,step_norm,z_coarse
5074,0,6.60548,0.65,step,-2
5074,1,9.31367,0.8,step,-1
5074,2,11.1485,0.95,step,0
5074,3,10.3538,1.1,step,1
5074,4,9.31469,1.25,step,2

frame,idx,score,alpha,step_norm,z_coarse
5075,0,6.60777,0.65,step,-2
5075,1,9.32097,0.8,step,-1
5075,2,11.1508,0.95,step,0
5075,3,10.3536,1.1,step,1
5075,4,9.31341,1.25,step,2

frame,idx,score,alpha,step_norm,z_coarse
5076,0,6.61531,0.65,step,-2
5076,1,9.32743,0.8,step,-1
5076,2,11.1563,0.95,step,0
5076,3,10.3564,1.1,step,1
5076,4,9.31564,1.25,step,2

frame,idx,score,alpha,step_norm,z_coarse
5077,0,6.61284,0.65,step,-2
5077,1,9.32408,0.8,step,-1
5077,2,11.1524,0.95,step,0
5077,3,10.3548,1.1,step,1
5077,4,9.31364,1.25,step,2

frame,idx,score,alpha,step_norm,z_coarse
5078,0,6.60732,0.65,step,-2
5078,1,9.31826,0.8,step,-1
5078,2,11.1511,0.95,step,0
5078,3,10.3547,1.1,step,1
5078,4,9.31487,1.25,step,2

frame,idx,score,alpha,step_norm,z_coarse
5079,0,6.60959,0.65,step,-2
5079,1,9.32011,0.8,step,-1
5079,2,11.1505,0.95,step,0
5079,3,10.3534,1.1,step,1
5079,4,9.31333,1.25,step,2

frame,idx,score,alpha,step_norm,z_coarse
5080,0,6.60944,0.65,step,-2
5080,1,9.3218,0.8,step,-1
5080,2,11.1555,0.95,step,0
5080,3,10.3584,1.1,step,1
5080,4,9.31515,1.25,step,2

frame,idx,score,alpha,step_norm,z_coarse
5081,0,6.60974,0.65,step,-2
5081,1,9.3206,0.8,step,-1
5081,2,11.1531,0.95,step,0
5081,3,10.3593,1.1,step,1
5081,4,9.31994,1.25,step,2

frame,idx,score,alpha,step_norm,z_coarse
5082,0,6.60705,0.65,step,-2
5082,1,9.31742,0.8,step,-1
5082,2,11.1502,0.95,step,0
5082,3,10.3555,1.1,step,1
5082,4,9.31569,1.25,step,2

frame,idx,score,alpha,step_norm,z_coarse
5083,0,6.60602,0.65,step,-2
5083,1,9.31586,0.8,step,-1
5083,2,11.1437,0.95,step,0
5083,3,10.3461,1.1,step,1
5083,4,9.30743,1.25,step,2

frame,idx,score,alpha,step_norm,z_coarse
5084,0,6.6104,0.65,step,-2
5084,1,9.32084,0.8,step,-1
5084,2,11.1548,0.95,step,0
5084,3,10.3589,1.1,step,1
5084,4,9.31776,1.25,step,2

frame,idx,score,alpha,step_norm,z_coarse
5085,0,6.60953,0.65,step,-2
5085,1,9.32052,0.8,step,-1
5085,2,11.151,0.95,step,0
5085,3,10.3528,1.1,step,1
5085,4,9.31197,1.25,step,2

frame,idx,score,alpha,step_norm,z_coarse
5086,0,6.60857,0.65,step,-2
5086,1,9.31638,0.8,step,-1
5086,2,11.1472,0.95,step,0
5086,3,10.3526,1.1,step,1
5086,4,9.31321,1.25,step,2

frame,idx,score,alpha,step_norm,z_coarse
5087,0,6.60848,0.65,step,-2
5087,1,9.31983,0.8,step,-1
5087,2,11.1508,0.95,step,0
5087,3,10.3554,1.1,step,1
5087,4,9.31625,1.25,step,2

frame,idx,score,alpha,step_norm,z_coarse
5088,0,6.60136,0.65,step,-2
5088,1,9.3053,0.8,step,-1
5088,2,11.1445,0.95,step,0
5088,3,10.3569,1.1,step,1
5088,4,9.31981,1.25,step,2

frame,idx,score,alpha,step_norm,z_coarse
5089,0,6.60091,0.65,step,-2
5089,1,9.30675,0.8,step,-1
5089,2,11.1424,0.95,step,0
5089,3,10.3531,1.1,step,1
5089,4,9.31619,1.25,step,2

frame,idx,score,alpha,step_norm,z_coarse
5090,0,6.60087,0.65,step,-2
5090,1,9.30432,0.8,step,-1
5090,2,11.1444,0.95,step,0
5090,3,10.3585,1.1,step,1
5090,4,9.32196,1.25,step,2

frame,idx,score,alpha,step_norm,z_coarse
5091,0,6.60307,0.65,step,-2
5091,1,9.30813,0.8,step,-1
5091,2,11.1461,0.95,step,0
5091,3,10.3564,1.1,step,1
5091,4,9.31923,1.25,step,2

frame,idx,score,alpha,step_norm,z_coarse
5092,0,6.60721,0.65,step,-2
5092,1,9.31714,0.8,step,-1
5092,2,11.1525,0.95,step,0
5092,3,10.3581,1.1,step,1
5092,4,9.3173,1.25,step,2

frame,idx,score,alpha,step_norm,z_coarse
5093,0,6.59977,0.65,step,-2
5093,1,9.3086,0.8,step,-1
5093,2,11.146,0.95,step,0
5093,3,10.3551,1.1,step,1
5093,4,9.31731,1.25,step,2

frame,idx,score,alpha,step_norm,z_coarse
5094,0,6.60909,0.65,step,-2
5094,1,9.31675,0.8,step,-1
5094,2,11.1478,0.95,step,0
5094,3,10.3532,1.1,step,1
5094,4,9.3151,1.25,step,2

frame,idx,score,alpha,step_norm,z_coarse
5095,0,6.60204,0.65,step,-2
5095,1,9.30886,0.8,step,-1
5095,2,11.1448,0.95,step,0
5095,3,10.3519,1.1,step,1
5095,4,9.31213,1.25,step,2

frame,idx,score,alpha,step_norm,z_coarse
5096,0,6.60564,0.65,step,-2
5096,1,9.3144,0.8,step,-1
5096,2,11.1449,0.95,step,0
5096,3,10.35,1.1,step,1
5096,4,9.31154,1.25,step,2

frame,idx,score,alpha,step_norm,z_coarse
5097,0,6.5998,0.65,step,-2
5097,1,9.30457,0.8,step,-1
5097,2,11.1413,0.95,step,0
5097,3,10.3523,1.1,step,1
5097,4,9.31621,1.25,step,2

frame,idx,score,alpha,step_norm,z_coarse
5098,0,6.60167,0.65,step,-2
5098,1,9.30625,0.8,step,-1
5098,2,11.1389,0.95,step,0
5098,3,10.3481,1.1,step,1
5098,4,9.31213,1.25,step,2

frame,idx,score,alpha,step_norm,z_coarse
5099,0,6.60317,0.65,step,-2
5099,1,9.31062,0.8,step,-1
5099,2,11.1459,0.95,step,0
5099,3,10.354,1.1,step,1
5099,4,9.31523,1.25,step,2

frame,idx,score,alpha,step_norm,z_coarse
5100,0,6.59802,0.65,step,-2
5100,1,9.30874,0.8,step,-1
5100,2,11.1463,0.95,step,0
5100,3,10.3558,1.1,step,1
5100,4,9.31892,1.25,step,2

frame,idx,score,alpha,step_norm,z_coarse
5101,0,6.60018,0.65,step,-2
5101,1,9.30871,0.8,step,-1
5101,2,11.151,0.95,step,0
5101,3,10.3591,1.1,step,1
5101,4,9.32093,1.25,step,2

frame,idx,score,alpha,step_norm,z_coarse
5102,0,6.59888,0.65,step,-2
5102,1,9.30321,0.8,step,-1
5102,2,11.1441,0.95,step,0
5102,3,10.357,1.1,step,1
5102,4,9.32078,1.25,step,2

frame,idx,score,alpha,step_norm,z_coarse
5103,0,6.59839,0.65,step,-2
5103,1,9.30772,0.8,step,-1
5103,2,11.15,0.95,step,0
5103,3,10.3607,1.1,step,1
5103,4,9.3218,1.25,step,2

frame,idx,score,alpha,step_norm,z_coarse
5104,0,6.59604,0.65,step,-2
5104,1,9.29923,0.8,step,-1
5104,2,11.1401,0.95,step,0
5104,3,10.3569,1.1,step,1
5104,4,9.32294,1.25,step,2

frame,idx,score,alpha,step_norm,z_coarse
5105,0,6.59686,0.65,step,-2
5105,1,9.2994,0.8,step,-1
5105,2,11.1456,0.95,step,0
5105,3,10.3625,1.1,step,1
5105,4,9.32603,1.25,step,2

frame,idx,score,alpha,step_norm,z_coarse
5106,0,6.59251,0.65,step,-2
5106,1,9.29747,0.8,step,-1
5106,2,11.1457,0.95,step,0
5106,3,10.3643,1.1,step,1
5106,4,9.32907,1.25,step,2

frame,idx,score,alpha,step_norm,z_coarse
5107,0,6.59783,0.65,step,-2
5107,1,9.29904,0.8,step,-1
5107,2,11.1449,0.95,step,0
5107,3,10.3603,1.1,step,1
5107,4,9.3239,1.25,step,2

frame,idx,score,alpha,step_norm,z_coarse
5108,0,6.59723,0.65,step,-2
5108,1,9.29779,0.8,step,-1
5108,2,11.1365,0.95,step,0
5108,3,10.3516,1.1,step,1
5108,4,9.31702,1.25,step,2

frame,idx,score,alpha,step_norm,z_coarse
5109,0,6.5976,0.65,step,-2
5109,1,9.30212,0.8,step,-1
5109,2,11.1466,0.95,step,0
5109,3,10.3595,1.1,step,1
5109,4,9.32186,1.25,step,2

frame,idx,score,alpha,step_norm,z_coarse
5110,0,6.59826,0.65,step,-2
5110,1,9.30049,0.8,step,-1
5110,2,11.1445,0.95,step,0
5110,3,10.3615,1.1,step,1
5110,4,9.32675,1.25,step,2

frame,idx,score,alpha,step_norm,z_coarse
5111,0,6.59814,0.65,step,-2
5111,1,9.30502,0.8,step,-1
5111,2,11.1492,0.95,step,0
5111,3,10.3629,1.1,step,1
5111,4,9.32505,1.25,step,2

frame,idx,score,alpha,step_norm,z_coarse
5112,0,6.59896,0.65,step,-2
5112,1,9.30743,0.8,step,-1
5112,2,11.1464,0.95,step,0
5112,3,10.3538,1.1,step,1
5112,4,9.3148,1.25,step,2

frame,idx,score,alpha,step_norm,z_coarse
5113,0,6.59919,0.65,step,-2
5113,1,9.30444,0.8,step,-1
5113,2,11.1458,0.95,step,0
5113,3,10.3585,1.1,step,1
5113,4,9.32078,1.25,step,2

frame,idx,score,alpha,step_norm,z_coarse
5114,0,6.59949,0.65,step,-2
5114,1,9.30732,0.8,step,-1
5114,2,11.1503,0.95,step,0
5114,3,10.3606,1.1,step,1
5114,4,9.32215,1.25,step,2

frame,idx,score,alpha,step_norm,z_coarse
5115,0,6.59911,0.65,step,-2
5115,1,9.30333,0.8,step,-1
5115,2,11.1428,0.95,step,0
5115,3,10.3569,1.1,step,1
5115,4,9.32208,1.25,step,2

frame,idx,score,alpha,step_norm,z_coarse
5116,0,6.59895,0.65,step,-2
5116,1,9.30209,0.8,step,-1
5116,2,11.1422,0.95,step,0
5116,3,10.3548,1.1,step,1
5116,4,9.31869,1.25,step,2

frame,idx,score,alpha,step_norm,z_coarse
5117,0,6.59962,0.65,step,-2
5117,1,9.30728,0.8,step,-1
5117,2,11.1499,0.95,step,0
5117,3,10.3598,1.1,step,1
5117,4,9.32184,1.25,step,2

frame,idx,score,alpha,step_norm,z_coarse
5118,0,6.60171,0.65,step,-2
5118,1,9.30447,0.8,step,-1
5118,2,11.1455,0.95,step,0
5118,3,10.3609,1.1,step,1
5118,4,9.3256,1.25,step,2

frame,idx,score,alpha,step_norm,z_coarse
5119,0,6.59664,0.65,step,-2
5119,1,9.30161,0.8,step,-1
5119,2,11.1456,0.95,step,0
5119,3,10.3586,1.1,step,1
5119,4,9.32129,1.25,step,2

frame,idx,score,alpha,step_norm,z_coarse
5120,0,6.601,0.65,step,-2
5120,1,9.30465,0.8,step,-1
5120,2,11.1484,0.95,step,0
5120,3,10.3608,1.1,step,1
5120,4,9.32505,1.25,step,2

frame,idx,score,alpha,step_norm,z_coarse
5121,0,6.59541,0.65,step,-2
5121,1,9.29878,0.8,step,-1
5121,2,11.1399,0.95,step,0
5121,3,10.3551,1.1,step,1
5121,4,9.32054,1.25,step,2

frame,idx,score,alpha,step_norm,z_coarse
5122,0,6.59834,0.65,step,-2
5122,1,9.30441,0.8,step,-1
5122,2,11.143,0.95,step,0
5122,3,10.3549,1.1,step,1
5122,4,9.31875,1.25,step,2

frame,idx,score,alpha,step_norm,z_coarse
5123,0,6.59996,0.65,step,-2
5123,1,9.30466,0.8,step,-1
5123,2,11.1413,0.95,step,0
5123,3,10.3558,1.1,step,1
5123,4,9.32202,1.25,step,2

frame,idx,score,alpha,step_norm,z_coarse
5124,0,6.59987,0.65,step,-2
5124,1,9.30581,0.8,step,-1
5124,2,11.1464,0.95,step,0
5124,3,10.356,1.1,step,1
5124,4,9.31675,1.25,step,2

frame,idx,score,alpha,step_norm,z_coarse
5125,0,6.59831,0.65,step,-2
5125,1,9.30287,0.8,step,-1
5125,2,11.1432,0.95,step,0
5125,3,10.3571,1.1,step,1
5125,4,9.32043,1.25,step,2

frame,idx,score,alpha,step_norm,z_coarse
5126,0,6.59896,0.65,step,-2
5126,1,9.29963,0.8,step,-1
5126,2,11.1381,0.95,step,0
5126,3,10.3517,1.1,step,1
5126,4,9.31512,1.25,step,2

frame,idx,score,alpha,step_norm,z_coarse
5127,0,6.59696,0.65,step,-2
5127,1,9.30233,0.8,step,-1
5127,2,11.1451,0.95,step,0
5127,3,10.3599,1.1,step,1
5127,4,9.32251,1.25,step,2

frame,idx,score,alpha,step_norm,z_coarse
5128,0,6.59753,0.65,step,-2
5128,1,9.30198,0.8,step,-1
5128,2,11.1456,0.95,step,0
5128,3,10.3564,1.1,step,1
5128,4,9.31917,1.25,step,2

frame,idx,score,alpha,step_norm,z_coarse
5129,0,6.59819,0.65,step,-2
5129,1,9.30063,0.8,step,-1
5129,2,11.1432,0.95,step,0
5129,3,10.3572,1.1,step,1
5129,4,9.32116,1.25,step,2

frame,idx,score,alpha,step_norm,z_coarse
5130,0,6.59814,0.65,step,-2
5130,1,9.30561,0.8,step,-1
5130,2,11.1473,0.95,step,0
5130,3,10.3591,1.1,step,1
5130,4,9.3225,1.25,step,2

frame,idx,score,alpha,step_norm,z_coarse
5131,0,6.59912,0.65,step,-2
5131,1,9.30322,0.8,step,-1
5131,2,11.1442,0.95,step,0
5131,3,10.3561,1.1,step,1
5131,4,9.31797,1.25,step,2

frame,idx,score,alpha,step_norm,z_coarse
5132,0,6.60008,0.65,step,-2
5132,1,9.30515,0.8,step,-1
5132,2,11.1445,0.95,step,0
5132,3,10.3568,1.1,step,1
5132,4,9.31981,1.25,step,2

frame,idx,score,alpha,step_norm,z_coarse
5133,0,6.6043,0.65,step,-2
5133,1,9.31036,0.8,step,-1
5133,2,11.1476,0.95,step,0
5133,3,10.3585,1.1,step,1
5133,4,9.32199,1.25,step,2

frame,idx,score,alpha,step_norm,z_coarse
5134,0,6.60574,0.65,step,-2
5134,1,9.31498,0.8,step,-1
5134,2,11.1544,0.95,step,0
5134,3,10.3636,1.1,step,1
5134,4,9.32423,1.25,step,2

frame,idx,score,alpha,step_norm,z_coarse
5135,0,6.59896,0.65,step,-2
5135,1,9.3087,0.8,step,-1
5135,2,11.1449,0.95,step,0
5135,3,10.3539,1.1,step,1
5135,4,9.31602,1.25,step,2

frame,idx,score,alpha,step_norm,z_coarse
5136,0,6.60202,0.65,step,-2
5136,1,9.30676,0.8,step,-1
5136,2,11.1433,0.95,step,0
5136,3,10.3531,1.1,step,1
5136,4,9.31643,1.25,step,2

frame,idx,score,alpha,step_norm,z_coarse
5137,0,6.60569,0.65,step,-2
5137,1,9.31282,0.8,step,-1
5137,2,11.15,0.95,step,0
5137,3,10.3598,1.1,step,1
5137,4,9.3225,1.25,step,2

frame,idx,score,alpha,step_norm,z_coarse
5138,0,6.60407,0.65,step,-2
5138,1,9.31319,0.8,step,-1
5138,2,11.1517,0.95,step,0
5138,3,10.362,1.1,step,1
5138,4,9.32351,1.25,step,2

frame,idx,score,alpha,step_norm,z_coarse
5139,0,6.60428,0.65,step,-2
5139,1,9.31096,0.8,step,-1
5139,2,11.1487,0.95,step,0
5139,3,10.3576,1.1,step,1
5139,4,9.31853,1.25,step,2

frame,idx,score,alpha,step_norm,z_coarse
5140,0,6.60478,0.65,step,-2
5140,1,9.31273,0.8,step,-1
5140,2,11.1496,0.95,step,0
5140,3,10.3582,1.1,step,1
5140,4,9.31913,1.25,step,2

frame,idx,score,alpha,step_norm,z_coarse
5141,0,6.60391,0.65,step,-2
5141,1,9.30972,0.8,step,-1
5141,2,11.1439,0.95,step,0
5141,3,10.3514,1.1,step,1
5141,4,9.31277,1.25,step,2

frame,idx,score,alpha,step_norm,z_coarse
5142,0,6.60239,0.65,step,-2
5142,1,9.30714,0.8,step,-1
5142,2,11.1466,0.95,step,0
5142,3,10.3561,1.1,step,1
5142,4,9.31656,1.25,step,2

frame,idx,score,alpha,step_norm,z_coarse
5143,0,6.60484,0.65,step,-2
5143,1,9.31309,0.8,step,-1
5143,2,11.149,0.95,step,0
5143,3,10.3552,1.1,step,1
5143,4,9.31585,1.25,step,2

frame,idx,score,alpha,step_norm,z_coarse
5144,0,6.60549,0.65,step,-2
5144,1,9.31372,0.8,step,-1
5144,2,11.1467,0.95,step,0
5144,3,10.3532,1.1,step,1
5144,4,9.31441,1.25,step,2

frame,idx,score,alpha,step_norm,z_coarse
5145,0,6.60609,0.65,step,-2
5145,1,9.31919,0.8,step,-1
5145,2,11.1514,0.95,step,0
5145,3,10.3558,1.1,step,1
5145,4,9.31708,1.25,step,2

frame,idx,score,alpha,step_norm,z_coarse
5146,0,6.60817,0.65,step,-2
5146,1,9.31289,0.8,step,-1
5146,2,11.1462,0.95,step,0
5146,3,10.3536,1.1,step,1
5146,4,9.31575,1.25,step,2

frame,idx,score,alpha,step_norm,z_coarse
5147,0,6.60054,0.65,step,-2
5147,1,9.3069,0.8,step,-1
5147,2,11.1407,0.95,step,0
5147,3,10.3505,1.1,step,1
5147,4,9.31515,1.25,step,2

frame,idx,score,alpha,step_norm,z_coarse
5148,0,6.59748,0.65,step,-2
5148,1,9.30265,0.8,step,-1
5148,2,11.1431,0.95,step,0
5148,3,10.3523,1.1,step,1
5148,4,9.31366,1.25,step,2

frame,idx,score,alpha,step_norm,z_coarse
5149,0,6.6,0.65,step,-2
5149,1,9.30961,0.8,step,-1
5149,2,11.1526,0.95,step,0
5149,3,10.3626,1.1,step,1
5149,4,9.32323,1.25,step,2

frame,idx,score,alpha,step_norm,z_coarse
5150,0,6.60274,0.65,step,-2
5150,1,9.31116,0.8,step,-1
5150,2,11.1485,0.95,step,0
5150,3,10.3562,1.1,step,1
5150,4,9.31714,1.25,step,2

frame,idx,score,alpha,step_norm,z_coarse
5151,0,6.60427,0.65,step,-2
5151,1,9.30862,0.8,step,-1
5151,2,11.145,0.95,step,0
5151,3,10.3526,1.1,step,1
5151,4,9.31377,1.25,step,2

frame,idx,score,alpha,step_norm,z_coarse
5152,0,6.60364,0.65,step,-2
5152,1,9.30961,0.8,step,-1
5152,2,11.1475,0.95,step,0
5152,3,10.3577,1.1,step,1
5152,4,9.32108,1.25,step,2

frame,idx,score,alpha,step_norm,z_coarse
5153,0,6.59892,0.65,step,-2
5153,1,9.30995,0.8,step,-1
5153,2,11.148,0.95,step,0
5153,3,10.3556,1.1,step,1
5153,4,9.31721,1.25,step,2

frame,idx,score,alpha,step_norm,z_coarse
5154,0,6.59856,0.65,step,-2
5154,1,9.30256,0.8,step,-1
5154,2,11.1394,0.95,step,0
5154,3,10.3529,1.1,step,1
5154,4,9.3183,1.25,step,2

frame,idx,score,alpha,step_norm,z_coarse
5155,0,6.5991,0.65,step,-2
5155,1,9.30632,0.8,step,-1
5155,2,11.1502,0.95,step,0
5155,3,10.361,1.1,step,1
5155,4,9.32247,1.25,step,2

frame,idx,score,alpha,step_norm,z_coarse
5156,0,6.60112,0.65,step,-2
5156,1,9.31019,0.8,step,-1
5156,2,11.1471,0.95,step,0
5156,3,10.3558,1.1,step,1
5156,4,9.31761,1.25,step,2

frame,idx,score,alpha,step_norm,z_coarse
5157,0,6.59709,0.65,step,-2
5157,1,9.304,0.8,step,-1
5157,2,11.1461,0.95,step,0
5157,3,10.3584,1.1,step,1
5157,4,9.32129,1.25,step,2

frame,idx,score,alpha,step_norm,z_coarse
5158,0,6.59983,0.65,step,-2
5158,1,9.30441,0.8,step,-1
5158,2,11.1455,0.95,step,0
5158,3,10.3573,1.1,step,1
5158,4,9.32013,1.25,step,2

frame,idx,score,alpha,step_norm,z_coarse
5159,0,6.60422,0.65,step,-2
5159,1,9.30877,0.8,step,-1
5159,2,11.1475,0.95,step,0
5159,3,10.3591,1.1,step,1
5159,4,9.32319,1.25,step,2

frame,idx,score,alpha,step_norm,z_coarse
5160,0,6.59958,0.65,step,-2
5160,1,9.30528,0.8,step,-1
5160,2,11.145,0.95,step,0
5160,3,10.3564,1.1,step,1
5160,4,9.31889,1.25,step,2

frame,idx,score,alpha,step_norm,z_coarse
5161,0,6.60288,0.65,step,-2
5161,1,9.31186,0.8,step,-1
5161,2,11.1514,0.95,step,0
5161,3,10.3592,1.1,step,1
5161,4,9.31971,1.25,step,2

frame,idx,score,alpha,step_norm,z_coarse
5162,0,6.59737,0.65,step,-2
5162,1,9.30253,0.8,step,-1
5162,2,11.1419,0.95,step,0
5162,3,10.3552,1.1,step,1
5162,4,9.3186,1.25,step,2

frame,idx,score,alpha,step_norm,z_coarse
5163,0,6.60146,0.65,step,-2
5163,1,9.30434,0.8,step,-1
5163,2,11.1434,0.95,step,0
5163,3,10.3549,1.1,step,1
5163,4,9.3177,1.25,step,2

frame,idx,score,alpha,step_norm,z_coarse
5164,0,6.59275,0.65,step,-2
5164,1,9.2948,0.8,step,-1
5164,2,11.1371,0.95,step,0
5164,3,10.3527,1.1,step,1
5164,4,9.31769,1.25,step,2

frame,idx,score,alpha,step_norm,z_coarse
5165,0,6.59305,0.65,step,-2
5165,1,9.293,0.8,step,-1
5165,2,11.1364,0.95,step,0
5165,3,10.3527,1.1,step,1
5165,4,9.31785,1.25,step,2

frame,idx,score,alpha,step_norm,z_coarse
5166,0,6.59324,0.65,step,-2
5166,1,9.29453,0.8,step,-1
5166,2,11.1385,0.95,step,0
5166,3,10.3566,1.1,step,1
5166,4,9.32227,1.25,step,2

frame,idx,score,alpha,step_norm,z_coarse
5167,0,6.59042,0.65,step,-2
5167,1,9.29228,0.8,step,-1
5167,2,11.1461,0.95,step,0
5167,3,10.3681,1.1,step,1
5167,4,9.33343,1.25,step,2

frame,idx,score,alpha,step_norm,z_coarse
5168,0,6.58834,0.65,step,-2
5168,1,9.2871,0.8,step,-1
5168,2,11.1373,0.95,step,0
5168,3,10.3614,1.1,step,1
5168,4,9.32934,1.25,step,2

frame,idx,score,alpha,step_norm,z_coarse
5169,0,6.59459,0.65,step,-2
5169,1,9.29604,0.8,step,-1
5169,2,11.1488,0.95,step,0
5169,3,10.3692,1.1,step,1
5169,4,9.33407,1.25,step,2

frame,idx,score,alpha,step_norm,z_coarse
5170,0,6.58818,0.65,step,-2
5170,1,9.2852,0.8,step,-1
5170,2,11.14,0.95,step,0
5170,3,10.366,1.1,step,1
5170,4,9.33331,1.25,step,2

frame,idx,score,alpha,step_norm,z_coarse
5171,0,6.58428,0.65,step,-2
5171,1,9.27953,0.8,step,-1
5171,2,11.1304,0.95,step,0
5171,3,10.3558,1.1,step,1
5171,4,9.32479,1.25,step,2

frame,idx,score,alpha,step_norm,z_coarse
5172,0,6.58725,0.65,step,-2
5172,1,9.2884,0.8,step,-1
5172,2,11.1427,0.95,step,0
5172,3,10.3644,1.1,step,1
5172,4,9.33085,1.25,step,2

frame,idx,score,alpha,step_norm,z_coarse
5173,0,6.58514,0.65,step,-2
5173,1,9.2848,0.8,step,-1
5173,2,11.1447,0.95,step,0
5173,3,10.3693,1.1,step,1
5173,4,9.33498,1.25,step,2

frame,idx,score,alpha,step_norm,z_coarse
5174,0,6.58192,0.65,step,-2
5174,1,9.27672,0.8,step,-1
5174,2,11.1352,0.95,step,0
5174,3,10.3633,1.1,step,1
5174,4,9.33271,1.25,step,2

frame,idx,score,alpha,step_norm,z_coarse
5175,0,6.58026,0.65,step,-2
5175,1,9.27947,0.8,step,-1
5175,2,11.14,0.95,step,0
5175,3,10.367,1.1,step,1
5175,4,9.33445,1.25,step,2

frame,idx,score,alpha,step_norm,z_coarse
5176,0,6.58334,0.65,step,-2
5176,1,9.27817,0.8,step,-1
5176,2,11.1357,0.95,step,0
5176,3,10.3612,1.1,step,1
5176,4,9.3288,1.25,step,2

frame,idx,score,alpha,step_norm,z_coarse
5177,0,6.58103,0.65,step,-2
5177,1,9.2764,0.8,step,-1
5177,2,11.1333,0.95,step,0
5177,3,10.3603,1.1,step,1
5177,4,9.3295,1.25,step,2

frame,idx,score,alpha,step_norm,z_coarse
5178,0,6.57585,0.65,step,-2
5178,1,9.26858,0.8,step,-1
5178,2,11.1322,0.95,step,0
5178,3,10.3647,1.1,step,1
5178,4,9.33547,1.25,step,2

frame,idx,score,alpha,step_norm,z_coarse
5179,0,6.58044,0.65,step,-2
5179,1,9.27754,0.8,step,-1
5179,2,11.1363,0.95,step,0
5179,3,10.3646,1.1,step,1
5179,4,9.33384,1.25,step,2

frame,idx,score,alpha,step_norm,z_coarse
5180,0,6.58162,0.65,step,-2
5180,1,9.27769,0.8,step,-1
5180,2,11.1364,0.95,step,0
5180,3,10.3642,1.1,step,1
5180,4,9.33332,1.25,step,2

frame,idx,score,alpha,step_norm,z_coarse
5181,0,6.58301,0.65,step,-2
5181,1,9.27636,0.8,step,-1
5181,2,11.133,0.95,step,0
5181,3,10.3625,1.1,step,1
5181,4,9.33254,1.25,step,2

frame,idx,score,alpha,step_norm,z_coarse
5182,0,6.58737,0.65,step,-2
5182,1,9.28935,0.8,step,-1
5182,2,11.1404,0.95,step,0
5182,3,10.3626,1.1,step,1
5182,4,9.32917,1.25,step,2

frame,idx,score,alpha,step_norm,z_coarse
5183,0,6.59496,0.65,step,-2
5183,1,9.29717,0.8,step,-1
5183,2,11.1487,0.95,step,0
5183,3,10.3679,1.1,step,1
5183,4,9.33327,1.25,step,2

frame,idx,score,alpha,step_norm,z_coarse
5184,0,6.60375,0.65,step,-2
5184,1,9.30949,0.8,step,-1
5184,2,11.1496,0.95,step,0
5184,3,10.3603,1.1,step,1
5184,4,9.32084,1.25,step,2

frame,idx,score,alpha,step_norm,z_coarse
5185,0,6.59445,0.65,step,-2
5185,1,9.29795,0.8,step,-1
5185,2,11.1449,0.95,step,0
5185,3,10.3602,1.1,step,1
5185,4,9.32401,1.25,step,2

frame,idx,score,alpha,step_norm,z_coarse
5186,0,6.59023,0.65,step,-2
5186,1,9.28636,0.8,step,-1
5186,2,11.1402,0.95,step,0
5186,3,10.3623,1.1,step,1
5186,4,9.32994,1.25,step,2

frame,idx,score,alpha,step_norm,z_coarse
5187,0,6.59348,0.65,step,-2
5187,1,9.29235,0.8,step,-1
5187,2,11.1436,0.95,step,0
5187,3,10.3632,1.1,step,1
5187,4,9.32835,1.25,step,2

frame,idx,score,alpha,step_norm,z_coarse
5188,0,6.59117,0.65,step,-2
5188,1,9.28996,0.8,step,-1
5188,2,11.1396,0.95,step,0
5188,3,10.3599,1.1,step,1
5188,4,9.32644,1.25,step,2

frame,idx,score,alpha,step_norm,z_coarse
5189,0,6.59073,0.65,step,-2
5189,1,9.29043,0.8,step,-1
5189,2,11.141,0.95,step,0
5189,3,10.362,1.1,step,1
5189,4,9.32672,1.25,step,2

frame,idx,score,alpha,step_norm,z_coarse
5190,0,6.58793,0.65,step,-2
5190,1,9.28395,0.8,step,-1
5190,2,11.1364,0.95,step,0
5190,3,10.3615,1.1,step,1
5190,4,9.32975,1.25,step,2

frame,idx,score,alpha,step_norm,z_coarse
5191,0,6.58844,0.65,step,-2
5191,1,9.29033,0.8,step,-1
5191,2,11.1476,0.95,step,0
5191,3,10.3668,1.1,step,1
5191,4,9.32998,1.25,step,2

frame,idx,score,alpha,step_norm,z_coarse
5192,0,6.58492,0.65,step,-2
5192,1,9.28006,0.8,step,-1
5192,2,11.1331,0.95,step,0
5192,3,10.3568,1.1,step,1
5192,4,9.32576,1.25,step,2

frame,idx,score,alpha,step_norm,z_coarse
5193,0,6.59618,0.65,step,-2
5193,1,9.29625,0.8,step,-1
5193,2,11.1454,0.95,step,0
5193,3,10.3606,1.1,step,1
5193,4,9.32213,1.25,step,2

frame,idx,score,alpha,step_norm,z_coarse
5194,0,6.59312,0.65,step,-2
5194,1,9.29216,0.8,step,-1
5194,2,11.1398,0.95,step,0
5194,3,10.3585,1.1,step,1
5194,4,9.32421,1.25,step,2

frame,idx,score,alpha,step_norm,z_coarse
5195,0,6.58927,0.65,step,-2
5195,1,9.28723,0.8,step,-1
5195,2,11.134,0.95,step,0
5195,3,10.3527,1.1,step,1
5195,4,9.31858,1.25,step,2

frame,idx,score,alpha,step_norm,z_coarse
5196,0,6.59689,0.65,step,-2
5196,1,9.29705,0.8,step,-1
5196,2,11.1407,0.95,step,0
5196,3,10.3568,1.1,step,1
5196,4,9.3209,1.25,step,2

frame,idx,score,alpha,step_norm,z_coarse
5197,0,6.59195,0.65,step,-2
5197,1,9.293,0.8,step,-1
5197,2,11.1371,0.95,step,0
5197,3,10.351,1.1,step,1
5197,4,9.31448,1.25,step,2

frame,idx,score,alpha,step_norm,z_coarse
5198,0,6.58993,0.65,step,-2
5198,1,9.29067,0.8,step,-1
5198,2,11.1416,0.95,step,0
5198,3,10.362,1.1,step,1
5198,4,9.32788,1.25,step,2

frame,idx,score,alpha,step_norm,z_coarse
5199,0,6.58922,0.65,step,-2
5199,1,9.28936,0.8,step,-1
5199,2,11.1393,0.95,step,0
5199,3,10.3596,1.1,step,1
5199,4,9.32644,1.25,step,2

frame,idx,score,alpha,step_norm,z_coarse
5200,0,6.59183,0.65,step,-2
5200,1,9.29156,0.8,step,-1
5200,2,11.1393,0.95,step,0
5200,3,10.3591,1.1,step,1
5200,4,9.3241,1.25,step,2

frame,idx,score,alpha,step_norm,z_coarse
5201,0,6.59461,0.65,step,-2
5201,1,9.29725,0.8,step,-1
5201,2,11.1428,0.95,step,0
5201,3,10.359,1.1,step,1
5201,4,9.32254,1.25,step,2

frame,idx,score,alpha,step_norm,z_coarse
5202,0,6.5914,0.65,step,-2
5202,1,9.28902,0.8,step,-1
5202,2,11.1337,0.95,step,0
5202,3,10.354,1.1,step,1
5202,4,9.32179,1.25,step,2

frame,idx,score,alpha,step_norm,z_coarse
5203,0,6.58842,0.65,step,-2
5203,1,9.28638,0.8,step,-1
5203,2,11.1354,0.95,step,0
5203,3,10.3548,1.1,step,1
5203,4,9.3197,1.25,step,2

frame,idx,score,alpha,step_norm,z_coarse
5204,0,6.59051,0.65,step,-2
5204,1,9.28537,0.8,step,-1
5204,2,11.1343,0.95,step,0
5204,3,10.3587,1.1,step,1
5204,4,9.32624,1.25,step,2

frame,idx,score,alpha,step_norm,z_coarse
5205,0,6.58951,0.65,step,-2
5205,1,9.28547,0.8,step,-1
5205,2,11.1371,0.95,step,0
5205,3,10.3596,1.1,step,1
5205,4,9.32633,1.25,step,2

frame,idx,score,alpha,step_norm,z_coarse
5206,0,6.58747,0.65,step,-2
5206,1,9.28552,0.8,step,-1
5206,2,11.1321,0.95,step,0
5206,3,10.3524,1.1,step,1
5206,4,9.31933,1.25,step,2

frame,idx,score,alpha,step_norm,z_coarse
5207,0,6.592,0.65,step,-2
5207,1,9.29028,0.8,step,-1
5207,2,11.1349,0.95,step,0
5207,3,10.3518,1.1,step,1
5207,4,9.31752,1.25,step,2

frame,idx,score,alpha,step_norm,z_coarse
5208,0,6.58777,0.65,step,-2
5208,1,9.28772,0.8,step,-1
5208,2,11.1344,0.95,step,0
5208,3,10.3531,1.1,step,1
5208,4,9.31916,1.25,step,2

frame,idx,score,alpha,step_norm,z_coarse
5209,0,6.58778,0.65,step,-2
5209,1,9.28224,0.8,step,-1
5209,2,11.1272,0.95,step,0
5209,3,10.3489,1.1,step,1
5209,4,9.3174,1.25,step,2

frame,idx,score,alpha,step_norm,z_coarse
5210,0,6.58551,0.65,step,-2
5210,1,9.27973,0.8,step,-1
5210,2,11.1308,0.95,step,0
5210,3,10.3533,1.1,step,1
5210,4,9.31973,1.25,step,2

frame,idx,score,alpha,step_norm,z_coarse
5211,0,6.58991,0.65,step,-2
5211,1,9.29053,0.8,step,-1
5211,2,11.1358,0.95,step,0
5211,3,10.3518,1.1,step,1
5211,4,9.31681,1.25,step,2

frame,idx,score,alpha,step_norm,z_coarse
5212,0,6.59009,0.65,step,-2
5212,1,9.28708,0.8,step,-1
5212,2,11.1337,0.95,step,0
5212,3,10.3547,1.1,step,1
5212,4,9.32169,1.25,step,2

frame,idx,score,alpha,step_norm,z_coarse
5213,0,6.5892,0.65,step,-2
5213,1,9.28618,0.8,step,-1
5213,2,11.1343,0.95,step,0
5213,3,10.3543,1.1,step,1
5213,4,9.31926,1.25,step,2

frame,idx,score,alpha,step_norm,z_coarse
5214,0,6.58361,0.65,step,-2
5214,1,9.2817,0.8,step,-1
5214,2,11.1328,0.95,step,0
5214,3,10.3543,1.1,step,1
5214,4,9.32058,1.25,step,2

frame,idx,score,alpha,step_norm,z_coarse
5215,0,6.58221,0.65,step,-2
5215,1,9.27836,0.8,step,-1
5215,2,11.1238,0.95,step,0
5215,3,10.3443,1.1,step,1
5215,4,9.31102,1.25,step,2

frame,idx,score,alpha,step_norm,z_coarse
5216,0,6.58572,0.65,step,-2
5216,1,9.27762,0.8,step,-1
5216,2,11.1295,0.95,step,0
5216,3,10.3573,1.1,step,1
5216,4,9.32677,1.25,step,2

frame,idx,score,alpha,step_norm,z_coarse
5217,0,6.5797,0.65,step,-2
5217,1,9.27209,0.8,step,-1
5217,2,11.1253,0.95,step,0
5217,3,10.3537,1.1,step,1
5217,4,9.32311,1.25,step,2

frame,idx,score,alpha,step_norm,z_coarse
5218,0,6.58353,0.65,step,-2
5218,1,9.28047,0.8,step,-1
5218,2,11.1309,0.95,step,0
5218,3,10.3524,1.1,step,1
5218,4,9.31879,1.25,step,2

frame,idx,score,alpha,step_norm,z_coarse
5219,0,6.58915,0.65,step,-2
5219,1,9.28661,0.8,step,-1
5219,2,11.1362,0.95,step,0
5219,3,10.3557,1.1,step,1
5219,4,9.32036,1.25,step,2

frame,idx,score,alpha,step_norm,z_coarse
5220,0,6.58565,0.65,step,-2
5220,1,9.28523,0.8,step,-1
5220,2,11.1388,0.95,step,0
5220,3,10.3588,1.1,step,1
5220,4,9.32199,1.25,step,2

frame,idx,score,alpha,step_norm,z_coarse
5221,0,6.58469,0.65,step,-2
5221,1,9.28247,0.8,step,-1
5221,2,11.135,0.95,step,0
5221,3,10.3552,1.1,step,1
5221,4,9.32026,1.25,step,2

frame,idx,score,alpha,step_norm,z_coarse
5222,0,6.58561,0.65,step,-2
5222,1,9.28169,0.8,step,-1
5222,2,11.1311,0.95,step,0
5222,3,10.3525,1.1,step,1
5222,4,9.31841,1.25,step,2

frame,idx,score,alpha,step_norm,z_coarse
5223,0,6.5899,0.65,step,-2
5223,1,9.29073,0.8,step,-1
5223,2,11.1362,0.95,step,0
5223,3,10.3536,1.1,step,1
5223,4,9.31743,1.25,step,2

frame,idx,score,alpha,step_norm,z_coarse
5224,0,6.58721,0.65,step,-2
5224,1,9.28708,0.8,step,-1
5224,2,11.1317,0.95,step,0
5224,3,10.3489,1.1,step,1
5224,4,9.31413,1.25,step,2

frame,idx,score,alpha,step_norm,z_coarse
5225,0,6.58455,0.65,step,-2
5225,1,9.28164,0.8,step,-1
5225,2,11.1299,0.95,step,0
5225,3,10.3509,1.1,step,1
5225,4,9.31676,1.25,step,2

frame,idx,score,alpha,step_norm,z_coarse
5226,0,6.58945,0.65,step,-2
5226,1,9.28892,0.8,step,-1
5226,2,11.1386,0.95,step,0
5226,3,10.3576,1.1,step,1
5226,4,9.3211,1.25,step,2

frame,idx,score,alpha,step_norm,z_coarse
5227,0,6.58485,0.65,step,-2
5227,1,9.2857,0.8,step,-1
5227,2,11.1336,0.95,step,0
5227,3,10.3497,1.1,step,1
5227,4,9.31345,1.25,step,2

frame,idx,score,alpha,step_norm,z_coarse
5228,0,6.58644,0.65,step,-2
5228,1,9.28368,0.8,step,-1
5228,2,11.1372,0.95,step,0
5228,3,10.3593,1.1,step,1
5228,4,9.3249,1.25,step,2

frame,idx,score,alpha,step_norm,z_coarse
5229,0,6.58766,0.65,step,-2
5229,1,9.28449,0.8,step,-1
5229,2,11.1347,0.95,step,0
5229,3,10.3565,1.1,step,1
5229,4,9.32333,1.25,step,2

frame,idx,score,alpha,step_norm,z_coarse
5230,0,6.58593,0.65,step,-2
5230,1,9.28238,0.8,step,-1
5230,2,11.1303,0.95,step,0
5230,3,10.353,1.1,step,1
5230,4,9.3208,1.25,step,2

frame,idx,score,alpha,step_norm,z_coarse
5231,0,6.58265,0.65,step,-2
5231,1,9.27637,0.8,step,-1
5231,2,11.1313,0.95,step,0
5231,3,10.3541,1.1,step,1
5231,4,9.31931,1.25,step,2

frame,idx,score,alpha,step_norm,z_coarse
5232,0,6.57911,0.65,step,-2
5232,1,9.27323,0.8,step,-1
5232,2,11.1245,0.95,step,0
5232,3,10.3481,1.1,step,1
5232,4,9.31516,1.25,step,2

frame,idx,score,alpha,step_norm,z_coarse
5233,0,6.58557,0.65,step,-2
5233,1,9.28428,0.8,step,-1
5233,2,11.1297,0.95,step,0
5233,3,10.3485,1.1,step,1
5233,4,9.31439,1.25,step,2

frame,idx,score,alpha,step_norm,z_coarse
5234,0,6.58273,0.65,step,-2
5234,1,9.28255,0.8,step,-1
5234,2,11.1278,0.95,step,0
5234,3,10.3466,1.1,step,1
5234,4,9.31387,1.25,step,2

frame,idx,score,alpha,step_norm,z_coarse
5235,0,6.58454,0.65,step,-2
5235,1,9.28438,0.8,step,-1
5235,2,11.1306,0.95,step,0
5235,3,10.3487,1.1,step,1
5235,4,9.31364,1.25,step,2

frame,idx,score,alpha,step_norm,z_coarse
5236,0,6.58469,0.65,step,-2
5236,1,9.27989,0.8,step,-1
5236,2,11.1233,0.95,step,0
5236,3,10.3441,1.1,step,1
5236,4,9.31185,1.25,step,2

frame,idx,score,alpha,step_norm,z_coarse
5237,0,6.58448,0.65,step,-2
5237,1,9.27804,0.8,step,-1
5237,2,11.1257,0.95,step,0
5237,3,10.3469,1.1,step,1
5237,4,9.31451,1.25,step,2

frame,idx,score,alpha,step_norm,z_coarse
5238,0,6.58018,0.65,step,-2
5238,1,9.27279,0.8,step,-1
5238,2,11.1221,0.95,step,0
5238,3,10.3478,1.1,step,1
5238,4,9.31667,1.25,step,2

frame,idx,score,alpha,step_norm,z_coarse
5239,0,6.58355,0.65,step,-2
5239,1,9.27892,0.8,step,-1
5239,2,11.122,0.95,step,0
5239,3,10.3435,1.1,step,1
5239,4,9.31212,1.25,step,2

frame,idx,score,alpha,step_norm,z_coarse
5240,0,6.58072,0.65,step,-2
5240,1,9.2766,0.8,step,-1
5240,2,11.1235,0.95,step,0
5240,3,10.3452,1.1,step,1
5240,4,9.31318,1.25,step,2

frame,idx,score,alpha,step_norm,z_coarse
5241,0,6.58017,0.65,step,-2
5241,1,9.27417,0.8,step,-1
5241,2,11.1232,0.95,step,0
5241,3,10.346,1.1,step,1
5241,4,9.3145,1.25,step,2

frame,idx,score,alpha,step_norm,z_coarse
5242,0,6.57828,0.65,step,-2
5242,1,9.27101,0.8,step,-1
5242,2,11.1226,0.95,step,0
5242,3,10.3487,1.1,step,1
5242,4,9.31654,1.25,step,2

frame,idx,score,alpha,step_norm,z_coarse
5243,0,6.58586,0.65,step,-2
5243,1,9.28199,0.8,step,-1
5243,2,11.1333,0.95,step,0
5243,3,10.3544,1.1,step,1
5243,4,9.32012,1.25,step,2

frame,idx,score,alpha,step_norm,z_coarse
5244,0,6.58572,0.65,step,-2
5244,1,9.28018,0.8,step,-1
5244,2,11.1285,0.95,step,0
5244,3,10.3503,1.1,step,1
5244,4,9.31694,1.25,step,2

frame,idx,score,alpha,step_norm,z_coarse
5245,0,6.58347,0.65,step,-2
5245,1,9.28067,0.8,step,-1
5245,2,11.1264,0.95,step,0
5245,3,10.3449,1.1,step,1
5245,4,9.31019,1.25,step,2

frame,idx,score,alpha,step_norm,z_coarse
5246,0,6.58306,0.65,step,-2
5246,1,9.28269,0.8,step,-1
5246,2,11.1296,0.95,step,0
5246,3,10.3493,1.1,step,1
5246,4,9.31508,1.25,step,2

frame,idx,score,alpha,step_norm,z_coarse
5247,0,6.58227,0.65,step,-2
5247,1,9.28042,0.8,step,-1
5247,2,11.1284,0.95,step,0
5247,3,10.3498,1.1,step,1
5247,4,9.31647,1.25,step,2

frame,idx,score,alpha,step_norm,z_coarse
5248,0,6.5823,0.65,step,-2
5248,1,9.28118,0.8,step,-1
5248,2,11.1249,0.95,step,0
5248,3,10.3434,1.1,step,1
5248,4,9.31037,1.25,step,2

frame,idx,score,alpha,step_norm,z_coarse
5249,0,6.58061,0.65,step,-2
5249,1,9.27666,0.8,step,-1
5249,2,11.1304,0.95,step,0
5249,3,10.3528,1.1,step,1
5249,4,9.31854,1.25,step,2

frame,idx,score,alpha,step_norm,z_coarse
5250,0,6.57999,0.65,step,-2
5250,1,9.2762,0.8,step,-1
5250,2,11.1207,0.95,step,0
5250,3,10.3412,1.1,step,1
5250,4,9.30887,1.25,step,2

frame,idx,score,alpha,step_norm,z_coarse
5251,0,6.58375,0.65,step,-2
5251,1,9.27839,0.8,step,-1
5251,2,11.127,0.95,step,0
5251,3,10.3487,1.1,step,1
5251,4,9.31634,1.25,step,2

frame,idx,score,alpha,step_norm,z_coarse
5252,0,6.57784,0.65,step,-2
5252,1,9.2728,0.8,step,-1
5252,2,11.1204,0.95,step,0
5252,3,10.347,1.1,step,1
5252,4,9.31733,1.25,step,2

frame,idx,score,alpha,step_norm,z_coarse
5253,0,6.57872,0.65,step,-2
5253,1,9.27026,0.8,step,-1
5253,2,11.1254,0.95,step,0
5253,3,10.3536,1.1,step,1
5253,4,9.32261,1.25,step,2

frame,idx,score,alpha,step_norm,z_coarse
5254,0,6.5828,0.65,step,-2
5254,1,9.28013,0.8,step,-1
5254,2,11.1269,0.95,step,0
5254,3,10.3473,1.1,step,1
5254,4,9.3148,1.25,step,2

frame,idx,score,alpha,step_norm,z_coarse
5255,0,6.58602,0.65,step,-2
5255,1,9.28371,0.8,step,-1
5255,2,11.1303,0.95,step,0
5255,3,10.3507,1.1,step,1
5255,4,9.31631,1.25,step,2

frame,idx,score,alpha,step_norm,z_coarse
5256,0,6.58051,0.65,step,-2
5256,1,9.27494,0.8,step,-1
5256,2,11.1203,0.95,step,0
5256,3,10.3435,1.1,step,1
5256,4,9.31386,1.25,step,2

frame,idx,score,alpha,step_norm,z_coarse
5257,0,6.58643,0.65,step,-2
5257,1,9.28124,0.8,step,-1
5257,2,11.1228,0.95,step,0
5257,3,10.3418,1.1,step,1
5257,4,9.31011,1.25,step,2

frame,idx,score,alpha,step_norm,z_coarse
5258,0,6.58849,0.65,step,-2
5258,1,9.2902,0.8,step,-1
5258,2,11.1336,0.95,step,0
5258,3,10.3495,1.1,step,1
5258,4,9.31368,1.25,step,2

frame,idx,score,alpha,step_norm,z_coarse
5259,0,6.58343,0.65,step,-2
5259,1,9.27664,0.8,step,-1
5259,2,11.1307,0.95,step,0
5259,3,10.3567,1.1,step,1
5259,4,9.32446,1.25,step,2

frame,idx,score,alpha,step_norm,z_coarse
5260,0,6.57758,0.65,step,-2
5260,1,9.27042,0.8,step,-1
5260,2,11.1204,0.95,step,0
5260,3,10.3466,1.1,step,1
5260,4,9.31677,1.25,step,2

frame,idx,score,alpha,step_norm,z_coarse
5261,0,6.57873,0.65,step,-2
5261,1,9.27388,0.8,step,-1
5261,2,11.1246,0.95,step,0
5261,3,10.3515,1.1,step,1
5261,4,9.32177,1.25,step,2

frame,idx,score,alpha,step_norm,z_coarse
5262,0,6.58902,0.65,step,-2
5262,1,9.28613,0.8,step,-1
5262,2,11.1336,0.95,step,0
5262,3,10.3531,1.1,step,1
5262,4,9.31831,1.25,step,2

frame,idx,score,alpha,step_norm,z_coarse
5263,0,6.58082,0.65,step,-2
5263,1,9.2728,0.8,step,-1
5263,2,11.1222,0.95,step,0
5263,3,10.3488,1.1,step,1
5263,4,9.31925,1.25,step,2

frame,idx,score,alpha,step_norm,z_coarse
5264,0,6.58633,0.65,step,-2
5264,1,9.28624,0.8,step,-1
5264,2,11.1295,0.95,step,0
5264,3,10.3439,1.1,step,1
5264,4,9.30815,1.25,step,2

frame,idx,score,alpha,step_norm,z_coarse
5265,0,6.58267,0.65,step,-2
5265,1,9.2811,0.8,step,-1
5265,2,11.1242,0.95,step,0
5265,3,10.3422,1.1,step,1
5265,4,9.30958,1.25,step,2

frame,idx,score,alpha,step_norm,z_coarse
5266,0,6.58853,0.65,step,-2
5266,1,9.28665,0.8,step,-1
5266,2,11.1332,0.95,step,0
5266,3,10.3513,1.1,step,1
5266,4,9.31613,1.25,step,2

frame,idx,score,alpha,step_norm,z_coarse
5267,0,6.58422,0.65,step,-2
5267,1,9.27881,0.8,step,-1
5267,2,11.1308,0.95,step,0
5267,3,10.3568,1.1,step,1
5267,4,9.32599,1.25,step,2

frame,idx,score,alpha,step_norm,z_coarse
5268,0,6.58615,0.65,step,-2
5268,1,9.28375,0.8,step,-1
5268,2,11.1253,0.95,step,0
5268,3,10.3433,1.1,step,1
5268,4,9.31106,1.25,step,2

frame,idx,score,alpha,step_norm,z_coarse
5269,0,6.5754,0.65,step,-2
5269,1,9.26296,0.8,step,-1
5269,2,11.1171,0.95,step,0
5269,3,10.348,1.1,step,1
5269,4,9.31935,1.25,step,2

frame,idx,score,alpha,step_norm,z_coarse
5270,0,6.57519,0.65,step,-2
5270,1,9.26442,0.8,step,-1
5270,2,11.1196,0.95,step,0
5270,3,10.3497,1.1,step,1
5270,4,9.31982,1.25,step,2

frame,idx,score,alpha,step_norm,z_coarse
5271,0,6.58139,0.65,step,-2
5271,1,9.27828,0.8,step,-1
5271,2,11.1315,0.95,step,0
5271,3,10.3564,1.1,step,1
5271,4,9.32424,1.25,step,2

frame,idx,score,alpha,step_norm,z_coarse
5272,0,6.5805,0.65,step,-2
5272,1,9.27677,0.8,step,-1
5272,2,11.127,0.95,step,0
5272,3,10.3497,1.1,step,1
5272,4,9.31615,1.25,step,2

frame,idx,score,alpha,step_norm,z_coarse
5273,0,6.57985,0.65,step,-2
5273,1,9.27451,0.8,step,-1
5273,2,11.1303,0.95,step,0
5273,3,10.3561,1.1,step,1
5273,4,9.32319,1.25,step,2

frame,idx,score,alpha,step_norm,z_coarse
5274,0,6.58291,0.65,step,-2
5274,1,9.27695,0.8,step,-1
5274,2,11.1252,0.95,step,0
5274,3,10.3473,1.1,step,1
5274,4,9.31427,1.25,step,2

frame,idx,score,alpha,step_norm,z_coarse
5275,0,6.58929,0.65,step,-2
5275,1,9.28799,0.8,step,-1
5275,2,11.1282,0.95,step,0
5275,3,10.3478,1.1,step,1
5275,4,9.31526,1.25,step,2

frame,idx,score,alpha,step_norm,z_coarse
5276,0,6.5831,0.65,step,-2
5276,1,9.27874,0.8,step,-1
5276,2,11.1253,0.95,step,0
5276,3,10.3464,1.1,step,1
5276,4,9.31329,1.25,step,2

frame,idx,score,alpha,step_norm,z_coarse
5277,0,6.58214,0.65,step,-2
5277,1,9.27371,0.8,step,-1
5277,2,11.1265,0.95,step,0
5277,3,10.3544,1.1,step,1
5277,4,9.32384,1.25,step,2

frame,idx,score,alpha,step_norm,z_coarse
5278,0,6.58194,0.65,step,-2
5278,1,9.27779,0.8,step,-1
5278,2,11.1284,0.95,step,0
5278,3,10.3514,1.1,step,1
5278,4,9.31851,1.25,step,2

frame,idx,score,alpha,step_norm,z_coarse
5279,0,6.58663,0.65,step,-2
5279,1,9.28642,0.8,step,-1
5279,2,11.1339,0.95,step,0
5279,3,10.3529,1.1,step,1
5279,4,9.31902,1.25,step,2

frame,idx,score,alpha,step_norm,z_coarse
5280,0,6.5776,0.65,step,-2
5280,1,9.26884,0.8,step,-1
5280,2,11.126,0.95,step,0
5280,3,10.3567,1.1,step,1
5280,4,9.326,1.25,step,2

frame,idx,score,alpha,step_norm,z_coarse
5281,0,6.58106,0.65,step,-2
5281,1,9.27567,0.8,step,-1
5281,2,11.126,0.95,step,0
5281,3,10.3476,1.1,step,1
5281,4,9.31414,1.25,step,2

frame,idx,score,alpha,step_norm,z_coarse
5282,0,6.58419,0.65,step,-2
5282,1,9.28292,0.8,step,-1
5282,2,11.1296,0.95,step,0
5282,3,10.3478,1.1,step,1
5282,4,9.31425,1.25,step,2

frame,idx,score,alpha,step_norm,z_coarse
5283,0,6.57628,0.65,step,-2
5283,1,9.27007,0.8,step,-1
5283,2,11.1221,0.95,step,0
5283,3,10.35,1.1,step,1
5283,4,9.32045,1.25,step,2

frame,idx,score,alpha,step_norm,z_coarse
5284,0,6.58518,0.65,step,-2
5284,1,9.28624,0.8,step,-1
5284,2,11.1306,0.95,step,0
5284,3,10.3472,1.1,step,1
5284,4,9.31145,1.25,step,2

frame,idx,score,alpha,step_norm,z_coarse
5285,0,6.58737,0.65,step,-2
5285,1,9.28153,0.8,step,-1
5285,2,11.1244,0.95,step,0
5285,3,10.3455,1.1,step,1
5285,4,9.31444,1.25,step,2

frame,idx,score,alpha,step_norm,z_coarse
5286,0,6.5852,0.65,step,-2
5286,1,9.28029,0.8,step,-1
5286,2,11.1291,0.95,step,0
5286,3,10.3508,1.1,step,1
5286,4,9.31825,1.25,step,2

frame,idx,score,alpha,step_norm,z_coarse
5287,0,6.58042,0.65,step,-2
5287,1,9.27437,0.8,step,-1
5287,2,11.1219,0.95,step,0
5287,3,10.3447,1.1,step,1
5287,4,9.31248,1.25,step,2

frame,idx,score,alpha,step_norm,z_coarse
5288,0,6.57779,0.65,step,-2
5288,1,9.27352,0.8,step,-1
5288,2,11.1223,0.95,step,0
5288,3,10.3464,1.1,step,1
5288,4,9.31451,1.25,step,2

frame,idx,score,alpha,step_norm,z_coarse
5289,0,6.57895,0.65,step,-2
5289,1,9.27213,0.8,step,-1
5289,2,11.1252,0.95,step,0
5289,3,10.3502,1.1,step,1
5289,4,9.31874,1.25,step,2

frame,idx,score,alpha,step_norm,z_coarse
5290,0,6.58065,0.65,step,-2
5290,1,9.27537,0.8,step,-1
5290,2,11.1249,0.95,step,0
5290,3,10.3498,1.1,step,1
5290,4,9.32056,1.25,step,2

frame,idx,score,alpha,step_norm,z_coarse
5291,0,6.57507,0.65,step,-2
5291,1,9.26773,0.8,step,-1
5291,2,11.118,0.95,step,0
5291,3,10.3426,1.1,step,1
5291,4,9.31155,1.25,step,2

frame,idx,score,alpha,step_norm,z_coarse
5292,0,6.57628,0.65,step,-2
5292,1,9.26731,0.8,step,-1
5292,2,11.1238,0.95,step,0
5292,3,10.3521,1.1,step,1
5292,4,9.3201,1.25,step,2

frame,idx,score,alpha,step_norm,z_coarse
5293,0,6.58087,0.65,step,-2
5293,1,9.27579,0.8,step,-1
5293,2,11.1304,0.95,step,0
5293,3,10.3552,1.1,step,1
5293,4,9.32195,1.25,step,2

frame,idx,score,alpha,step_norm,z_coarse
5294,0,6.57634,0.65,step,-2
5294,1,9.27052,0.8,step,-1
5294,2,11.1203,0.95,step,0
5294,3,10.3449,1.1,step,1
5294,4,9.31409,1.25,step,2

frame,idx,score,alpha,step_norm,z_coarse
5295,0,6.576,0.65,step,-2
5295,1,9.26855,0.8,step,-1
5295,2,11.1197,0.95,step,0
5295,3,10.3445,1.1,step,1
5295,4,9.31334,1.25,step,2

frame,idx,score,alpha,step_norm,z_coarse
5296,0,6.58347,0.65,step,-2
5296,1,9.28056,0.8,step,-1
5296,2,11.1291,0.95,step,0
5296,3,10.3476,1.1,step,1
5296,4,9.31246,1.25,step,2

frame,idx,score,alpha,step_norm,z_coarse
5297,0,6.57789,0.65,step,-2
5297,1,9.27342,0.8,step,-1
5297,2,11.1209,0.95,step,0
5297,3,10.343,1.1,step,1
5297,4,9.311,1.25,step,2

frame,idx,score,alpha,step_norm,z_coarse
5298,0,6.58036,0.65,step,-2
5298,1,9.27314,0.8,step,-1
5298,2,11.1214,0.95,step,0
5298,3,10.3471,1.1,step,1
5298,4,9.31604,1.25,step,2

frame,idx,score,alpha,step_norm,z_coarse
5299,0,6.58048,0.65,step,-2
5299,1,9.27555,0.8,step,-1
5299,2,11.1198,0.95,step,0
5299,3,10.3409,1.1,step,1
5299,4,9.30818,1.25,step,2

frame,idx,score,alpha,step_norm,z_coarse
5300,0,6.57483,0.65,step,-2
5300,1,9.26927,0.8,step,-1
5300,2,11.1215,0.95,step,0
5300,3,10.347,1.1,step,1
5300,4,9.31353,1.25,step,2

frame,idx,score,alpha,step_norm,z_coarse
5301,0,6.57715,0.65,step,-2
5301,1,9.26768,0.8,step,-1
5301,2,11.1149,0.95,step,0
5301,3,10.3393,1.1,step,1
5301,4,9.3084,1.25,step,2

frame,idx,score,alpha,step_norm,z_coarse
5302,0,6.58117,0.65,step,-2
5302,1,9.27693,0.8,step,-1
5302,2,11.1195,0.95,step,0
5302,3,10.3418,1.1,step,1
5302,4,9.31055,1.25,step,2

frame,idx,score,alpha,step_norm,z_coarse
5303,0,6.5734,0.65,step,-2
5303,1,9.26225,0.8,step,-1
5303,2,11.1095,0.95,step,0
5303,3,10.3362,1.1,step,1
5303,4,9.30701,1.25,step,2

frame,idx,score,alpha,step_norm,z_coarse
5304,0,6.57776,0.65,step,-2
5304,1,9.27188,0.8,step,-1
5304,2,11.1164,0.95,step,0
5304,3,10.3367,1.1,step,1
5304,4,9.30361,1.25,step,2

frame,idx,score,alpha,step_norm,z_coarse
5305,0,6.57864,0.65,step,-2
5305,1,9.26972,0.8,step,-1
5305,2,11.1133,0.95,step,0
5305,3,10.3359,1.1,step,1
5305,4,9.30557,1.25,step,2

frame,idx,score,alpha,step_norm,z_coarse
5306,0,6.57278,0.65,step,-2
5306,1,9.26412,0.8,step,-1
5306,2,11.1175,0.95,step,0
5306,3,10.3451,1.1,step,1
5306,4,9.31416,1.25,step,2

frame,idx,score,alpha,step_norm,z_coarse
5307,0,6.57393,0.65,step,-2
5307,1,9.26902,0.8,step,-1
5307,2,11.12,0.95,step,0
5307,3,10.3402,1.1,step,1
5307,4,9.30592,1.25,step,2

frame,idx,score,alpha,step_norm,z_coarse
5308,0,6.57058,0.65,step,-2
5308,1,9.26275,0.8,step,-1
5308,2,11.1115,0.95,step,0
5308,3,10.3361,1.1,step,1
5308,4,9.3047,1.25,step,2

frame,idx,score,alpha,step_norm,z_coarse
5309,0,6.57383,0.65,step,-2
5309,1,9.26607,0.8,step,-1
5309,2,11.1162,0.95,step,0
5309,3,10.3438,1.1,step,1
5309,4,9.31285,1.25,step,2

frame,idx,score,alpha,step_norm,z_coarse
5310,0,6.57161,0.65,step,-2
5310,1,9.26292,0.8,step,-1
5310,2,11.1125,0.95,step,0
5310,3,10.3363,1.1,step,1
5310,4,9.30489,1.25,step,2

frame,idx,score,alpha,step_norm,z_coarse
5311,0,6.5715,0.65,step,-2
5311,1,9.26443,0.8,step,-1
5311,2,11.1163,0.95,step,0
5311,3,10.3395,1.1,step,1
5311,4,9.30617,1.25,step,2

frame,idx,score,alpha,step_norm,z_coarse
5312,0,6.5767,0.65,step,-2
5312,1,9.26649,0.8,step,-1
5312,2,11.1106,0.95,step,0
5312,3,10.3344,1.1,step,1
5312,4,9.3025,1.25,step,2

frame,idx,score,alpha,step_norm,z_coarse
5313,0,6.57225,0.65,step,-2
5313,1,9.26665,0.8,step,-1
5313,2,11.1094,0.95,step,0
5313,3,10.3343,1.1,step,1
5313,4,9.30461,1.25,step,2

frame,idx,score,alpha,step_norm,z_coarse
5314,0,6.57378,0.65,step,-2
5314,1,9.263,0.8,step,-1
5314,2,11.1073,0.95,step,0
5314,3,10.3316,1.1,step,1
5314,4,9.30218,1.25,step,2

frame,idx,score,alpha,step_norm,z_coarse
5315,0,6.57212,0.65,step,-2
5315,1,9.26458,0.8,step,-1
5315,2,11.1111,0.95,step,0
5315,3,10.3349,1.1,step,1
5315,4,9.3039,1.25,step,2

frame,idx,score,alpha,step_norm,z_coarse
5316,0,6.57553,0.65,step,-2
5316,1,9.26799,0.8,step,-1
5316,2,11.1152,0.95,step,0
5316,3,10.3373,1.1,step,1
5316,4,9.30539,1.25,step,2

frame,idx,score,alpha,step_norm,z_coarse
5317,0,6.56967,0.65,step,-2
5317,1,9.26502,0.8,step,-1
5317,2,11.1122,0.95,step,0
5317,3,10.3349,1.1,step,1
5317,4,9.30268,1.25,step,2

frame,idx,score,alpha,step_norm,z_coarse
5318,0,6.56937,0.65,step,-2
5318,1,9.25766,0.8,step,-1
5318,2,11.1044,0.95,step,0
5318,3,10.3316,1.1,step,1
5318,4,9.30224,1.25,step,2

frame,idx,score,alpha,step_norm,z_coarse
5319,0,6.5668,0.65,step,-2
5319,1,9.25836,0.8,step,-1
5319,2,11.1063,0.95,step,0
5319,3,10.3324,1.1,step,1
5319,4,9.30251,1.25,step,2

frame,idx,score,alpha,step_norm,z_coarse
5320,0,6.57121,0.65,step,-2
5320,1,9.2642,0.8,step,-1
5320,2,11.1118,0.95,step,0
5320,3,10.3345,1.1,step,1
5320,4,9.30238,1.25,step,2

frame,idx,score,alpha,step_norm,z_coarse
5321,0,6.56915,0.65,step,-2
5321,1,9.2556,0.8,step,-1
5321,2,11.1044,0.95,step,0
5321,3,10.3335,1.1,step,1
5321,4,9.30321,1.25,step,2

frame,idx,score,alpha,step_norm,z_coarse
5322,0,6.56834,0.65,step,-2
5322,1,9.25915,0.8,step,-1
5322,2,11.1032,0.95,step,0
5322,3,10.3295,1.1,step,1
5322,4,9.30095,1.25,step,2

frame,idx,score,alpha,step_norm,z_coarse
5323,0,6.5693,0.65,step,-2
5323,1,9.2594,0.8,step,-1
5323,2,11.1117,0.95,step,0
5323,3,10.337,1.1,step,1
5323,4,9.30374,1.25,step,2

frame,idx,score,alpha,step_norm,z_coarse
5324,0,6.56903,0.65,step,-2
5324,1,9.25918,0.8,step,-1
5324,2,11.1046,0.95,step,0
5324,3,10.3283,1.1,step,1
5324,4,9.29709,1.25,step,2

frame,idx,score,alpha,step_norm,z_coarse
5325,0,6.57459,0.65,step,-2
5325,1,9.26983,0.8,step,-1
5325,2,11.1159,0.95,step,0
5325,3,10.3367,1.1,step,1
5325,4,9.30235,1.25,step,2

frame,idx,score,alpha,step_norm,z_coarse
5326,0,6.56935,0.65,step,-2
5326,1,9.25842,0.8,step,-1
5326,2,11.1059,0.95,step,0
5326,3,10.3308,1.1,step,1
5326,4,9.30008,1.25,step,2

frame,idx,score,alpha,step_norm,z_coarse
5327,0,6.57056,0.65,step,-2
5327,1,9.26064,0.8,step,-1
5327,2,11.1102,0.95,step,0
5327,3,10.3366,1.1,step,1
5327,4,9.30638,1.25,step,2

frame,idx,score,alpha,step_norm,z_coarse
5328,0,6.56991,0.65,step,-2
5328,1,9.25903,0.8,step,-1
5328,2,11.1074,0.95,step,0
5328,3,10.3359,1.1,step,1
5328,4,9.30629,1.25,step,2

frame,idx,score,alpha,step_norm,z_coarse
5329,0,6.57854,0.65,step,-2
5329,1,9.2711,0.8,step,-1
5329,2,11.1131,0.95,step,0
5329,3,10.3324,1.1,step,1
5329,4,9.30006,1.25,step,2

frame,idx,score,alpha,step_norm,z_coarse
5330,0,6.56955,0.65,step,-2
5330,1,9.25455,0.8,step,-1
5330,2,11.1031,0.95,step,0
5330,3,10.3315,1.1,step,1
5330,4,9.30261,1.25,step,2

frame,idx,score,alpha,step_norm,z_coarse
5331,0,6.56716,0.65,step,-2
5331,1,9.254,0.8,step,-1
5331,2,11.1044,0.95,step,0
5331,3,10.3344,1.1,step,1
5331,4,9.30592,1.25,step,2

frame,idx,score,alpha,step_norm,z_coarse
5332,0,6.56824,0.65,step,-2
5332,1,9.25809,0.8,step,-1
5332,2,11.1094,0.95,step,0
5332,3,10.3342,1.1,step,1
5332,4,9.30033,1.25,step,2

frame,idx,score,alpha,step_norm,z_coarse
5333,0,6.57033,0.65,step,-2
5333,1,9.2612,0.8,step,-1
5333,2,11.1098,0.95,step,0
5333,3,10.3349,1.1,step,1
5333,4,9.30373,1.25,step,2

frame,idx,score,alpha,step_norm,z_coarse
5334,0,6.57712,0.65,step,-2
5334,1,9.27113,0.8,step,-1
5334,2,11.1121,0.95,step,0
5334,3,10.3311,1.1,step,1
5334,4,9.29837,1.25,step,2

frame,idx,score,alpha,step_norm,z_coarse
5335,0,6.57549,0.65,step,-2
5335,1,9.26951,0.8,step,-1
5335,2,11.1144,0.95,step,0
5335,3,10.3375,1.1,step,1
5335,4,9.3055,1.25,step,2

frame,idx,score,alpha,step_norm,z_coarse
5336,0,6.57099,0.65,step,-2
5336,1,9.25952,0.8,step,-1
5336,2,11.1091,0.95,step,0
5336,3,10.3342,1.1,step,1
5336,4,9.30245,1.25,step,2

frame,idx,score,alpha,step_norm,z_coarse
5337,0,6.56384,0.65,step,-2
5337,1,9.24819,0.8,step,-1
5337,2,11.1004,0.95,step,0
5337,3,10.3322,1.1,step,1
5337,4,9.30472,1.25,step,2

frame,idx,score,alpha,step_norm,z_coarse
5338,0,6.56902,0.65,step,-2
5338,1,9.25756,0.8,step,-1
5338,2,11.1142,0.95,step,0
5338,3,10.3425,1.1,step,1
5338,4,9.31079,1.25,step,2

frame,idx,score,alpha,step_norm,z_coarse
5339,0,6.56648,0.65,step,-2
5339,1,9.25312,0.8,step,-1
5339,2,11.104,0.95,step,0
5339,3,10.3337,1.1,step,1
5339,4,9.30447,1.25,step,2

frame,idx,score,alpha,step_norm,z_coarse
5340,0,6.56679,0.65,step,-2
5340,1,9.25668,0.8,step,-1
5340,2,11.1081,0.95,step,0
5340,3,10.3343,1.1,step,1
5340,4,9.30209,1.25,step,2

frame,idx,score,alpha,step_norm,z_coarse
5341,0,6.57221,0.65,step,-2
5341,1,9.26472,0.8,step,-1
5341,2,11.1065,0.95,step,0
5341,3,10.3269,1.1,step,1
5341,4,9.29342,1.25,step,2

frame,idx,score,alpha,step_norm,z_coarse
5342,0,6.57581,0.65,step,-2
5342,1,9.26839,0.8,step,-1
5342,2,11.1104,0.95,step,0
5342,3,10.3338,1.1,step,1
5342,4,9.3039,1.25,step,2

frame,idx,score,alpha,step_norm,z_coarse
5343,0,6.57051,0.65,step,-2
5343,1,9.26306,0.8,step,-1
5343,2,11.1106,0.95,step,0
5343,3,10.3334,1.1,step,1
5343,4,9.3019,1.25,step,2

frame,idx,score,alpha,step_norm,z_coarse
5344,0,6.56816,0.65,step,-2
5344,1,9.25802,0.8,step,-1
5344,2,11.1078,0.95,step,0
5344,3,10.3329,1.1,step,1
5344,4,9.30134,1.25,step,2

frame,idx,score,alpha,step_norm,z_coarse
5345,0,6.568,0.65,step,-2
5345,1,9.25544,0.8,step,-1
5345,2,11.1088,0.95,step,0
5345,3,10.3367,1.1,step,1
5345,4,9.30627,1.25,step,2

frame,idx,score,alpha,step_norm,z_coarse
5346,0,6.56666,0.65,step,-2
5346,1,9.25504,0.8,step,-1
5346,2,11.1084,0.95,step,0
5346,3,10.3366,1.1,step,1
5346,4,9.30632,1.25,step,2

frame,idx,score,alpha,step_norm,z_coarse
5347,0,6.57019,0.65,step,-2
5347,1,9.26265,0.8,step,-1
5347,2,11.1076,0.95,step,0
5347,3,10.3307,1.1,step,1
5347,4,9.2982,1.25,step,2

frame,idx,score,alpha,step_norm,z_coarse
5348,0,6.578,0.65,step,-2
5348,1,9.27122,0.8,step,-1
5348,2,11.1147,0.95,step,0
5348,3,10.3354,1.1,step,1
5348,4,9.30274,1.25,step,2

frame,idx,score,alpha,step_norm,z_coarse
5349,0,6.57446,0.65,step,-2
5349,1,9.26673,0.8,step,-1
5349,2,11.1106,0.95,step,0
5349,3,10.332,1.1,step,1
5349,4,9.29997,1.25,step,2

frame,idx,score,alpha,step_norm,z_coarse
5350,0,6.56548,0.65,step,-2
5350,1,9.2546,0.8,step,-1
5350,2,11.1108,0.95,step,0
5350,3,10.3382,1.1,step,1
5350,4,9.30597,1.25,step,2

frame,idx,score,alpha,step_norm,z_coarse
5351,0,6.566,0.65,step,-2
5351,1,9.25086,0.8,step,-1
5351,2,11.0993,0.95,step,0
5351,3,10.3296,1.1,step,1
5351,4,9.30224,1.25,step,2

frame,idx,score,alpha,step_norm,z_coarse
5352,0,6.56846,0.65,step,-2
5352,1,9.25916,0.8,step,-1
5352,2,11.1048,0.95,step,0
5352,3,10.3292,1.1,step,1
5352,4,9.2991,1.25,step,2

frame,idx,score,alpha,step_norm,z_coarse
5353,0,6.57538,0.65,step,-2
5353,1,9.26771,0.8,step,-1
5353,2,11.1118,0.95,step,0
5353,3,10.3327,1.1,step,1
5353,4,9.30077,1.25,step,2

frame,idx,score,alpha,step_norm,z_coarse
5354,0,6.56969,0.65,step,-2
5354,1,9.25597,0.8,step,-1
5354,2,11.1016,0.95,step,0
5354,3,10.3287,1.1,step,1
5354,4,9.29935,1.25,step,2

frame,idx,score,alpha,step_norm,z_coarse
5355,0,6.56672,0.65,step,-2
5355,1,9.25582,0.8,step,-1
5355,2,11.1109,0.95,step,0
5355,3,10.3374,1.1,step,1
5355,4,9.30478,1.25,step,2

frame,idx,score,alpha,step_norm,z_coarse
5356,0,6.56617,0.65,step,-2
5356,1,9.25766,0.8,step,-1
5356,2,11.1075,0.95,step,0
5356,3,10.3356,1.1,step,1
5356,4,9.30568,1.25,step,2

frame,idx,score,alpha,step_norm,z_coarse
5357,0,6.56319,0.65,step,-2
5357,1,9.25231,0.8,step,-1
5357,2,11.1063,0.95,step,0
5357,3,10.3353,1.1,step,1
5357,4,9.30435,1.25,step,2

frame,idx,score,alpha,step_norm,z_coarse
5358,0,6.56483,0.65,step,-2
5358,1,9.25593,0.8,step,-1
5358,2,11.1032,0.95,step,0
5358,3,10.3314,1.1,step,1
5358,4,9.30099,1.25,step,2

frame,idx,score,alpha,step_norm,z_coarse
5359,0,6.56992,0.65,step,-2
5359,1,9.2641,0.8,step,-1
5359,2,11.1101,0.95,step,0
5359,3,10.332,1.1,step,1
5359,4,9.30085,1.25,step,2

frame,idx,score,alpha,step_norm,z_coarse
5360,0,6.56877,0.65,step,-2
5360,1,9.25837,0.8,step,-1
5360,2,11.1045,0.95,step,0
5360,3,10.329,1.1,step,1
5360,4,9.29845,1.25,step,2

frame,idx,score,alpha,step_norm,z_coarse
5361,0,6.56666,0.65,step,-2
5361,1,9.25538,0.8,step,-1
5361,2,11.1028,0.95,step,0
5361,3,10.3275,1.1,step,1
5361,4,9.29556,1.25,step,2

frame,idx,score,alpha,step_norm,z_coarse
5362,0,6.57052,0.65,step,-2
5362,1,9.26147,0.8,step,-1
5362,2,11.1118,0.95,step,0
5362,3,10.3377,1.1,step,1
5362,4,9.30663,1.25,step,2

frame,idx,score,alpha,step_norm,z_coarse
5363,0,6.56623,0.65,step,-2
5363,1,9.25683,0.8,step,-1
5363,2,11.1092,0.95,step,0
5363,3,10.3377,1.1,step,1
5363,4,9.3067,1.25,step,2

frame,idx,score,alpha,step_norm,z_coarse
5364,0,6.57114,0.65,step,-2
5364,1,9.26456,0.8,step,-1
5364,2,11.1076,0.95,step,0
5364,3,10.3286,1.1,step,1
5364,4,9.29644,1.25,step,2

frame,idx,score,alpha,step_norm,z_coarse
5365,0,6.57351,0.65,step,-2
5365,1,9.26493,0.8,step,-1
5365,2,11.1061,0.95,step,0
5365,3,10.3266,1.1,step,1
5365,4,9.29435,1.25,step,2

frame,idx,score,alpha,step_norm,z_coarse
5366,0,6.57166,0.65,step,-2
5366,1,9.26051,0.8,step,-1
5366,2,11.1068,0.95,step,0
5366,3,10.331,1.1,step,1
5366,4,9.29886,1.25,step,2

frame,idx,score,alpha,step_norm,z_coarse
5367,0,6.56768,0.65,step,-2
5367,1,9.25754,0.8,step,-1
5367,2,11.1059,0.95,step,0
5367,3,10.3337,1.1,step,1
5367,4,9.30415,1.25,step,2

frame,idx,score,alpha,step_norm,z_coarse
5368,0,6.56875,0.65,step,-2
5368,1,9.2561,0.8,step,-1
5368,2,11.1086,0.95,step,0
5368,3,10.3377,1.1,step,1
5368,4,9.30828,1.25,step,2

frame,idx,score,alpha,step_norm,z_coarse
5369,0,6.5649,0.65,step,-2
5369,1,9.25612,0.8,step,-1
5369,2,11.1072,0.95,step,0
5369,3,10.3327,1.1,step,1
5369,4,9.30171,1.25,step,2

frame,idx,score,alpha,step_norm,z_coarse
5370,0,6.5747,0.65,step,-2
5370,1,9.27014,0.8,step,-1
5370,2,11.1163,0.95,step,0
5370,3,10.3353,1.1,step,1
5370,4,9.30153,1.25,step,2

frame,idx,score,alpha,step_norm,z_coarse
5371,0,6.57021,0.65,step,-2
5371,1,9.25818,0.8,step,-1
5371,2,11.1048,0.95,step,0
5371,3,10.3294,1.1,step,1
5371,4,9.29815,1.25,step,2

frame,idx,score,alpha,step_norm,z_coarse
5372,0,6.56438,0.65,step,-2
5372,1,9.2544,0.8,step,-1
5372,2,11.1099,0.95,step,0
5372,3,10.3371,1.1,step,1
5372,4,9.3044,1.25,step,2

frame,idx,score,alpha,step_norm,z_coarse
5373,0,6.56378,0.65,step,-2
5373,1,9.24989,0.8,step,-1
5373,2,11.1011,0.95,step,0
5373,3,10.3314,1.1,step,1
5373,4,9.30208,1.25,step,2

frame,idx,score,alpha,step_norm,z_coarse
5374,0,6.56648,0.65,step,-2
5374,1,9.25507,0.8,step,-1
5374,2,11.1045,0.95,step,0
5374,3,10.3298,1.1,step,1
5374,4,9.29903,1.25,step,2

frame,idx,score,alpha,step_norm,z_coarse
5375,0,6.57291,0.65,step,-2
5375,1,9.26728,0.8,step,-1
5375,2,11.1124,0.95,step,0
5375,3,10.3341,1.1,step,1
5375,4,9.30208,1.25,step,2

frame,idx,score,alpha,step_norm,z_coarse
5376,0,6.57305,0.65,step,-2
5376,1,9.26096,0.8,step,-1
5376,2,11.1052,0.95,step,0
5376,3,10.3288,1.1,step,1
5376,4,9.29837,1.25,step,2

frame,idx,score,alpha,step_norm,z_coarse
5377,0,6.56729,0.65,step,-2
5377,1,9.25946,0.8,step,-1
5377,2,11.1079,0.95,step,0
5377,3,10.3335,1.1,step,1
5377,4,9.30292,1.25,step,2

frame,idx,score,alpha,step_norm,z_coarse
5378,0,6.56947,0.65,step,-2
5378,1,9.2581,0.8,step,-1
5378,2,11.1018,0.95,step,0
5378,3,10.3286,1.1,step,1
5378,4,9.30003,1.25,step,2

frame,idx,score,alpha,step_norm,z_coarse
5379,0,6.56986,0.65,step,-2
5379,1,9.26235,0.8,step,-1
5379,2,11.1136,0.95,step,0
5379,3,10.3403,1.1,step,1
5379,4,9.30976,1.25,step,2

frame,idx,score,alpha,step_norm,z_coarse
5380,0,6.56497,0.65,step,-2
5380,1,9.25318,0.8,step,-1
5380,2,11.1026,0.95,step,0
5380,3,10.3312,1.1,step,1
5380,4,9.30222,1.25,step,2

frame,idx,score,alpha,step_norm,z_coarse
5381,0,6.57444,0.65,step,-2
5381,1,9.26904,0.8,step,-1
5381,2,11.115,0.95,step,0
5381,3,10.3343,1.1,step,1
5381,4,9.30033,1.25,step,2

frame,idx,score,alpha,step_norm,z_coarse
5382,0,6.57637,0.65,step,-2
5382,1,9.26927,0.8,step,-1
5382,2,11.1127,0.95,step,0
5382,3,10.3316,1.1,step,1
5382,4,9.29767,1.25,step,2

frame,idx,score,alpha,step_norm,z_coarse
5383,0,6.56865,0.65,step,-2
5383,1,9.26182,0.8,step,-1
5383,2,11.1109,0.95,step,0
5383,3,10.3323,1.1,step,1
5383,4,9.29722,1.25,step,2

frame,idx,score,alpha,step_norm,z_coarse
5384,0,6.57048,0.65,step,-2
5384,1,9.2575,0.8,step,-1
5384,2,11.1058,0.95,step,0
5384,3,10.3311,1.1,step,1
5384,4,9.29962,1.25,step,2

frame,idx,score,alpha,step_norm,z_coarse
5385,0,6.56852,0.65,step,-2
5385,1,9.25617,0.8,step,-1
5385,2,11.1065,0.95,step,0
5385,3,10.3342,1.1,step,1
5385,4,9.30393,1.25,step,2

frame,idx,score,alpha,step_norm,z_coarse
5386,0,6.57029,0.65,step,-2
5386,1,9.26017,0.8,step,-1
5386,2,11.1057,0.95,step,0
5386,3,10.3304,1.1,step,1
5386,4,9.29957,1.25,step,2

frame,idx,score,alpha,step_norm,z_coarse
5387,0,6.5728,0.65,step,-2
5387,1,9.26752,0.8,step,-1
5387,2,11.1109,0.95,step,0
5387,3,10.3292,1.1,step,1
5387,4,9.29519,1.25,step,2

frame,idx,score,alpha,step_norm,z_coarse
5388,0,6.56916,0.65,step,-2
5388,1,9.26064,0.8,step,-1
5388,2,11.1069,0.95,step,0
5388,3,10.3288,1.1,step,1
5388,4,9.29517,1.25,step,2

frame,idx,score,alpha,step_norm,z_coarse
5389,0,6.5657,0.65,step,-2
5389,1,9.25944,0.8,step,-1
5389,2,11.1012,0.95,step,0
5389,3,10.3247,1.1,step,1
5389,4,9.29509,1.25,step,2

frame,idx,score,alpha,step_norm,z_coarse
5390,0,6.56641,0.65,step,-2
5390,1,9.2567,0.8,step,-1
5390,2,11.1103,0.95,step,0
5390,3,10.3389,1.1,step,1
5390,4,9.30894,1.25,step,2

frame,idx,score,alpha,step_norm,z_coarse
5391,0,6.5627,0.65,step,-2
5391,1,9.24793,0.8,step,-1
5391,2,11.0999,0.95,step,0
5391,3,10.3282,1.1,step,1
5391,4,9.29771,1.25,step,2

frame,idx,score,alpha,step_norm,z_coarse
5392,0,6.57011,0.65,step,-2
5392,1,9.25846,0.8,step,-1
5392,2,11.1017,0.95,step,0
5392,3,10.3266,1.1,step,1
5392,4,9.29725,1.25,step,2

frame,idx,score,alpha,step_norm,z_coarse
5393,0,6.57218,0.65,step,-2
5393,1,9.26286,0.8,step,-1
5393,2,11.1106,0.95,step,0
5393,3,10.3331,1.1,step,1
5393,4,9.29934,1.25,step,2

frame,idx,score,alpha,step_norm,z_coarse
5394,0,6.56893,0.65,step,-2
5394,1,9.25425,0.8,step,-1
5394,2,11.1053,0.95,step,0
5394,3,10.3319,1.1,step,1
5394,4,9.30197,1.25,step,2

frame,idx,score,alpha,step_norm,z_coarse
5395,0,6.56238,0.65,step,-2
5395,1,9.25161,0.8,step,-1
5395,2,11.0996,0.95,step,0
5395,3,10.3275,1.1,step,1
5395,4,9.29793,1.25,step,2

frame,idx,score,alpha,step_norm,z_coarse
5396,0,6.56757,0.65,step,-2
5396,1,9.25996,0.8,step,-1
5396,2,11.1063,0.95,step,0
5396,3,10.3304,1.1,step,1
5396,4,9.2977,1.25,step,2

frame,idx,score,alpha,step_norm,z_coarse
5397,0,6.57424,0.65,step,-2
5397,1,9.26852,0.8,step,-1
5397,2,11.1147,0.95,step,0
5397,3,10.3351,1.1,step,1
5397,4,9.30143,1.25,step,2

frame,idx,score,alpha,step_norm,z_coarse
5398,0,6.57019,0.65,step,-2
5398,1,9.26419,0.8,step,-1
5398,2,11.1058,0.95,step,0
5398,3,10.3249,1.1,step,1
5398,4,9.29326,1.25,step,2

frame,idx,score,alpha,step_norm,z_coarse
5399,0,6.57189,0.65,step,-2
5399,1,9.26079,0.8,step,-1
5399,2,11.1041,0.95,step,0
5399,3,10.3279,1.1,step,1
5399,4,9.29723,1.25,step,2

frame,idx,score,alpha,step_norm,z_coarse
5400,0,6.57072,0.65,step,-2
5400,1,9.25949,0.8,step,-1
5400,2,11.107,0.95,step,0
5400,3,10.3319,1.1,step,1
5400,4,9.30001,1.25,step,2

frame,idx,score,alpha,step_norm,z_coarse
5401,0,6.56694,0.65,step,-2
5401,1,9.25611,0.8,step,-1
5401,2,11.1067,0.95,step,0
5401,3,10.3323,1.1,step,1
5401,4,9.30024,1.25,step,2

frame,idx,score,alpha,step_norm,z_coarse
5402,0,6.56518,0.65,step,-2
5402,1,9.25585,0.8,step,-1
5402,2,11.1039,0.95,step,0
5402,3,10.3293,1.1,step,1
5402,4,9.2988,1.25,step,2

frame,idx,score,alpha,step_norm,z_coarse
5403,0,6.57402,0.65,step,-2
5403,1,9.265,0.8,step,-1
5403,2,11.1112,0.95,step,0
5403,3,10.3339,1.1,step,1
5403,4,9.30232,1.25,step,2

frame,idx,score,alpha,step_norm,z_coarse
5404,0,6.57004,0.65,step,-2
5404,1,9.25719,0.8,step,-1
5404,2,11.0996,0.95,step,0
5404,3,10.3236,1.1,step,1
5404,4,9.29378,1.25,step,2

frame,idx,score,alpha,step_norm,z_coarse
5405,0,6.56527,0.65,step,-2
5405,1,9.25585,0.8,step,-1
5405,2,11.1064,0.95,step,0
5405,3,10.3322,1.1,step,1
5405,4,9.30148,1.25,step,2

frame,idx,score,alpha,step_norm,z_coarse
5406,0,6.56348,0.65,step,-2
5406,1,9.25443,0.8,step,-1
5406,2,11.1041,0.95,step,0
5406,3,10.3324,1.1,step,1
5406,4,9.30301,1.25,step,2

frame,idx,score,alpha,step_norm,z_coarse
5407,0,6.56531,0.65,step,-2
5407,1,9.25401,0.8,step,-1
5407,2,11.0995,0.95,step,0
5407,3,10.3275,1.1,step,1
5407,4,9.29956,1.25,step,2

frame,idx,score,alpha,step_norm,z_coarse
5408,0,6.56713,0.65,step,-2
5408,1,9.25811,0.8,step,-1
5408,2,11.1048,0.95,step,0
5408,3,10.3296,1.1,step,1
5408,4,9.29868,1.25,step,2

frame,idx,score,alpha,step_norm,z_coarse
5409,0,6.57179,0.65,step,-2
5409,1,9.26128,0.8,step,-1
5409,2,11.106,0.95,step,0
5409,3,10.3297,1.1,step,1
5409,4,9.29809,1.25,step,2

frame,idx,score,alpha,step_norm,z_coarse
5410,0,6.56874,0.65,step,-2
5410,1,9.25601,0.8,step,-1
5410,2,11.1033,0.95,step,0
5410,3,10.3293,1.1,step,1
5410,4,9.29906,1.25,step,2

frame,idx,score,alpha,step_norm,z_coarse
5411,0,6.56587,0.65,step,-2
5411,1,9.25006,0.8,step,-1
5411,2,11.1015,0.95,step,0
5411,3,10.3311,1.1,step,1
5411,4,9.30194,1.25,step,2

frame,idx,score,alpha,step_norm,z_coarse
5412,0,6.56291,0.65,step,-2
5412,1,9.25135,0.8,step,-1
5412,2,11.1,0.95,step,0
5412,3,10.3265,1.1,step,1
5412,4,9.29662,1.25,step,2

frame,idx,score,alpha,step_norm,z_coarse
5413,0,6.571,0.65,step,-2
5413,1,9.26111,0.8,step,-1
5413,2,11.1081,0.95,step,0
5413,3,10.3359,1.1,step,1
5413,4,9.30726,1.25,step,2

frame,idx,score,alpha,step_norm,z_coarse
5414,0,6.57163,0.65,step,-2
5414,1,9.26524,0.8,step,-1
5414,2,11.1086,0.95,step,0
5414,3,10.3299,1.1,step,1
5414,4,9.298,1.25,step,2

frame,idx,score,alpha,step_norm,z_coarse
5415,0,6.57283,0.65,step,-2
5415,1,9.26478,0.8,step,-1
5415,2,11.1067,0.95,step,0
5415,3,10.3279,1.1,step,1
5415,4,9.29764,1.25,step,2

frame,idx,score,alpha,step_norm,z_coarse
5416,0,6.56986,0.65,step,-2
5416,1,9.25854,0.8,step,-1
5416,2,11.1026,0.95,step,0
5416,3,10.3311,1.1,step,1
5416,4,9.30255,1.25,step,2

frame,idx,score,alpha,step_norm,z_coarse
5417,0,6.56341,0.65,step,-2
5417,1,9.24915,0.8,step,-1
5417,2,11.0996,0.95,step,0
5417,3,10.3279,1.1,step,1
5417,4,9.29813,1.25,step,2

frame,idx,score,alpha,step_norm,z_coarse
5418,0,6.56518,0.65,step,-2
5418,1,9.25604,0.8,step,-1
5418,2,11.1018,0.95,step,0
5418,3,10.3279,1.1,step,1
5418,4,9.29788,1.25,step,2

frame,idx,score,alpha,step_norm,z_coarse
5419,0,6.5753,0.65,step,-2
5419,1,9.27013,0.8,step,-1
5419,2,11.1093,0.95,step,0
5419,3,10.3277,1.1,step,1
5419,4,9.29531,1.25,step,2

frame,idx,score,alpha,step_norm,z_coarse
5420,0,6.57109,0.65,step,-2
5420,1,9.26183,0.8,step,-1
5420,2,11.1056,0.95,step,0
5420,3,10.3274,1.1,step,1
5420,4,9.2957,1.25,step,2

frame,idx,score,alpha,step_norm,z_coarse
5421,0,6.56949,0.65,step,-2
5421,1,9.26004,0.8,step,-1
5421,2,11.1094,0.95,step,0
5421,3,10.3344,1.1,step,1
5421,4,9.30227,1.25,step,2

frame,idx,score,alpha,step_norm,z_coarse
5422,0,6.56129,0.65,step,-2
5422,1,9.25059,0.8,step,-1
5422,2,11.1027,0.95,step,0
5422,3,10.3329,1.1,step,1
5422,4,9.30405,1.25,step,2

frame,idx,score,alpha,step_norm,z_coarse
5423,0,6.56532,0.65,step,-2
5423,1,9.25655,0.8,step,-1
5423,2,11.1068,0.95,step,0
5423,3,10.3328,1.1,step,1
5423,4,9.3012,1.25,step,2

frame,idx,score,alpha,step_norm,z_coarse
5424,0,6.56977,0.65,step,-2
5424,1,9.25748,0.8,step,-1
5424,2,11.1005,0.95,step,0
5424,3,10.3241,1.1,step,1
5424,4,9.29411,1.25,step,2

